Date,RELIANCE.NS,HDFCBANK.NS,ICICIBANK.NS,INFY.NS,TCS.NS,BHARTIARTL.NS,SBIN.NS,ITC.NS,LT.NS,AXISBANK.NS,KOTAKBANK.NS,MARUTI.NS,SUNPHARMA.NS,TITAN.NS,BAJFINANCE.NS,HINDUNILVR.NS,NTPC.NS,M&M.NS,TMPV.NS,POWERGRID.NS,ASIANPAINT.NS,ULTRACEMCO.NS,TECHM.NS,WIPRO.NS,DRREDDY.NS
2023-10-03,1145.263916015625,722.0048828125,917.401611328125,1304.606689453125,3202.85498046875,901.201416015625,571.03955078125,377.4611511230469,2991.88134765625,1038.55810546875,344.0404968261719,10039.5048828125,1110.7794189453125,3165.878662109375,783.1043701171875,2332.1474609375,223.1256561279297,1498.326171875,606.3460693359375,179.34237670898438,3065.680908203125,8039.83251953125,1109.0804443359375,187.4888610839844,1072.2659912109375
2023-10-04,1143.2877197265625,732.2984008789062,907.4012451171876,1314.0228271484375,3224.638916015625,900.1787719726562,555.2234497070312,374.328125,2947.5859375,993.1668701171876,343.04449462890625,9828.90234375,1093.6036376953125,3136.5595703125,771.9439697265625,2368.940185546875,217.52896118164065,1483.4149169921875,599.6517944335938,178.8480682373047,3068.633544921875,7861.65576171875,1098.8670654296875,187.23452758789065,1063.6473388671875
2023-10-05,1143.26318359375,735.2667236328125,917.9381713867188,1331.3992919921875,3271.67236328125,904.6589965820312,560.8111572265625,374.2852478027344,3014.07763671875,1000.8484497070312,345.4748229980469,9906.8173828125,1089.0296630859375,3185.936279296875,771.6343994140625,2379.992431640625,216.3264007568359,1498.862060546875,605.515380859375,176.6911163330078,3103.822265625,7916.4501953125,1099.4140625,188.11312866210935,1061.5760498046875
2023-10-06,1145.18994140625,734.452880859375,922.182373046875,1345.2733154296875,3300.885986328125,901.9319458007812,562.7999877929688,379.5211791992187,3011.789794921875,998.553955078125,347.39715576171875,9995.9853515625,1097.009521484375,3278.2998046875,802.85498046875,2360.958251953125,217.89903259277344,1509.485107421875,608.3006591796875,177.09555053710938,3093.657958984375,7933.875,1109.71875,188.5986785888672,1065.0411376953125
2023-10-09,1135.4324951171875,725.9307861328125,915.7431030273438,1342.31640625,3316.336181640625,900.4710083007812,554.1342163085938,378.0619812011719,2993.292724609375,993.8651733398438,342.4966735839844,9940.4375,1092.873779296875,3236.45166015625,789.0113525390625,2372.19921875,217.1127166748047,1476.6903076171875,603.3165283203125,176.37655639648438,3052.079833984375,7851.2490234375,1105.8431396484375,187.55824279785156,1078.7740478515625
2023-10-10,1140.447021484375,730.0481567382812,928.0362548828124,1360.239013671875,3307.72216796875,923.651123046875,560.337646484375,381.4524536132813,2994.558837890625,1009.8268432617188,349.8275146484375,10066.7705078125,1096.23095703125,3238.13525390625,794.5055541992188,2376.828125,218.2227783203125,1498.7647705078125,616.2164916992188,177.90440368652344,3050.821044921875,7897.91064453125,1119.613037109375,188.5524444580078,1075.5740966796875
2023-10-11,1158.5537109375,737.1099243164062,929.8899536132812,1359.556640625,3290.40380859375,930.7122802734376,557.212158203125,384.7571105957031,3006.92236328125,1016.6605224609376,352.8753356933594,10102.7666015625,1098.4205322265625,3249.327880859375,796.3091430664062,2414.801025390625,220.81297302246097,1516.745849609375,619.5880737304688,178.39869689941406,3062.824951171875,8076.71533203125,1123.1240234375,194.74887084960935,1093.0567626953125
2023-10-12,1160.7027587890625,742.017333984375,931.011962890625,1333.2642822265625,3229.0146484375,925.5990600585938,555.0339965820312,386.860107421875,3000.156494140625,1016.0120849609376,351.3713073730469,10266.552734375,1100.0262451171875,3253.78515625,787.6943359375,2415.367919921875,223.4956817626953,1526.832763671875,622.4710083007812,180.42086791992188,3058.1787109375,8085.18603515625,1093.1673583984375,192.8760681152344,1085.7142333984375
2023-10-13,1160.6534423828125,735.2667236328125,928.1337280273438,1302.0137939453125,3254.809814453125,929.3487548828124,545.6578979492188,384.8429565429687,3007.798583984375,991.6704711914062,351.0028076171875,10408.845703125,1114.52587890625,3252.54736328125,791.3652954101562,2427.128173828125,223.91195678710935,1522.739501953125,651.9356689453125,181.3645477294922,3048.207763671875,8101.88623046875,1088.927001953125,190.07843017578125,1071.971435546875
2023-10-16,1158.059814453125,732.3223266601562,928.2313842773438,1304.7431640625,3212.151611328125,921.8980102539062,545.1844482421875,385.35797119140625,3019.772705078125,1002.3947143554688,348.5625305175781,10386.4814453125,1104.7945556640625,3270.029296875,789.8270874023438,2416.59619140625,225.20703125,1534.531982421875,651.0560913085938,182.48793029785156,3012.631591796875,8027.53759765625,1080.263671875,189.68536376953125,1078.430419921875
2023-10-17,1163.593017578125,737.8759765625,930.6704711914062,1312.294189453125,3196.656494140625,928.8131713867188,545.9420166015625,389.2205505371094,2985.115478515625,1005.6369018554688,352.90521240234375,10431.4052734375,1106.2542724609375,3277.012451171875,795.429443359375,2414.56494140625,227.51971435546875,1536.52978515625,640.7947998046875,186.1727752685547,3014.083984375,8036.44384765625,1092.11865234375,190.24026489257812,1088.4429931640625
2023-10-18,1148.1541748046875,727.6064453125,920.7677001953124,1310.5657958984375,3178.6083984375,928.0339965820312,542.3432006835938,387.675537109375,2964.963623046875,990.4733276367188,349.28961181640625,10467.9365234375,1122.4080810546875,3251.556640625,773.172607421875,2407.102294921875,223.8656768798828,1534.82421875,653.3038330078125,185.58859252929688,2997.52978515625,8014.08056640625,1082.54345703125,188.4136962890625,1114.6229248046875
2023-10-19,1139.33544921875,725.308349609375,912.9624633789062,1304.288330078125,3157.956298828125,918.3917846679688,540.9699096679688,386.60260009765625,2973.5302734375,989.02685546875,346.3114929199219,10451.6845703125,1110.827880859375,3253.438720703125,770.7154541015625,2406.9609375,221.55300903320312,1529.6590576171875,653.5969848632812,184.95947265625,3002.709228515625,8246.662109375,1068.9102783203125,182.79525756835935,1105.4842529296875
2023-10-20,1135.8525390625,729.0667114257812,910.0355224609376,1298.4658203125,3193.505126953125,920.5831909179688,533.298583984375,376.2164916992187,2932.59375,978.0032348632812,352.51678466796875,10407.0029296875,1111.509033203125,3235.163818359375,763.6043701171875,2356.943603515625,222.94061279296875,1518.646240234375,648.124267578125,182.3081970214844,3006.6298828125,8190.9970703125,1067.587890625,181.1999359130859,1093.3905029296875
2023-10-23,1118.1163330078125,721.0473022460938,907.3037109375,1281.544189453125,3116.375244140625,914.8368530273438,523.685791015625,374.156494140625,2879.974853515625,961.99169921875,346.7696533203125,10240.1123046875,1092.289794921875,3189.1552734375,766.5235595703125,2345.939208984375,218.82406616210935,1525.3709716796875,632.6345825195312,179.52212524414062,2973.861328125,8059.53173828125,1054.1370849609375,177.17684936523438,1089.984375
2023-10-25,1115.5225830078125,716.4751586914062,893.7909545898438,1262.560302734375,3098.052490234375,898.57177734375,526.7637329101562,371.40972900390625,2838.892333984375,953.162841796875,344.2397155761719,10274.2666015625,1090.1976318359375,3157.558349609375,756.2575073242188,2340.08251953125,214.6613006591797,1529.220458984375,623.3505249023438,179.2974395751953,2963.01904296875,7992.8310546875,1041.552490234375,176.57571411132812,1082.5042724609375
2023-10-26,1099.9849853515625,700.6278686523438,886.5224609375,1252.791748046875,3049.298828125,881.9171142578125,518.0506591796875,372.8260498046875,2788.755615234375,969.72314453125,337.6260681152344,10114.4599609375,1074.04345703125,3071.33544921875,729.4598388671875,2339.232177734375,214.291259765625,1467.821533203125,612.307373046875,178.80311584472656,2865.7294921875,7943.41015625,1017.2041625976562,174.91099548339844,1064.462158203125
2023-10-27,1119.40087890625,703.3807983398438,890.5225830078125,1272.0521240234375,3062.276123046875,890.7800903320312,531.4517822265625,372.3110046386719,2825.06787109375,1000.349609375,339.1898193359375,10246.953125,1081.4393310546875,3091.04638671875,737.8534545898438,2344.569580078125,218.870361328125,1472.4022216796875,626.477783203125,180.60060119628903,2860.744140625,7948.10595703125,1021.8550415039062,176.8069305419922,1059.6224365234375
2023-10-30,1142.47265625,711.0171508789062,902.376708984375,1269.010986328125,3087.49755859375,902.1267700195312,535.2874145507812,369.47845458984375,2848.87109375,986.8320922851562,342.1380920410156,10088.7958984375,1085.234619140625,3086.836669921875,737.4456176757812,2341.59375,217.0201873779297,1459.732666015625,614.2130737304688,180.51072692871097,2872.3125,8133.4453125,1027.6458740234375,176.64508056640625,1049.4234619140625
2023-10-31,1130.3192138671875,706.8998413085938,893.0592041015625,1261.039794921875,3078.5419921875,890.5853271484375,535.6188354492188,367.71881103515625,2851.49951171875,979.4996337890624,346.500732421875,10083.5556640625,1059.349365234375,3159.341064453125,736.4234008789062,2346.4111328125,218.13026428222656,1421.5289306640625,614.3596801757812,181.67909240722656,2899.99853515625,8153.4365234375,1033.34521484375,176.55258178710938,1053.7821044921875
2023-11-01,1135.0125732421875,705.9421997070312,891.7908325195312,1247.90771484375,3043.72412109375,889.6600341796875,536.4239501953125,367.4613342285156,2818.64306640625,969.4736938476562,343.5126037597656,9923.89453125,1086.2076416015625,3143.24560546875,734.384033203125,2335.31201171875,215.17010498046875,1417.630615234375,613.4312744140625,180.60060119628903,2840.80224609375,8113.93896484375,1026.004150390625,176.15953063964844,1049.6395263671875
2023-11-02,1146.2767333984375,707.0194702148438,897.5472412109375,1262.6524658203125,3070.637451171875,899.7892456054688,541.8222045898438,370.0793151855469,2840.83935546875,980.5969848632812,346.1620788574219,9997.490234375,1102.410400390625,3171.078857421875,732.1429443359375,2366.284912109375,217.6215057373047,1432.3468017578125,621.982421875,182.5328826904297,2860.986083984375,8189.01416015625,1028.2164306640625,177.40806579589844,1048.0787353515625
2023-11-03,1146.0296630859375,710.3707885742188,911.0599365234376,1280.069580078125,3062.229736328125,906.509521484375,547.5520629882812,371.8818054199219,2834.170654296875,986.48291015625,345.275634765625,9971.0009765625,1110.4385986328125,3243.385009765625,728.447509765625,2387.64697265625,218.88243103027344,1431.66455078125,632.7811889648438,183.70123291015625,2887.7509765625,8250.5830078125,1044.439453125,177.36183166503906,1033.26611328125
2023-11-06,1155.564697265625,715.5175170898438,922.4262084960938,1293.2017822265625,3089.05126953125,914.739501953125,543.9531860351562,373.6843872070313,2896.670654296875,1006.9837036132812,346.66009521484375,9979.296875,1119.0994873046875,3236.005859375,743.2444458007812,2376.37109375,220.28341674804688,1450.47412109375,631.3641357421875,187.11642456054688,2937.64404296875,8365.15625,1052.78125,177.87049865722656,1048.000244140625
2023-11-07,1148.0552978515625,712.0464477539062,925.0116577148438,1294.1231689453125,3080.095458984375,912.7428588867188,549.0673828125,371.40972900390625,2882.8955078125,1018.4561767578124,348.861328125,9948.6845703125,1139.4864501953125,3239.125732421875,736.7133178710938,2375.466796875,223.3656005859375,1442.1412353515625,630.3379516601562,186.93667602539065,2941.57177734375,8408.5263671875,1059.09521484375,177.2462158203125,1061.0067138671875
2023-11-08,1154.033203125,714.105224609375,912.9624633789062,1281.86669921875,3090.239501953125,912.3532104492188,549.5882568359375,375.0577392578125,2917.114501953125,1019.2542724609376,347.8653259277344,10015.6337890625,1145.082275390625,3280.3798828125,733.2094116210938,2397.25732421875,221.0772705078125,1449.5970458984375,627.9437255859375,186.03793334960935,3001.59912109375,8421.2080078125,1050.0157470703125,176.73756408691406,1070.6658935546875
2023-11-09,1141.50927734375,711.280517578125,914.5234375,1266.9376220703125,3059.076904296875,908.06787109375,547.741455078125,372.8689270019531,2944.762939453125,1019.4537963867188,347.6063232421875,10091.3671875,1144.595458984375,3252.54736328125,726.010009765625,2356.67431640625,222.2447967529297,1512.6038818359375,634.589111328125,188.55441284179688,2987.00390625,8351.69921875,1036.0052490234375,176.11329650878906,1071.5296630859375
2023-11-10,1143.6583251953125,714.081298828125,915.7431030273438,1261.4544677734375,3046.282958984375,911.1358032226562,548.8306884765625,374.7143859863281,2952.9404296875,1026.736328125,347.7059326171875,10080.1591796875,1147.660888671875,3225.407470703125,731.7203979492188,2366.046875,226.7279357910156,1485.3641357421875,636.25048828125,189.7676696777344,2983.3671875,8432.82421875,1049.0941162109375,175.39651489257812,1065.0411376953125
2023-11-13,1143.51025390625,712.78857421875,911.6941528320312,1265.78564453125,3044.546630859375,910.6488037109376,550.5827026367188,374.2423095703125,2967.78662109375,1022.8955688476562,348.2537841796875,10089.474609375,1146.152587890625,3233.727783203125,723.4693603515625,2358.053955078125,229.48324584960935,1501.103759765625,638.4005126953125,190.80123901367188,2992.240966796875,8400.4423828125,1042.826171875,176.48321533203125,1064.0498046875
2023-11-15,1164.185791015625,720.2573852539062,918.1821899414062,1299.836669921875,3111.029541015625,925.2581787109376,553.7554321289062,379.3495178222656,2983.801025390625,1038.8572998046875,352.49688720703125,10145.412109375,1149.169189453125,3264.63134765625,710.0482788085938,2365.904052734375,230.97767639160156,1504.904541015625,656.2844848632812,188.8689422607422,3021.9150390625,8487.0859375,1081.90869140625,181.10743713378903,1064.0694580078125
2023-11-16,1166.285400390625,722.1484985351562,913.2063598632812,1331.537841796875,3196.52099609375,924.8198852539062,553.7081298828125,376.5169677734375,2970.366455078125,1023.8931884765624,353.16424560546875,10173.0166015625,1157.5869140625,3304.2509765625,723.6265258789062,2370.4716796875,235.69435119628903,1529.6103515625,664.9332885742188,189.8309326171875,3035.5888671875,8494.9755859375,1112.7412109375,183.6276397705078,1088.4725341796875
2023-11-17,1163.7412109375,720.5924682617188,899.4009399414062,1324.764404296875,3200.72412109375,922.62841796875,533.251220703125,377.0319519042969,3026.684814453125,991.9697265625,351.5207824707031,10210.857421875,1162.501220703125,3307.123779296875,709.7239379882812,2406.24951171875,234.9938507080078,1544.27783203125,666.0571899414062,191.93814086914065,3073.020263671875,8510.369140625,1108.639404296875,182.8415069580078,1101.6851806640625
2023-11-20,1160.6781005859375,720.6403198242188,899.0107421875,1323.888916015625,3216.39697265625,936.361328125,533.9141845703125,374.928955078125,3007.019775390625,986.3333129882812,352.7060241699219,10252.337890625,1156.0782470703125,3314.056884765625,694.7451171875,2384.982177734375,234.4801788330078,1512.7498779296875,658.9719848632812,191.75491333007812,3045.33447265625,8385.0498046875,1116.9814453125,185.0611572265625,1100.2322998046875
2023-11-21,1175.2769775390625,726.74462890625,903.5474243164062,1326.100830078125,3207.806884765625,945.565185546875,531.7832641601562,374.4568786621094,2993.439208984375,989.4258422851562,352.0386657714844,10222.162109375,1169.1185302734375,3362.195068359375,698.1409912109375,2383.840576171875,233.4994354248047,1520.108154296875,666.2037963867188,191.43423461914065,3038.44921875,8430.404296875,1110.2525634765625,185.2692413330078,1108.5369873046875
2023-11-22,1179.87158203125,724.1593627929688,900.279052734375,1343.42578125,3226.03759765625,944.4938354492188,529.3682250976562,377.418212890625,3000.69189453125,995.710693359375,347.74578857421875,10182.7685546875,1171.745849609375,3397.259033203125,700.6177978515625,2399.68359375,236.90855407714844,1504.2222900390625,665.7151489257812,193.8621063232422,3038.206787109375,8480.3095703125,1120.2996826171875,185.08425903320312,1112.09033203125
2023-11-23,1183.4781494140625,728.3485717773438,900.52294921875,1335.5465087890625,3206.024658203125,951.2141723632812,530.3153076171875,377.97613525390625,2965.011962890625,996.6585083007812,346.4808044433594,10176.8974609375,1166.58837890625,3376.0126953125,695.2415161132812,2397.78076171875,236.06793212890625,1506.5614013671875,664.4935302734375,193.2207794189453,3028.4609375,8330.595703125,1116.15185546875,186.1247100830078,1108.1837158203125
2023-11-24,1182.6876220703125,733.5191650390625,906.76708984375,1324.6263427734375,3159.281005859375,947.8052978515624,530.694091796875,375.787353515625,2973.384521484375,1006.0858764648438,347.4170837402344,10203.2412109375,1163.3282470703125,3364.67138671875,690.047119140625,2393.308349609375,237.1420440673828,1513.724609375,658.3856811523438,192.80848693847656,3041.26123046875,8283.111328125,1104.122802734375,183.1189727783203,1108.4779052734375
2023-11-28,1182.9346923828125,731.8674926757812,902.9620971679688,1329.5103759765625,3171.20654296875,959.249267578125,534.5771484375,373.5985412597656,2969.2470703125,1018.7056274414062,347.0684814453125,10224.490234375,1159.33837890625,3409.689453125,700.5391235351562,2388.8837890625,240.55113220214844,1526.248046875,681.6445922851562,192.57943725585935,3053.09228515625,8447.9755859375,1108.31689453125,183.5120391845703,1114.299072265625
2023-11-29,1186.047119140625,746.4698486328125,916.7186889648438,1345.0845947265625,3211.051025390625,969.4757690429688,538.5075073242188,375.2723693847656,3002.103271484375,1057.6121826171875,349.29962158203125,10284.357421875,1169.89697265625,3396.7138671875,700.789794921875,2402.68115234375,241.34503173828125,1577.9495849609375,696.156982421875,193.3582000732422,3053.09228515625,8454.025390625,1126.1068115234375,187.8587951660156,1122.0635986328125
2023-11-30,1174.5606689453125,746.30224609375,912.1819458007812,1340.983642578125,3187.15380859375,988.2730712890624,534.8612670898438,374.0706787109375,3026.87939453125,1071.6783447265625,349.697998046875,10293.52734375,1192.911376953125,3457.431640625,699.9838256835938,2422.187744140625,244.0536193847656,1605.8714599609375,690.3423461914062,191.43423461914065,3025.5029296875,8716.2802734375,1125.4154052734375,191.0032501220703,1136.3560791015625
2023-12-01,1182.8853759765625,744.6744384765625,923.6458129882812,1338.3572998046875,3209.1318359375,988.2730712890624,541.4907836914062,386.0875854492187,3106.1728515625,1102.0057373046875,348.7119445800781,10271.2099609375,1198.166259765625,3456.341796875,713.4932861328125,2439.41064453125,251.19873046875,1584.18701171875,689.4139404296875,192.57943725585935,3077.38427734375,8745.515625,1125.046630859375,188.5061798095703,1128.74853515625
2023-12-04,1195.6810302734375,770.5279541015625,967.0621337890624,1349.4617919921875,3209.86279296875,1005.9990844726562,563.2261962890625,389.735595703125,3225.8193359375,1122.905517578125,362.2679748535156,10284.5517578125,1198.0692138671875,3455.25244140625,728.0691528320312,2476.187255859375,256.66259765625,1614.7403564453125,689.5604858398438,195.0531005859375,3097.894775390625,9020.3544921875,1128.1346435546875,188.4136962890625,1130.044189453125
2023-12-05,1204.3514404296875,777.374267578125,988.7703857421876,1339.877685546875,3227.36376953125,1004.2460327148438,576.0590209960938,387.7613830566406,3227.668701171875,1129.739013671875,364.2401123046875,10403.3642578125,1206.2431640625,3511.61181640625,722.3831787109375,2439.029541015625,266.6097106933594,1643.1982421875,692.8343505859375,203.66514587402344,3128.635009765625,9031.970703125,1125.0927734375,186.9801788330078,1134.05908203125
2023-12-06,1215.887451171875,779.3372192382812,978.8186645507812,1358.6312255859375,3293.61767578125,997.7691040039062,576.2484741210938,397.6324157714844,3302.484130859375,1117.8177490234375,362.835693359375,10310.0693359375,1207.021728515625,3513.196533203125,729.980712890625,2443.216796875,262.5467834472656,1659.132568359375,706.0274658203125,205.589111328125,3154.1396484375,8918.9482421875,1129.332763671875,193.6390686035156,1125.008544921875
2023-12-07,1213.886474609375,780.60595703125,974.6721801757812,1350.89013671875,3303.48681640625,973.9559936523438,579.3264770507812,393.2119140625,3266.755859375,1115.174072265625,363.9213562011719,10378.8642578125,1206.000244140625,3551.330810546875,726.4522705078125,2396.2109375,265.0685729980469,1649.63037109375,705.538818359375,210.71966552734375,3153.412353515625,9055.978515625,1127.5355224609375,193.40785217285156,1135.75732421875
2023-12-08,1213.244140625,791.4979248046875,986.2335815429688,1374.1593017578125,3314.270263671875,974.1994018554688,581.6468505859375,385.5296630859375,3289.00048828125,1128.4920654296875,366.2322082519531,10303.0830078125,1202.5941162109375,3600.112548828125,718.235595703125,2400.064453125,266.236083984375,1626.1429443359375,698.3070068359375,209.43704223632812,3134.21142578125,9113.0966796875,1129.425048828125,195.41940307617188,1131.59521484375
2023-12-11,1215.022705078125,790.4447021484375,992.3314208984376,1371.717041015625,3329.07470703125,974.7838134765624,581.7415771484375,388.3622131347656,3296.15625,1113.827392578125,367.3477478027344,10228.5654296875,1208.043701171875,3596.00244140625,716.7760009765625,2382.318115234375,268.33758544921875,1610.2083740234375,704.4149780273438,211.5900421142578,3135.18115234375,9362.2333984375,1136.799072265625,194.49456787109375,1074.5826416015625
2023-12-12,1197.5830078125,782.5928344726562,990.9654541015624,1360.243896484375,3355.759521484375,969.3297119140624,579.989501953125,388.920166015625,3253.9052734375,1128.292724609375,363.4233703613281,10031.2578125,1185.2723388671875,3537.463623046875,718.918701171875,2381.4619140625,264.6949462890625,1593.83544921875,699.1377563476562,211.95648193359375,3127.1806640625,9548.685546875,1130.20849609375,195.2344207763672,1087.7069091796875
2023-12-13,1202.4739990234375,780.8214111328125,989.2093505859376,1335.316162109375,3283.975830078125,973.858642578125,587.0451049804688,391.10894775390625,3309.78564453125,1112.18115234375,363.7919006347656,10071.6689453125,1199.9666748046875,3568.119873046875,713.3605346679688,2390.16845703125,274.6420593261719,1623.803955078125,703.9263305664062,217.08706665039065,3145.508544921875,9428.3046875,1120.9449462890625,194.0552673339844,1099.152587890625
2023-12-14,1217.39404296875,790.0377197265625,1008.4783325195312,1383.651123046875,3351.3271484375,979.0205688476562,590.6441040039062,394.9286193847656,3342.203857421875,1117.767822265625,369.2999877929687,10045.6181640625,1198.215087890625,3557.273681640625,734.6100463867188,2394.40283203125,275.9029846191406,1660.25341796875,703.3887939453125,212.6436462402344,3143.278564453125,9645.30078125,1165.7420654296875,200.87596130371097,1094.1856689453125
2023-12-15,1232.9317626953125,793.1018676757812,1012.1370849609376,1454.5638427734375,3528.386474609375,966.7000122070312,613.942138671875,393.2977600097656,3395.650146484375,1117.6680908203125,368.6525573730469,9980.802734375,1202.54541015625,3566.3369140625,738.625,2400.63525390625,284.9627380371094,1681.109375,715.7513427734375,217.45355224609375,3213.633544921875,9709.3388671875,1203.90283203125,206.494384765625,1097.346435546875
2023-12-18,1245.4803466796875,792.6948852539062,996.5755004882812,1441.6160888671875,3526.7412109375,964.4598999023438,614.1788330078125,387.675537109375,3399.15478515625,1108.6895751953125,367.9254760742187,10013.0146484375,1219.088623046875,3585.205810546875,745.7557373046875,2412.624755859375,283.18817138671875,1667.319091796875,714.1876220703125,212.4145965576172,3231.234375,9652.125,1190.6756591796875,205.8932342529297,1097.660400390625
2023-12-19,1263.8094482421875,791.354248046875,990.7216186523438,1436.040771484375,3487.44580078125,962.706787109375,620.7137451171875,391.4952392578125,3406.310302734375,1117.568359375,367.84576416015625,9929.5703125,1211.4981689453125,3576.142578125,750.1834716796875,2436.603515625,289.2123718261719,1656.16015625,712.3796997070312,213.9720916748047,3235.113037109375,9697.3828125,1181.181396484375,202.86439514160156,1106.7698974609375
2023-12-20,1248.518798828125,793.3172607421875,982.1359252929688,1415.8590087890625,3454.409912109375,946.2468872070312,602.7666625976562,387.11761474609375,3327.990478515625,1107.59228515625,363.8516540527344,9781.74609375,1199.0423583984375,3520.328369140625,736.5511474609375,2433.55859375,278.00445556640625,1605.091796875,689.2184448242188,208.10858154296875,3197.39013671875,9571.87109375,1150.90185546875,199.74302673339844,1095.3243408203125
2023-12-21,1266.008056640625,807.5365600585938,979.940673828125,1415.490234375,3461.2177734375,952.4315795898438,609.6802368164062,387.5038757324219,3333.490966796875,1092.7779541015625,369.0709228515625,9715.3779296875,1200.3558349609375,3545.98193359375,724.0885009765625,2429.467041015625,282.0206298828125,1592.32470703125,692.736572265625,212.8726806640625,3203.0146484375,9636.7333984375,1152.2845458984375,200.6909942626953,1090.4847412109375
2023-12-22,1267.2430419921875,799.9481201171875,970.0866088867188,1440.2799072265625,3494.573486328125,963.778076171875,603.0507202148438,390.7226867675781,3385.8662109375,1085.6949462890625,370.6247253417969,9913.609375,1210.2332763671875,3592.88232421875,717.0266723632812,2450.78125,282.8145446777344,1592.714599609375,708.226318359375,212.3229827880859,3240.204345703125,9650.818359375,1175.37451171875,213.9393768310547,1104.8558349609375
2023-12-26,1273.66552734375,805.5018310546875,970.8671875,1422.816650390625,3468.57470703125,973.809814453125,604.2819213867188,391.795654296875,3397.64599609375,1091.630615234375,375.8738403320313,9965.5205078125,1213.9796142578125,3621.953369140625,703.95458984375,2459.488037109375,289.16571044921875,1620.0029296875,703.193359375,213.78884887695312,3280.982177734375,9698.8837890625,1181.6884765625,217.38442993164065,1105.7296142578125
2023-12-27,1278.01318359375,815.4841918945312,977.8430786132812,1444.150390625,3482.876220703125,994.6038208007812,614.2262573242188,392.35357666015625,3450.16748046875,1103.70166015625,378.9615478515625,9982.83984375,1218.796630859375,3654.194091796875,710.8837890625,2481.896484375,285.8500061035156,1645.0498046875,724.0580444335938,214.43016052246097,3301.443603515625,10103.0087890625,1179.9832763671875,217.77748107910156,1121.896728515625
2023-12-28,1287.2518310546875,816.417724609375,981.4041748046876,1440.0494384765625,3472.550048828125,1009.7000732421876,616.9254760742188,398.362060546875,3424.904541015625,1105.197998046875,382.7464294433594,9966.4404296875,1228.2359619140625,3679.79833984375,713.4244384765625,2506.1611328125,293.18194580078125,1690.367919921875,736.7625732421875,219.0568389892578,3294.461181640625,10093.521484375,1185.329345703125,217.0838623046875,1150.1773681640625
2023-12-29,1277.074462890625,818.332763671875,972.33056640625,1421.8489990234375,3466.609375,1005.3172607421876,608.0701904296875,396.6452941894531,3432.64404296875,1099.6612548828125,380.1069641113281,9996.27734375,1225.6085205078125,3640.52490234375,720.216064453125,2534.849609375,290.6134338378906,1685.4462890625,762.2203369140625,217.3161163330078,3299.45556640625,10167.822265625,1173.0701904296875,217.93931579589844,1138.2701416015625
2024-01-01,1279.69287109375,812.9945678710938,975.0624389648438,1429.6361083984375,3482.785400390625,986.6660766601562,607.4072265625,401.7525329589844,3432.108642578125,1095.0721435546875,380.3161315917969,9977.7939453125,1226.38720703125,3642.208740234375,717.395263671875,2526.095458984375,289.3057861328125,1660.009765625,772.6282348632812,218.278076171875,3293.346435546875,10130.01953125,1195.653076171875,220.6444854736328,1142.932861328125
2024-01-02,1290.2900390625,813.4732666015625,958.330078125,1414.015869140625,3457.288330078125,995.0908203125,605.60791015625,403.7267456054687,3347.071533203125,1090.633056640625,371.5310974121094,9894.78515625,1261.3709716796875,3663.1083984375,730.2706298828125,2487.13037109375,285.8033142089844,1614.106689453125,766.5692138671875,217.91162109375,3288.739990234375,9878.9951171875,1178.093505859375,216.96824645996097,1163.57666015625
2024-01-03,1276.25927734375,800.9295654296875,960.0862426757812,1373.099365234375,3373.717041015625,1008.2391967773438,609.3961791992188,409.6494140625,3349.261962890625,1095.97021484375,371.7004089355469,9778.25390625,1263.706787109375,3657.957763671875,725.8232421875,2480.2314453125,285.9901428222656,1613.180908203125,763.686279296875,217.17869567871097,3271.527099609375,9788.818359375,1146.8463134765625,210.8180389404297,1164.5777587890625
2024-01-04,1282.854736328125,809.5234985351562,963.1107788085938,1394.018310546875,3350.91552734375,1020.6083984375,608.7332153320312,408.9197998046875,3367.126220703125,1120.7109375,371.2422790527344,9717.7548828125,1277.6710205078125,3684.354736328125,757.3485107421875,2466.909912109375,296.17071533203125,1599.975341796875,777.6612548828125,221.2098388671875,3277.684814453125,9695.1572265625,1149.8878173828125,209.19955444335935,1146.9674072265625
2024-01-05,1288.3138427734375,805.3821411132812,969.501220703125,1412.31103515625,3415.89013671875,1019.3423461914062,607.9755249023438,406.81683349609375,3428.65283203125,1134.2283935546875,368.0549011230469,9719.4052734375,1265.263671875,3677.2724609375,757.89892578125,2493.0771484375,294.1625671386719,1600.2677001953125,772.9703369140625,221.026611328125,3254.023193359375,9696.3662109375,1150.6253662109375,211.14175415039065,1145.681640625
2024-01-08,1278.26025390625,796.4052734375,958.086181640625,1403.3260498046875,3361.42529296875,1021.7285766601562,593.8167114257812,399.563720703125,3408.403564453125,1119.3140869140625,363.7720031738281,9651.1943359375,1270.2266845703125,3670.834228515625,760.34130859375,2453.302978515625,295.5635986328125,1575.0745849609375,771.162353515625,222.03439331054688,3198.602294921875,9617.419921875,1132.7894287109375,208.2515869140625,1131.0946044921875
2024-01-09,1274.8759765625,790.2052001953125,955.8909301757812,1409.316162109375,3372.026123046875,1036.776123046875,592.3014526367188,398.748291015625,3461.801025390625,1113.8773193359375,363.8815612792969,9726.2939453125,1288.424072265625,3658.89892578125,759.3043823242188,2454.730224609375,298.64581298828125,1588.47509765625,781.6190795898438,221.98858642578125,3168.63720703125,9583.1494140625,1138.9652099609375,208.4365692138672,1128.8270263671875
2024-01-10,1309.261474609375,792.8145141601562,968.8670654296876,1400.6534423828125,3393.181884765625,1035.02294921875,588.8446044921875,397.67535400390625,3451.6279296875,1104.35009765625,362.7162170410156,9712.8076171875,1289.2513427734375,3679.154541015625,754.891357421875,2452.494140625,292.6681823730469,1591.301513671875,790.072509765625,219.1026306152344,3187.40185546875,9464.1728515625,1143.8045654296875,209.75445556640625,1136.1695556640625
2024-01-11,1343.696044921875,789.4871215820312,967.0133666992188,1376.9697265625,3413.742919921875,1035.1690673828125,587.3766479492188,397.1174621582031,3412.05419921875,1123.05517578125,363.12457275390625,9713.6806640625,1280.88232421875,3663.455078125,753.8298950195312,2413.29052734375,292.24786376953125,1587.257080078125,797.1088256835938,221.66793823242188,3188.7109375,9603.818359375,1151.6392822265625,207.25738525390625,1117.5677490234375
2024-01-12,1354.39208984375,785.752685546875,979.0626220703124,1486.2188720703125,3548.308349609375,1048.3173828125,600.0674438476562,400.5937805175781,3474.311279296875,1117.6680908203125,365.1962890625,9669.5810546875,1290.3216552734375,3690.5947265625,752.9747924804688,2420.712646484375,292.01446533203125,1583.1636962890625,797.8906860351562,219.42332458496097,3178.625732421875,9495.392578125,1205.7003173828125,215.2341766357422,1116.861083984375
2024-01-15,1377.51318359375,800.8817138671875,985.2579345703124,1522.4815673828125,3567.49951171875,1073.6890869140625,606.223388671875,401.36627197265625,3449.242919921875,1116.8201904296875,368.8318176269531,9787.228515625,1293.6304931640625,3723.1328125,734.9834594726562,2448.497802734375,296.3575134277344,1593.981689453125,793.9816284179688,220.93499755859375,3174.843505859375,9636.8291015625,1232.9842529296875,228.71376037597656,1135.3941650390625
2024-01-16,1358.24560546875,803.921875,984.4774780273438,1503.5438232421875,3528.660400390625,1067.3582763671875,603.1927490234375,405.4005737304687,3478.88671875,1116.421142578125,368.1346435546875,9881.0078125,1278.1575927734375,3783.99853515625,732.8851318359375,2444.5966796875,290.9403381347656,1579.1678466796875,800.2360229492188,219.01104736328125,3197.147705078125,9651.3984375,1217.0838623046875,224.2745056152344,1130.4664306640625
2024-01-17,1345.3509521484375,736.1045532226562,957.84228515625,1511.5150146484375,3549.953125,1056.98583984375,592.8696899414062,400.5079040527344,3476.404052734375,1079.7093505859375,354.518798828125,9753.07421875,1264.095947265625,3793.656005859375,723.272705078125,2438.69677734375,288.885498046875,1557.0936279296875,787.2384643554688,219.14846801757812,3144.19970703125,9540.1181640625,1222.93701171875,223.07220458984375,1109.2239990234375
2024-01-18,1351.650146484375,711.5198974609375,962.3302001953124,1513.7269287109375,3566.40283203125,1058.7388916015625,595.0479125976562,399.563720703125,3500.790771484375,1094.8729248046875,354.04071044921875,9629.6533203125,1299.8583984375,3699.212158203125,714.1026611328125,2424.51904296875,279.5455627441406,1576.146728515625,800.4315795898438,213.88047790527344,3068.12353515625,9576.517578125,1249.1148681640625,223.18780517578125,1109.2239990234375
2024-01-19,1351.1561279296875,704.0989990234375,974.8673095703124,1529.0244140625,3628.471435546875,1095.700439453125,594.5270385742188,404.7138366699219,3549.467041015625,1113.8773193359375,351.4609680175781,9739.490234375,1299.71240234375,3774.39111328125,719.3657836914062,2441.07568359375,288.0916442871094,1613.4732666015625,804.8292236328125,215.6669921875,3070.063232421875,9771.5380859375,1281.1456298828125,224.2976226806641,1112.806884765625
2024-01-23,1312.7442626953125,683.3683471679688,1003.9904174804688,1513.312255859375,3550.4365234375,1127.841064453125,573.07568359375,394.241943359375,3456.982421875,1086.6427001953125,355.4849548339844,9567.505859375,1341.26513671875,3704.11474609375,694.9515380859375,2260.426025390625,282.62774658203125,1554.6571044921875,782.2543334960938,218.00323486328125,2962.27587890625,9517.22265625,1259.7149658203125,217.2919464111328,1114.0240478515625
2024-01-24,1327.8619384765625,697.0371704101562,974.8673095703124,1543.95361328125,3535.299072265625,1158.9588623046875,585.5772094726562,397.9328918457031,3494.170654296875,1056.6146240234375,356.3017272949219,9691.4609375,1344.9630126953125,3732.04736328125,693.43798828125,2323.32275390625,288.4652404785156,1586.720947265625,792.4668579101562,225.56167602539065,2908.697265625,9671.6318359375,1297.7833251953125,221.53211975097656,1158.7274169921875
2024-01-25,1336.952392578125,686.9830932617188,985.3555297851562,1538.147705078125,3506.31201171875,1130.3245849609375,580.3209228515625,391.10894775390625,3498.308349609375,1039.7550048828125,352.2777404785156,9587.4462890625,1331.533935546875,3734.37451171875,696.40625,2310.6201171875,293.9758605957031,1593.932861328125,793.3952026367188,224.9203338623047,2859.968017578125,9651.15625,1218.6048583984375,217.80169677734375,1149.57861328125
2024-01-29,1430.795654296875,696.438720703125,991.6484375,1526.6285400390625,3497.75390625,1131.8829345703125,589.9810791015625,386.0875854492187,3609.825439453125,1058.70947265625,363.134521484375,9694.56640625,1363.209228515625,3829.908203125,706.8392333984375,2325.939453125,303.12896728515625,1598.318603515625,821.882568359375,232.66200256347656,2886.00537109375,9946.1328125,1211.50732421875,219.19190979003903,1147.261962890625
2024-01-30,1390.852294921875,691.4834594726562,992.1363525390624,1521.8824462890625,3497.340576171875,1128.47412109375,593.5800170898438,376.001953125,3537.103271484375,1051.57666015625,363.27398681640625,9655.9970703125,1334.89111328125,3700.252197265625,670.0360717773438,2339.498779296875,294.629638671875,1579.1678466796875,839.3268432617188,232.7994384765625,2864.7197265625,9645.5908203125,1214.7332763671875,218.9601898193359,1146.721923828125
2024-01-31,1409.6259765625,700.2210083007812,1003.1123657226562,1530.5911865234375,3511.51123046875,1140.210205078125,606.602294921875,379.0061645507813,3387.618896484375,1065.1939697265625,363.6026611328125,9884.2578125,1380.3363037109375,3662.4150390625,674.5277099609375,2361.289306640625,296.5443115234375,1609.5750732421875,864.1005859375,237.56350708007812,2868.356201171875,9842.837890625,1229.297119140625,221.5784454345703,1201.732177734375
2024-02-01,1409.650634765625,702.040283203125,1000.1854248046876,1527.043212890625,3546.663818359375,1121.218017578125,613.3739013671875,380.1649475097656,3308.033203125,1081.654541015625,363.1046447753906,10321.9072265625,1370.1181640625,3592.98095703125,662.7727661132812,2353.724365234375,300.74725341796875,1609.18505859375,858.5301513671875,243.5186462402344,2840.71875,9605.6083984375,1209.802001953125,218.42730712890625,1176.6026611328125
2024-02-02,1440.33056640625,692.3692016601562,999.0633544921876,1560.4951171875,3649.86669921875,1120.8284912109375,615.26806640625,377.7615661621094,3286.664306640625,1064.495849609375,363.1444396972656,10338.888671875,1378.5845947265625,3578.073974609375,673.0927124023438,2333.7421875,310.55426025390625,1618.5411376953125,858.7744140625,253.87139892578125,2847.4580078125,9776.2333984375,1233.3988037109375,223.89549255371097,1185.7022705078125
2024-02-05,1421.878173828125,691.746826171875,998.5755615234376,1554.82763671875,3656.30810546875,1084.548828125,608.922607421875,376.001953125,3253.2724609375,1058.9591064453125,360.2360534667969,10118.7275390625,1424.4677734375,3518.2978515625,649.4942626953125,2302.24658203125,313.91668701171875,1660.25341796875,905.7322387695312,259.1852111816406,2829.08154296875,9599.8486328125,1228.4674072265625,223.5247802734375,1196.4903564453125
2024-02-06,1410.7869873046875,691.3876953125,1001.4049682617188,1593.7628173828125,3806.027587890625,1104.5147705078125,615.8363037109375,370.29388427734375,3333.58837890625,1047.5364990234375,355.98297119140625,10522.66015625,1435.4639892578125,3525.330078125,648.5064086914062,2308.764404296875,315.1899108886719,1683.7408447265625,918.1923828125,251.26028442382812,2842.270263671875,9728.0234375,1245.3355712890625,231.5417327880859,1210.6551513671875
2024-02-07,1424.966064453125,684.6130981445312,997.2584228515624,1560.86376953125,3757.6240234375,1104.7581787109375,639.51318359375,370.63720703125,3304.820556640625,1066.5408935546875,357.0985412597656,10610.8125,1455.9969482421875,3542.515380859375,659.421142578125,2307.90771484375,311.88897705078125,1677.2598876953125,912.5730590820312,245.4884033203125,2890.951171875,9900.099609375,1214.8717041015625,229.4795837402344,1213.2366943359375
2024-02-08,1432.845947265625,671.7343139648438,965.2083740234376,1559.34326171875,3804.27978515625,1112.40380859375,662.527099609375,361.260986328125,3247.18798828125,1033.4202880859375,344.56842041015625,10424.7099609375,1459.3057861328125,3515.375732421875,646.2950439453125,2299.914794921875,312.07757568359375,1643.0518798828125,903.2890625,253.04684448242188,2840.9609375,9678.5546875,1206.8062744140625,226.5369415283203,1209.369140625
2024-02-09,1443.3443603515625,671.9976196289062,986.0872802734376,1538.3780517578125,3803.91162109375,1091.07421875,686.8670043945312,362.0888366699219,3236.528076171875,1048.8831787109375,347.1083068847656,10413.98828125,1502.073974609375,3557.471923828125,654.0448608398438,2306.6708984375,306.4188537597656,1604.555908203125,894.2005004882812,250.11505126953125,2862.343505859375,9628.310546875,1208.465576171875,227.27838134765625,1208.544677734375
2024-02-12,1435.04443359375,665.4863891601562,971.8427734375,1548.2847900390625,3791.94873046875,1089.5645751953125,670.4352416992188,354.55078125,3212.189697265625,1044.1943359375,340.5544128417969,10391.5263671875,1501.7313232421875,3551.18212890625,645.6561889648438,2270.03662109375,298.1665954589844,1618.2486572265625,890.877685546875,247.6414337158203,2864.4287109375,9645.8330078125,1215.609130859375,232.37586975097656,1243.421630859375
2024-02-13,1447.6424560546875,667.616943359375,994.9656372070312,1552.3856201171875,3818.451171875,1088.7366943359375,675.6915283203125,354.4636535644531,3233.55859375,1068.186767578125,346.0525207519531,10473.806640625,1509.316162109375,3526.12255859375,649.0470581054688,2277.982177734375,303.2594299316406,1604.89697265625,886.2846069335938,247.59559631347656,2881.6904296875,9537.9404296875,1224.50390625,237.0794677734375,1243.784912109375
2024-02-14,1463.7236328125,662.6377563476562,997.7950439453124,1535.475341796875,3772.99169921875,1086.7886962890625,704.056396484375,358.6466369628906,3221.3896484375,1094.224365234375,348.40313720703125,10700.3212890625,1487.981201171875,3551.4794921875,653.2586059570312,2272.225341796875,309.3425598144531,1614.935302734375,897.4254760742188,250.71060180664065,2886.344970703125,9475.4013671875,1191.7357177734375,238.42333984375,1228.66796875
2024-02-15,1453.076904296875,677.0007934570312,991.892333984375,1544.828857421875,3775.8447265625,1091.512451171875,721.387939453125,351.9800109863281,3212.920166015625,1069.63330078125,346.4708557128906,10760.76953125,1477.704833984375,3587.63232421875,650.5950927734375,2236.92333984375,319.9526672363281,1720.1904296875,899.624267578125,262.3542175292969,2925.2802734375,9501.0556640625,1198.6025390625,240.2769775390625,1227.548828125
2024-02-16,1443.1712646484375,679.8015747070312,998.3316650390624,1568.1439208984375,3798.94189453125,1090.8306884765625,714.7583618164062,352.5900573730469,3297.0810546875,1066.191650390625,345.67401123046875,11042.30078125,1477.75390625,3620.66552734375,650.5753173828125,2260.140625,318.5379638671875,1788.898681640625,917.2639770507812,255.74066162109375,2916.891845703125,9599.7041015625,1200.630615234375,251.63047790527344,1240.2117919921875
2024-02-19,1456.4364013671875,678.4609985351562,1018.3323974609376,1566.39306640625,3776.396240234375,1112.4525146484375,719.0675659179688,356.6423034667969,3251.4228515625,1060.4056396484375,344.90704345703125,11142.19140625,1497.4742431640625,3659.93896484375,659.7749633789062,2271.4638671875,319.4810485839844,1801.5682373046875,911.4003295898438,257.4173583984375,2907.388671875,9586.150390625,1207.4976806640625,248.3634490966797,1259.84423828125
2024-02-20,1453.4969482421875,696.2711181640625,1023.2106323242188,1553.0306396484375,3709.082275390625,1114.1568603515625,719.87255859375,353.8972473144531,3267.875244140625,1085.994140625,351.1023864746094,11106.388671875,1505.8907470703125,3651.668212890625,664.7678833007812,2287.592529296875,326.0357666015625,1806.53857421875,905.2924194335938,268.176025390625,2920.5283203125,9660.451171875,1217.22216796875,246.50982666015625,1251.7655029296875
2024-02-21,1450.2115478515625,689.017822265625,1026.3326416015625,1525.660888671875,3673.05615234375,1110.21240234375,730.6692504882812,351.500732421875,3209.123046875,1081.604736328125,347.83544921875,11125.2109375,1510.4906005859375,3621.6064453125,657.4161376953125,2290.447265625,316.9818115234375,1812.3861083984375,900.1129150390625,260.91046142578125,2910.9765625,9650.23828125,1195.14599609375,241.62088012695312,1246.494140625
2024-02-22,1464.0941162109375,679.6339721679688,1036.8209228515625,1549.4366455078125,3761.029296875,1105.9757080078125,725.3656616210938,361.1738586425781,3274.68994140625,1098.2646484375,343.5823669433594,11311.4580078125,1524.828125,3617.34765625,656.0548095703125,2272.3681640625,320.2355651855469,1861.7974853515625,911.107177734375,263.2391357421875,2926.10400390625,9643.267578125,1224.1812744140625,246.09274291992188,1249.3997802734375
2024-02-23,1475.82763671875,680.13671875,1035.4552001953125,1545.2896728515625,3728.8212890625,1096.430908203125,718.8781127929688,358.5159606933594,3298.2490234375,1094.174560546875,343.43292236328125,11192.888671875,1527.9599609375,3656.868408203125,658.3056030273438,2278.0771484375,318.5379638671875,1880.8990478515625,916.0912475585938,262.6336669921875,2895.60595703125,9681.701171875,1218.7891845703125,248.4561309814453,1264.75244140625
2024-02-26,1469.6025390625,680.9506225585938,1028.52783203125,1529.9000244140625,3681.84423828125,1081.1397705078125,718.7361450195312,356.5987243652344,3378.272705078125,1082.6021728515625,339.906982421875,11126.3271484375,1523.7515869140625,3588.078125,652.9391479492188,2287.7353515625,318.3965148925781,1880.7530517578125,915.6514892578124,268.0828857421875,2781.6611328125,9613.111328125,1196.6669921875,246.95005798339844,1264.4775390625
2024-02-27,1467.9476318359375,679.9212646484375,1034.3818359375,1533.079345703125,3776.948486328125,1098.1353759765625,710.1649780273438,358.2980651855469,3413.61181640625,1076.467041015625,339.9966125488281,11158.9775390625,1549.0015869140625,3619.130615234375,644.3882446289062,2288.734375,316.9818115234375,1901.0244140625,940.8162231445312,272.46087646484375,2773.030517578125,9633.4892578125,1194.63916015625,246.27810668945312,1266.2149658203125
2024-02-28,1438.2802734375,674.7744750976562,1020.72265625,1540.12890625,3790.338134765625,1099.352783203125,703.2039794921875,355.8144226074219,3378.3212890625,1071.628662109375,335.3849792480469,10821.4609375,1540.291259765625,3560.54248046875,638.73193359375,2304.197021484375,314.341064453125,1853.318603515625,936.2717895507812,260.3980712890625,2709.80322265625,9492.00390625,1185.2373046875,239.90625,1261.9842529296875
2024-02-29,1443.393798828125,671.9019165039062,1026.57666015625,1542.5711669921875,3768.390625,1094.0933837890625,708.5076904296875,354.07147216796875,3385.47705078125,1072.5264892578125,336.55035400390625,10952.984375,1544.303955078125,3589.9599609375,638.4026489257812,2295.395263671875,316.51025390625,1883.2869873046875,928.6002807617188,263.4720458984375,2736.51953125,9576.6640625,1174.1761474609375,240.3232879638672,1261.2381591796875
2024-03-01,1474.345458984375,684.9961547851562,1060.431640625,1524.87744140625,3767.70068359375,1099.30419921875,728.443603515625,356.8601379394531,3537.298095703125,1096.6187744140625,344.1700134277344,11275.7041015625,1526.0025634765625,3730.11572265625,645.8822631835938,2292.92138671875,323.96087646484375,1922.8062744140625,955.1819458007812,267.98974609375,2746.0712890625,9812.00390625,1172.2867431640625,240.55499267578125,1215.946044921875
2024-03-04,1489.4384765625,685.9297485351562,1065.748779296875,1508.75048828125,3755.139404296875,1103.9791259765625,731.1901245117188,356.5115661621094,3547.957763671875,1104.1005859375,344.0704040527344,11249.7001953125,1519.0050048828125,3696.933837890625,648.9291381835938,2304.625244140625,333.72216796875,1872.2254638671875,964.75927734375,274.46356201171875,2746.0712890625,9659.91796875,1179.8912353515625,241.2037811279297,1243.73583984375
2024-03-05,1482.32421875,689.8316650390625,1061.5537109375,1480.4591064453125,3692.012939453125,1138.4571533203125,742.4603881835938,353.9407958984375,3516.951416015625,1098.1650390625,341.7795715332031,11323.8779296875,1540.6339111328125,3715.109619140625,621.5859375,2283.548583984375,337.87188720703125,1889.962890625,998.67041015625,274.7896423339844,2735.064697265625,9524.337890625,1172.9317626953125,237.86724853515625,1237.49267578125
2024-03-06,1485.0909423828125,690.6694946289062,1070.3831787109375,1490.642333984375,3740.048095703125,1162.6112060546875,742.4130249023438,355.4222412109375,3545.767822265625,1122.306884765625,350.55462646484375,11223.4052734375,1569.7982177734375,3774.53955078125,620.30810546875,2284.45263671875,331.93023681640625,1920.56494140625,994.5170288085938,273.5787048339844,2741.75634765625,9333.3349609375,1171.5491943359375,237.79774475097656,1239.7210693359375
2024-03-07,1461.3028564453125,692.34521484375,1061.4560546875,1489.6285400390625,3780.813720703125,1168.4549560546875,746.3433227539062,360.3895263671875,3579.59765625,1108.7894287109375,348.223876953125,11168.09765625,1571.4622802734375,3750.915771484375,631.0999755859375,2302.294189453125,332.16595458984375,1849.3228759765625,1015.6749877929688,272.60064697265625,2783.697509765625,9364.4111328125,1187.3572998046875,238.88673400878903,1241.5860595703125
2024-03-11,1449.12451171875,683.5838623046875,1052.43115234375,1475.0220947265625,3793.467041015625,1165.4356689453125,732.7528076171875,356.77301025390625,3544.210205078125,1102.4547119140625,344.5584716796875,11057.0,1559.6202392578125,3714.51513671875,632.3482666015625,2274.033203125,328.15777587890625,1846.2039794921875,1004.6317749023438,265.9870300292969,2789.806884765625,9388.3720703125,1188.1407470703125,238.44650268554688,1254.0133056640625
2024-03-12,1457.844482421875,698.7847290039062,1050.6263427734375,1486.4031982421875,3857.790283203125,1172.886474609375,719.4937744140625,352.4593200683594,3525.76171875,1094.3740234375,342.7058410644531,11167.953125,1550.5185546875,3713.177978515625,632.5742797851562,2262.900146484375,325.1397399902344,1846.98388671875,993.3931274414062,265.61444091796875,2789.1279296875,9308.6005859375,1191.1826171875,236.7318878173828,1237.2669677734375
2024-03-13,1415.10986328125,699.191650390625,1057.5533447265625,1484.974609375,3817.990966796875,1138.31103515625,707.7025756835938,368.1455078125,3444.862060546875,1077.8138427734375,344.53851318359375,11051.7607421875,1525.3665771484375,3591.247802734375,634.5499267578125,2200.52685546875,304.1553955078125,1806.587158203125,951.0775146484376,246.19285583496097,2773.612060546875,9287.3515625,1177.2640380859375,233.7429046630859,1237.5908203125
2024-03-14,1414.418212890625,696.8217163085938,1057.2119140625,1523.58740234375,3871.914794921875,1163.4876708984375,701.8307495117188,365.7054138183594,3512.66796875,1055.7166748046875,347.0983581542969,11065.78125,1536.7191162109375,3605.560546875,628.780517578125,2221.4609375,303.5423889160156,1842.500732421875,945.7513427734376,248.10243225097656,2804.74072265625,9387.451171875,1192.150390625,240.0220947265625,1235.7847900390625
2024-03-15,1401.3260498046875,695.481201171875,1054.0411376953125,1505.801513671875,3882.63623046875,1188.226318359375,693.1650390625,365.2261047363281,3443.4990234375,1043.8951416015625,346.2816467285156,11135.69140625,1515.188232421875,3598.676513671875,640.2700805664062,2214.895263671875,298.3080749511719,1753.7646484375,924.3491821289062,247.7298583984375,2780.7880859375,9325.494140625,1181.8729248046875,239.5818634033203,1233.8802490234375
2024-03-18,1422.32275390625,692.3213500976562,1054.8704833984375,1476.911376953125,3821.211181640625,1193.3883056640625,692.2653198242188,363.7882080078125,3466.912353515625,1058.8094482421875,346.2019348144531,11290.59765625,1537.7467041015625,3545.684814453125,639.3167114257812,2188.489990234375,299.1097106933594,1808.8775634765625,950.3445434570312,246.7517547607422,2760.375244140625,9304.5830078125,1173.0701904296875,236.43069458007812,1244.9039306640625
2024-03-19,1408.267333984375,693.9012451171875,1057.5533447265625,1438.943603515625,3659.989013671875,1196.3587646484375,685.4937133789062,356.90374755859375,3408.987548828125,1048.28466796875,348.5425720214844,11252.5126953125,1515.4327392578125,3549.349609375,648.3197021484375,2157.089111328125,295.6202087402344,1797.0362548828125,935.9786376953124,241.2559814453125,2729.92529296875,9151.529296875,1154.2662353515625,229.31736755371097,1204.431640625
2024-03-20,1426.546875,685.1397705078125,1058.090087890625,1432.95361328125,3654.09912109375,1199.718994140625,697.2847900390625,362.26318359375,3416.775634765625,1032.2730712890625,351.68011474609375,11586.3916015625,1516.313720703125,3556.38232421875,653.553466796875,2133.300537109375,295.80877685546875,1797.523681640625,919.0718994140624,246.5188751220703,2739.4287109375,9181.8310546875,1165.37353515625,228.69178771972656,1198.2279052734375
2024-03-21,1433.685791015625,692.1776733398438,1055.455810546875,1432.72314453125,3655.98583984375,1189.005615234375,704.9087524414062,367.0997009277344,3465.743896484375,1033.1209716796875,353.0247802734375,11554.37109375,1531.8255615234375,3593.080322265625,660.0650024414062,2133.681640625,306.51318359375,1818.4283447265625,942.9661254882812,254.9954376220703,2735.792236328125,9294.322265625,1182.3798828125,231.91246032714844,1203.1162109375
2024-03-22,1437.6876220703125,690.7891845703125,1063.7489013671875,1390.470458984375,3598.88623046875,1203.9068603515625,707.1817626953125,373.5048828125,3522.013671875,1030.8265380859375,353.87139892578125,11971.1611328125,1574.593994140625,3671.47802734375,664.5026245117188,2147.193115234375,306.2774658203125,1831.0491943359375,957.5274047851562,256.85845947265625,2755.5263671875,9372.736328125,1163.8525390625,225.72596740722656,1217.8406982421875
2024-03-26,1424.397705078125,682.4347534179688,1057.3094482421875,1375.5413818359375,3568.151123046875,1181.5059814453125,700.8837280273438,372.6770629882813,3572.928955078125,1038.0592041015625,349.3493957519531,11886.5986328125,1564.0242919921875,3663.058837890625,679.1668701171875,2131.4453125,310.37994384765625,1816.57666015625,963.7819213867188,251.54893493652344,2729.48876953125,9294.2734375,1156.2020263671875,222.3662567138672,1204.4217529296875
2024-03-27,1475.0618896484375,689.7598876953125,1057.3583984375,1367.431884765625,3534.47119140625,1192.9013671875,694.4909057617188,372.9820556640625,3608.267578125,1050.32958984375,353.7120361328125,12138.6806640625,1569.9453125,3723.67724609375,690.2388305664062,2131.15966796875,312.73779296875,1833.339599609375,956.403564453125,251.73524475097656,2744.859375,9316.296875,1155.6949462890625,218.86752319335935,1186.605224609375
2024-03-28,1468.145263671875,693.20703125,1066.67578125,1380.517822265625,3567.046630859375,1196.602294921875,712.53271484375,373.2870788574219,3664.245361328125,1044.6932373046875,355.6841735839844,12226.0068359375,1585.99560546875,3765.67431640625,712.1074829101562,2154.615234375,316.6988525390625,1872.517822265625,970.23193359375,257.92962646484375,2760.617431640625,9437.9853515625,1150.441162109375,222.4821014404297,1208.947021484375
2024-04-01,1467.0831298828125,704.0271606445312,1072.8712158203125,1378.121826171875,3604.27001953125,1185.645263671875,718.1678466796875,371.84918212890625,3736.383544921875,1050.5791015625,356.7200622558594,12196.169921875,1594.510009765625,3702.876708984375,712.6676025390625,2175.120849609375,322.87628173828125,1867.2550048828125,969.6943969726562,260.95697021484375,2784.134033203125,9636.6845703125,1147.1689453125,224.72964477539065,1227.0972900390625
2024-04-02,1469.2320556640625,708.647216796875,1054.8704833984375,1366.5103759765625,3573.9482421875,1176.7823486328125,725.8391723632812,371.1084289550781,3706.59375,1044.6932373046875,350.08648681640625,12179.5302734375,1587.659423828125,3720.260009765625,708.3872680664062,2175.882080078125,325.1868591308594,1921.831787109375,981.8126220703124,260.3980712890625,2787.237060546875,9717.76171875,1140.025390625,222.9918670654297,1224.5843505859375
2024-04-03,1454.0650634765625,709.6766357421875,1050.9676513671875,1364.48291015625,3632.382080078125,1193.77783203125,730.2430419921875,370.5419616699219,3682.304443359375,1060.704833984375,344.8572692871094,12058.630859375,1585.310302734375,3677.22314453125,718.397705078125,2155.423828125,331.27001953125,1938.7408447265625,986.2102661132812,260.91046142578125,2782.533935546875,9682.6689453125,1156.939453125,223.91867065429688,1202.3702392578125
2024-04-04,1445.493408203125,731.3648071289062,1052.57763671875,1370.0582275390625,3683.91455078125,1175.418701171875,719.1149291992188,368.4069213867187,3697.296875,1060.4056396484375,348.4429931640625,12193.890625,1584.821044921875,3746.8056640625,715.8569946289062,2155.18603515625,334.47662353515625,1951.8001708984375,988.6045532226562,258.6282653808594,2830.0029296875,9685.765625,1179.1536865234375,225.8649749755859,1205.923583984375
2024-04-05,1442.7020263671875,741.8737182617188,1057.0169677734375,1363.054443359375,3661.782958984375,1159.9815673828125,724.2764892578125,372.5898742675781,3643.996337890625,1056.564697265625,355.6144714355469,12052.56640625,1574.6917724609375,3718.7744140625,705.2666625976562,2157.089111328125,334.38232421875,1962.130859375,984.206787109375,259.326904296875,2796.207275390625,9510.0595703125,1164.5439453125,224.7759704589844,1213.1485595703125
2024-04-08,1468.2686767578125,740.4613647460938,1060.675537109375,1360.8427734375,3655.617919921875,1173.32470703125,727.6386108398438,373.9406433105469,3707.031982421875,1073.4742431640625,356.2618408203125,12482.890625,1565.590087890625,3713.277099609375,705.5517578125,2158.9921875,342.8232727050781,2025.283935546875,990.168212890625,262.4473876953125,2804.498779296875,9548.9267578125,1166.1571044921875,222.38943481445312,1212.216064453125
2024-04-09,1446.2098388671875,741.3949584960938,1080.0909423828125,1377.56884765625,3631.692138671875,1173.0811767578125,723.7555541992188,371.5441589355469,3685.0302734375,1077.4146728515625,354.7080383300781,12505.1103515625,1568.37939453125,3644.387939453125,707.0308837890625,2154.424560546875,342.25732421875,2037.7584228515625,985.5750122070312,261.93505859375,2770.702880859375,9457.34765625,1153.48291015625,220.4894561767578,1210.9102783203125
2024-04-10,1461.945068359375,735.5540161132812,1082.3837890625,1388.581298828125,3666.75244140625,1197.3814697265625,737.819580078125,380.7815551757813,3653.82861328125,1085.1961669921875,363.74212646484375,12305.958984375,1569.847412109375,3675.935546875,710.6331176757812,2151.33251953125,341.8800354003906,2023.4322509765625,990.4613647460938,263.19256591796875,2809.104736328125,9504.4931640625,1167.2169189453125,221.1845703125,1208.947021484375
2024-04-12,1449.6680908203125,727.223388671875,1077.5054931640625,1368.2613525390625,3682.166015625,1193.6318359375,725.7444458007812,374.8121032714844,3581.836669921875,1070.8802490234375,361.17230224609375,11902.1240234375,1507.1629638671875,3584.90869140625,710.5643310546875,2124.11865234375,341.1727600097656,2018.3155517578125,995.3477172851562,256.3927001953125,2768.133056640625,9344.46875,1144.9105224609375,218.1492462158203,1194.4093017578125
2024-04-15,1447.3707275390625,715.61328125,1052.08984375,1352.9637451171875,3626.76904296875,1192.6578369140625,717.4102172851562,371.1519775390625,3505.4638671875,1055.41748046875,358.2041320800781,12053.779296875,1507.2120361328125,3566.386474609375,695.4970703125,2087.72216796875,340.6069030761719,2001.2603759765625,976.0955200195312,255.27491760253903,2758.33837890625,9202.8388671875,1123.3875732421875,212.86639404296875,1180.07763671875
2024-04-16,1448.2847900390625,722.5794067382812,1041.0650634765625,1303.476806640625,3563.825927734375,1184.7686767578125,711.9171752929688,371.1519775390625,3449.632080078125,1049.3819580078125,357.0985412597656,12131.2578125,1504.765380859375,3611.255859375,683.506103515625,2113.175537109375,338.81494140625,1979.6734619140625,970.23193359375,255.461181640625,2744.37451171875,9161.7431640625,1102.2332763671875,207.7689208984375,1187.8323974609375
2024-04-18,1446.876708984375,715.61328125,1029.74755859375,1307.900146484375,3553.8876953125,1232.7847900390625,705.38232421875,365.00823974609375,3456.93359375,1021.5487670898438,355.9331970214844,12036.4609375,1484.0662841796875,3491.60400390625,677.505859375,2107.46630859375,331.1756896972656,1973.4847412109375,949.2694702148438,260.91046142578125,2722.749267578125,9083.279296875,1087.346923828125,205.915283203125,1169.534912109375
2024-04-19,1452.6077880859375,733.13623046875,1041.26025390625,1300.52783203125,3520.944091796875,1255.42919921875,710.7332763671875,370.1498107910156,3425.197021484375,1026.636474609375,357.1084899902344,12333.3212890625,1490.329833984375,3529.193115234375,699.7479858398438,2123.452392578125,330.6098327636719,2029.9617919921875,941.3048095703124,262.3542175292969,2723.573486328125,9065.080078125,1100.25146484375,209.80792236328125,1166.7275390625
2024-04-22,1462.2166748046875,723.99169921875,1060.1878662109375,1320.3409423828125,3556.2802734375,1263.756591796875,725.5549926757812,370.6291198730469,3517.048583984375,1051.4268798828125,360.5547790527344,12405.65625,1507.260986328125,3562.57275390625,716.721923828125,2132.872314453125,323.39501953125,2037.5150146484375,951.4194946289062,264.2171630859375,2755.865966796875,9259.9541015625,1113.5247802734375,214.09442138671875,1181.1082763671875
2024-04-23,1441.936279296875,721.7893676757812,1063.7000732421875,1329.2340087890625,3565.574462890625,1307.3896484375,732.08984375,374.02777099609375,3514.56591796875,1053.2227783203125,361.17230224609375,12610.14453125,1452.9932861328125,3598.478271484375,713.5473022460938,2153.092529296875,327.40325927734375,2010.177978515625,964.3195190429688,265.8007507324219,2787.916015625,9229.2666015625,1106.335205078125,214.14077758789065,1168.5435791015625
2024-04-24,1432.895263671875,723.7523803710938,1070.041748046875,1318.4979248046875,3525.4072265625,1301.5947265625,732.1845703125,373.766357421875,3538.6123046875,1060.704833984375,367.0987548828125,12559.4951171875,1454.0697021484375,3575.449462890625,720.3535766601562,2150.7138671875,331.64727783203125,2006.13330078125,969.1080932617188,270.5047912597656,2780.982421875,9350.56640625,1092.9234619140625,213.12127685546875,1168.288330078125
2024-04-25,1442.57861328125,723.2975463867188,1086.6278076171875,1325.59375,3544.869140625,1303.8348388671875,769.6887817382812,381.304443359375,3555.60009765625,1124.30224609375,327.1875915527344,12538.5859375,1487.736328125,3537.166748046875,716.9873046875,2122.738525390625,338.767822265625,2043.5574951171875,978.4898071289062,273.2060852050781,2774.873046875,9374.6728515625,1097.16357421875,213.6310272216797,1220.8934326171875
2024-04-26,1435.2421875,722.8427124023438,1080.9202880859375,1318.0372314453125,3516.48046875,1291.465576171875,758.89208984375,383.4394836425781,3509.747314453125,1127.5943603515625,320.4245300292969,12325.9462890625,1474.42626953125,3550.736572265625,661.5834350585938,2114.935791015625,335.74981689453125,1992.927734375,976.7796630859376,272.2280578613281,2758.096435546875,9391.2763671875,1178.69287109375,215.2992706298828,1227.44091796875
2024-04-29,1447.568359375,732.2744750976562,1131.8978271484375,1322.18408203125,3561.433349609375,1297.74755859375,782.7584228515625,381.870849609375,3538.076904296875,1156.47509765625,326.7792053222656,12312.84765625,1489.1553955078125,3570.595947265625,670.9598999023438,2118.218994140625,342.3516540527344,2009.641845703125,977.8546142578124,273.5787048339844,2781.418701171875,9646.4140625,1187.4957275390625,214.53466796875,1236.2755126953125
2024-04-30,1449.5198974609375,727.7739868164062,1122.38525390625,1309.0982666015625,3515.83642578125,1287.862060546875,782.5216674804688,379.6486511230469,3499.1357421875,1163.109130859375,323.5022888183594,12436.7060546875,1470.0711669921875,3555.144287109375,680.4887084960938,2122.35791015625,342.5403137207031,2101.54541015625,984.9887084960938,281.17034912109375,2788.8857421875,9653.5771484375,1164.635986328125,214.27978515625,1218.0565185546875
2024-05-02,1449.0753173828125,733.5910034179688,1111.701904296875,1303.476806640625,3555.083984375,1270.0872802734375,786.1205444335938,382.5680236816406,3504.197998046875,1147.0975341796875,313.880615234375,12424.916015625,1486.611083984375,3534.54150390625,676.4738159179688,2118.4091796875,348.0575256347656,2129.61328125,1004.4363403320312,292.1153259277344,2885.375244140625,9664.8076171875,1167.77001953125,211.96275329589844,1234.3907470703125
2024-05-03,1416.9130859375,727.5346069335938,1114.23876953125,1305.1817626953125,3536.771240234375,1244.13134765625,787.4464721679688,380.3457946777344,3407.137939453125,1138.7674560546875,308.113525390625,12121.021484375,1478.9283447265625,3500.31982421875,681.2702026367188,2109.607421875,344.1907653808594,2137.263671875,990.3636474609376,289.55377197265625,2841.1064453125,9502.9921875,1152.607177734375,211.93959045410156,1246.57275390625
2024-05-06,1402.610595703125,728.994873046875,1118.3851318359375,1314.028564453125,3608.226318359375,1249.97509765625,765.048095703125,378.8643798828125,3371.6044921875,1140.912353515625,323.572021484375,12069.7421875,1496.54443359375,3248.9814453125,674.2279052734375,2146.860107421875,336.5043029785156,2168.401611328125,993.0999755859376,285.82781982421875,2843.433349609375,9464.849609375,1163.48388671875,212.54200744628903,1235.5589599609375
2024-05-07,1384.775634765625,721.09521484375,1104.3358154296875,1327.8975830078125,3661.50732421875,1252.653564453125,759.4603881835938,383.7444763183594,3336.99560546875,1125.00048828125,327.4764709472656,11996.7275390625,1483.03857421875,3239.81884765625,675.4761962890625,2264.089599609375,329.2894592285156,2135.8017578125,966.0784912109376,275.0224914550781,2824.86328125,9373.3662109375,1191.32080078125,214.97488403320312,1228.5206298828125
2024-05-08,1401.6473388671875,709.8441772460938,1095.652587890625,1315.3187255859375,3659.6669921875,1255.0396728515625,767.8893432617188,384.3109130859375,3394.53076171875,1125.9482421875,328.3629455566406,12170.89453125,1489.30224609375,3228.874267578125,668.2914428710938,2227.59814453125,335.2311096191406,2126.93310546875,989.0932006835938,281.3100891113281,2757.27197265625,9215.568359375,1186.2972412109375,214.6505126953125,1189.0103759765625
2024-05-09,1377.51318359375,693.0155029296875,1088.5302734375,1326.607421875,3644.253173828125,1242.2320556640625,776.4130249023438,370.4548034667969,3188.727783203125,1112.9793701171875,327.3171081542969,12133.150390625,1462.780029296875,3214.858642578125,649.1945190429688,2212.9443359375,326.3658142089844,2156.31689453125,1006.8795166015624,275.86083984375,2628.102294921875,9144.607421875,1169.7978515625,211.26763916015625,1153.8682861328125
2024-05-10,1390.65478515625,697.8200073242188,1089.847412109375,1313.10693359375,3583.24267578125,1267.2626953125,774.0926513671875,377.6443176269531,3184.833740234375,1117.418701171875,324.2991027832031,12298.9248046875,1474.42626953125,3258.589111328125,656.9591064453125,2248.05615234375,335.27825927734375,2137.3125,1022.8577880859376,282.9401550292969,2687.40185546875,9188.751953125,1165.465576171875,209.39083862304688,1162.437744140625
2024-05-13,1385.9859619140625,706.2400512695312,1100.53076171875,1311.7705078125,3632.843017578125,1252.458740234375,765.9951782226562,376.3371276855469,3206.640625,1129.290283203125,326.9385681152344,12297.322265625,1492.531982421875,3222.73291015625,660.3598022460938,2246.248291015625,330.93994140625,2128.736328125,937.9332275390624,285.5483093261719,2792.134033203125,9246.642578125,1163.299560546875,209.4371795654297,1159.9935302734375
2024-05-14,1403.1539306640625,709.0062866210938,1093.26220703125,1312.922607421875,3589.96044921875,1250.8516845703125,774.897705078125,374.4635009765625,3289.974365234375,1120.1622314453125,327.95458984375,12433.50390625,1512.3011474609375,3257.648193359375,656.1285400390625,2235.73388671875,335.5612487792969,2212.209228515625,942.7218017578124,288.0633544921875,2779.4306640625,9352.3115234375,1175.6971435546875,211.47618103027344,1152.189697265625
2024-05-15,1399.3992919921875,698.1112060546875,1096.9696044921875,1308.545166015625,3570.819580078125,1275.784912109375,776.8865356445312,372.8077697753906,3320.981201171875,1125.3497314453125,328.85101318359375,12387.99609375,1494.831787109375,3237.49169921875,656.5512084960938,2210.708251953125,340.79547119140625,2243.785888671875,925.7661743164062,293.2796936035156,2728.5673828125,9307.24609375,1174.775390625,212.3798065185547,1153.4068603515625
2024-05-16,1408.3660888671875,708.6665649414062,1103.506591796875,1339.3248291015625,3615.821044921875,1310.0682373046875,768.978515625,375.9885559082031,3368.975830078125,1136.57275390625,333.0841369628906,12126.3583984375,1503.5419921875,3302.220458984375,663.151123046875,2229.596435546875,340.8898620605469,2311.470458984375,915.1140747070312,291.0906982421875,2728.906982421875,9399.212890625,1205.6080322265625,215.2297821044922,1148.5771484375
2024-05-17,1418.5927734375,710.5350341796875,1102.9698486328125,1330.98486328125,3553.857177734375,1309.43505859375,774.566162109375,380.2151184082031,3359.38671875,1138.6177978515625,337.9647216796875,12265.9345703125,1498.7464599609375,3329.211669921875,661.2099609375,2207.901611328125,344.66229248046875,2450.690185546875,924.20263671875,291.6961975097656,2724.882568359375,9574.6787109375,1203.2576904296875,213.6310272216797,1138.5941162109375
2024-05-21,1419.0128173828125,707.962890625,1093.65234375,1321.631103515625,3540.97314453125,1309.2891845703125,786.6888427734375,378.9079284667969,3349.845947265625,1134.9267578125,338.3033447265625,12102.7314453125,1508.0926513671875,3344.910888671875,662.7284545898438,2198.71875,350.8396911621094,2458.53564453125,929.67529296875,303.33978271484375,2765.5146484375,9476.951171875,1220.31005859375,213.5846710205078,1134.716796875
2024-05-22,1443.24560546875,708.156982421875,1084.042236328125,1340.6612548828125,3551.91064453125,1312.795166015625,788.422119140625,383.3523254394531,3369.21923828125,1123.3045654296875,338.5623474121094,12159.0556640625,1506.47802734375,3351.696044921875,662.8955688476562,2252.1953125,352.5845031738281,2456.97607421875,925.9616088867188,303.43292236328125,2798.437744140625,9579.03515625,1226.301513671875,213.77003479003903,1152.9652099609375
2024-05-23,1468.3428955078125,724.3662109375,1106.8724365234375,1356.88037109375,3608.868896484375,1338.26416015625,801.277587890625,384.6159362792969,3490.471435546875,1162.460693359375,340.454833984375,12550.6181640625,1463.2203369140625,3419.247802734375,670.96484375,2267.039306640625,351.1226501464844,2542.8857421875,940.4740600585938,297.9837341308594,2815.89306640625,9845.9345703125,1232.845703125,215.8553771972656,1157.863525390625
2024-05-24,1462.6119384765625,736.3047485351562,1104.384521484375,1350.15283203125,3568.131591796875,1352.337890625,797.9072265625,380.1279602050781,3529.899169921875,1171.1898193359375,339.3392639160156,12614.2197265625,1454.99951171875,3379.974609375,671.9722900390625,2254.2412109375,353.6219177246094,2514.184326171875,938.7150268554688,296.9590759277344,2787.770263671875,9904.552734375,1218.328125,214.85903930664065,1151.5909423828125
2024-05-27,1448.77880859375,741.4004516601562,1102.2869873046875,1355.9127197265625,3565.860595703125,1348.2958984375,802.818359375,376.0321044921875,3555.30810546875,1184.15869140625,340.8432922363281,12522.6728515625,1434.7899169921875,3371.06005859375,677.7318115234375,2268.942626953125,348.6233215332031,2484.313232421875,936.7116088867188,296.1673278808594,2785.39453125,9899.1318359375,1225.6561279296875,209.66888427734375,1152.9554443359375
2024-05-28,1438.8485107421875,742.7592163085938,1099.5062255859375,1351.949951171875,3559.233154296875,1335.34228515625,800.3628540039062,373.8534851074219,3561.343994140625,1180.567138671875,339.3790588378906,12437.7724609375,1433.664306640625,3377.0029296875,675.5253295898438,2279.83740234375,344.6151428222656,2487.919189453125,926.010498046875,291.3701477050781,2823.117431640625,9854.01953125,1212.198486328125,211.3371429443359,1171.1351318359375
2024-05-29,1423.6072998046875,731.9855346679688,1075.1639404296875,1337.1131591796875,3525.6328125,1341.2347412109375,792.1776733398438,375.5528259277344,3538.563720703125,1156.9737548828125,336.23162841796875,12408.712890625,1447.414794921875,3348.27880859375,669.0040283203125,2258.38037109375,343.86065673828125,2469.255859375,922.1503295898438,295.93450927734375,2812.40185546875,9703.4833984375,1185.790283203125,208.9042510986328,1178.0947265625
2024-05-30,1407.8720703125,735.1642456054688,1086.5789794921875,1315.456787109375,3463.020263671875,1341.2835693359375,795.2590942382812,369.365478515625,3538.46630859375,1165.1541748046875,336.6798095703125,12223.7265625,1427.9881591796875,3240.76025390625,650.30517578125,2237.446533203125,339.2393798828125,2430.12646484375,902.9470825195312,285.68804931640625,2796.449462890625,9553.865234375,1143.7584228515625,202.48605346679688,1153.1614990234375
2024-05-31,1413.35595703125,743.268798828125,1093.7501220703125,1322.4598388671875,3402.631591796875,1336.9981689453125,799.5924072265625,371.6312561035156,3572.150146484375,1159.3681640625,334.74749755859375,12030.9296875,1428.6732177734375,3211.0947265625,658.2908935546875,2216.1796875,338.5791931152344,2442.552490234375,902.0186157226562,288.7619934082031,2794.025390625,9599.0263671875,1132.3284912109375,203.06532287597656,1137.08251953125
2024-06-03,1492.32861328125,762.9964599609375,1131.75146484375,1321.519775390625,3432.20068359375,1354.8699951171875,872.1032104492188,375.0299377441406,3793.96728515625,1220.9703369140625,342.2476501464844,12105.4970703125,1422.067138671875,3230.21142578125,679.7024536132812,2241.728515625,369.513427734375,2567.055419921875,928.8446044921876,314.5176696777344,2779.721435546875,10135.8759765625,1147.90625,205.79942321777344,1135.4039306640625
2024-06-04,1380.625732421875,719.7800903320312,1045.3577880859375,1310.0048828125,3443.462890625,1265.8505859375,746.4852905273438,368.4967956542969,3313.095458984375,1128.5421142578125,326.29119873046875,11814.3125,1399.36181640625,3208.1728515625,639.7984008789062,2375.32421875,312.4077453613281,2507.50830078125,883.352783203125,275.674560546875,2771.18798828125,9601.736328125,1142.32958984375,203.04214477539065,1125.096923828125
2024-06-05,1403.821044921875,753.0962524414062,1081.6519775390625,1344.267333984375,3472.61376953125,1309.337646484375,760.4962768554688,381.8983154296875,3318.741943359375,1181.6644287109375,342.25762939453125,12131.16015625,1455.586669921875,3286.125,671.9476928710938,2476.615478515625,321.60308837890625,2671.287353515625,908.8106689453124,278.32928466796875,2872.137939453125,9717.7119140625,1167.77001953125,209.22865295410156,1143.4237060546875
2024-06-06,1414.5416259765625,756.9301147460938,1083.359375,1383.8875732421875,3550.42724609375,1334.904052734375,786.6887817382812,386.4246520996094,3390.3447265625,1168.14697265625,345.5644836425781,12296.984375,1441.298095703125,3290.0869140625,680.7098999023438,2426.04150390625,329.8553466796875,2631.23193359375,916.9219360351562,279.8662414550781,2816.911376953125,9734.0244140625,1214.3646240234375,213.6310272216797,1156.5382080078125
2024-06-07,1452.4345703125,763.5545043945312,1094.3841552734375,1441.555419921875,3609.33251953125,1388.1307373046875,799.207275390625,389.7528381347656,3438.971923828125,1183.9591064453125,349.3493957519531,12430.3017578125,1474.7198486328125,3411.32373046875,706.814697265625,2452.874755859375,340.08819580078125,2784.826416015625,948.4388427734376,288.1565246582031,2839.118408203125,10129.197265625,1269.8082275390625,224.5442657470703,1189.9822998046875
2024-06-10,1453.867431640625,757.7067260742188,1096.4329833984375,1409.7369384765625,3576.6591796875,1388.9100341796875,800.9887084960938,387.7559509277344,3449.92431640625,1197.1275634765625,347.74578857421875,12339.724609375,1480.8365478515625,3389.681396484375,696.7355346679688,2441.028076171875,344.1435852050781,2736.194580078125,952.983154296875,294.16461181640625,2848.67041015625,10480.7080078125,1235.472900390625,220.23458862304688,1198.7872314453125
2024-06-11,1439.31787109375,759.4052734375,1090.969482421875,1405.97705078125,3570.541748046875,1390.07861328125,804.5997924804688,384.2946166992187,3503.419189453125,1191.740478515625,342.6361083984375,12481.484375,1467.7713623046875,3378.290771484375,701.5761108398438,2432.464111328125,346.5013427734375,2763.483154296875,970.6337280273438,294.86322021484375,2841.865478515625,10584.58203125,1243.8607177734375,220.6053009033203,1185.6533203125
2024-06-12,1445.8885498046875,763.9428100585938,1092.28662109375,1396.0601806640625,3551.586181640625,1400.9383544921875,808.0182495117188,383.6733093261719,3534.182861328125,1185.0565185546875,341.7894592285156,12467.609375,1474.7198486328125,3350.16064453125,709.4046020507812,2406.154296875,350.17950439453125,2716.702880859375,972.20703125,302.4082946777344,2845.145751953125,10692.2822265625,1263.3558349609375,220.9991912841797,1189.7366943359375
2024-06-13,1447.790771484375,767.1458740234375,1080.383544921875,1404.2850341796875,3594.6875,1388.61767578125,812.6405639648438,381.8983154296875,3605.590576171875,1171.838134765625,343.9010314941406,12465.1826171875,1478.585693359375,3439.206298828125,716.9922485351562,2366.855712890625,348.90631103515625,2788.96826171875,969.404541015625,299.42755126953125,2849.2578125,10817.1640625,1280.2698974609375,223.640625,1196.7652587890625
2024-06-14,1459.9442138671875,774.9835205078125,1078.7249755859375,1399.5382080078125,3551.95751953125,1390.2247314453125,808.1146240234375,382.6527099609375,3590.16015625,1178.2227783203125,342.0783386230469,12463.5830078125,1483.6748046875,3496.506591796875,721.5724487304688,2382.56494140625,347.49163818359375,2854.16796875,976.8286743164062,299.4740905761719,2860.615966796875,10883.9619140625,1264.139404296875,221.27723693847656,1194.6842041015625
2024-06-18,1463.3778076171875,780.2733154296875,1095.506103515625,1408.2799072265625,3536.245849609375,1391.14990234375,813.603515625,380.5226745605469,3591.523193359375,1189.0469970703125,342.5166015625,12187.77734375,1488.519287109375,3554.896728515625,720.8991088867188,2388.810302734375,348.6233215332031,2886.62158203125,969.4537353515624,309.0684814453125,2857.58056640625,10764.1611328125,1264.047119140625,227.9271545410156,1176.2296142578125
2024-06-19,1441.2694091796875,804.5628662109375,1116.580078125,1420.6407470703125,3523.825439453125,1356.0875244140625,821.0181884765625,375.996337890625,3494.901123046875,1223.713623046875,347.9549255371094,11878.400390625,1471.9307861328125,3429.4501953125,710.9967651367188,2360.70654296875,341.8800354003906,2859.28466796875,961.0463256835938,304.87677001953125,2831.33984375,10644.603515625,1273.0804443359375,229.73443603515625,1169.3485107421875
2024-06-20,1456.1400146484375,810.143798828125,1128.62939453125,1424.4476318359375,3510.431640625,1345.17919921875,812.4960327148438,375.6857299804687,3526.7890625,1236.532958984375,351.84942626953125,11788.5517578125,1439.6343994140625,3403.30078125,708.3577880859375,2384.918701171875,337.30596923828125,2798.226806640625,961.931396484375,302.3151550292969,2854.643310546875,10555.201171875,1284.0953369140625,227.2552032470703,1172.2147216796875
2024-06-21,1436.872314453125,808.3967895507812,1130.434326171875,1440.7093505859375,3532.213623046875,1379.17041015625,805.322021484375,372.40191650390625,3468.45849609375,1234.48779296875,353.72198486328125,11839.0068359375,1435.9642333984375,3367.44482421875,704.7177124023438,2345.6220703125,339.33367919921875,2767.77099609375,945.7557373046876,303.6192932128906,2830.5078125,10322.0869140625,1290.2711181640625,227.32472229003903,1180.1954345703125
2024-06-24,1424.2989501953125,811.6240234375,1141.60546875,1435.4925537109375,3537.821533203125,1382.8226318359375,801.8554077148438,375.6857299804687,3465.12255859375,1225.16015625,353.1044616699219,11821.443359375,1462.63330078125,3379.925048828125,699.541748046875,2346.486572265625,342.1158752441406,2841.693359375,942.0682983398438,310.1396789550781,2835.59912109375,10441.7421875,1292.0223388671875,227.32472229003903,1188.7354736328125
2024-06-25,1436.822998046875,830.5266723632812,1168.7772216796875,1449.4041748046875,3557.888916015625,1378.0989990234375,811.0516357421875,375.6857299804687,3520.2646484375,1268.4063720703125,354.967041015625,11756.6279296875,1473.1051025390625,3370.119140625,698.8107299804688,2336.878662109375,340.323974609375,2835.455810546875,939.0692138671876,304.9698791503906,2798.783935546875,10500.021484375,1316.0340576171875,230.2441864013672,1193.33935546875
2024-06-26,1495.9844970703125,825.7463989257812,1188.339111328125,1448.229248046875,3574.017333984375,1421.48876953125,814.0367431640625,376.2625732421875,3535.12939453125,1282.322998046875,358.2041320800781,11835.8525390625,1488.7149658203125,3340.701416015625,707.08349609375,2349.75341796875,344.2850341796875,2779.027587890625,935.9717407226562,304.3178405761719,2803.58154296875,10787.443359375,1302.484375,229.4795837402344,1191.7000732421875
2024-06-27,1512.3126220703125,823.1500244140625,1190.1927490234375,1478.919677734375,3646.59423828125,1437.3642578125,812.73681640625,377.7270202636719,3497.304931640625,1285.864501953125,364.658447265625,11816.931640625,1483.9193115234375,3359.43359375,707.9281005859375,2365.654541015625,355.69677734375,2815.52587890625,955.8839721679688,308.8356018066406,2820.716552734375,11342.7373046875,1320.18212890625,236.70870971679688,1224.260498046875
2024-06-28,1546.7474365234375,817.1565551757812,1170.38720703125,1472.7158203125,3618.786865234375,1406.4410400390625,817.5034790039062,377.1057434082031,3481.6552734375,1262.22119140625,359.0706787109375,11676.3369140625,1488.42138671875,3382.8857421875,702.87060546875,2376.127685546875,356.8285217285156,2793.79248046875,973.2395629882812,308.2767028808594,2856.160888671875,11295.494140625,1318.4305419921875,238.58551025390625,1256.9385986328125
2024-07-01,1541.5599365234375,827.5419921875,1182.3387451171875,1495.3223876953125,3687.424560546875,1416.1319580078125,810.7627563476562,380.7889404296875,3460.16748046875,1258.87939453125,360.1862487792969,11748.9150390625,1487.6873779296875,3409.96484375,718.7938232421875,2406.92138671875,348.71771240234375,2802.7587890625,985.3343505859376,307.0192565917969,2866.686279296875,11524.6884765625,1356.9139404296875,244.3781280517578,1247.387451171875
2024-07-02,1546.525146484375,839.8687744140625,1161.606201171875,1523.7569580078125,3723.75927734375,1381.994873046875,795.5480346679688,377.6382141113281,3558.236083984375,1250.399658203125,352.51678466796875,11684.826171875,1491.55322265625,3378.364013671875,707.8145141601562,2387.75341796875,349.3307189941406,2792.330322265625,964.9304809570312,308.1369934082031,2864.5322265625,11475.6064453125,1356.9598388671875,249.4060821533203,1250.63671875
2024-07-03,1533.927001953125,858.3346557617188,1172.33837890625,1529.7255859375,3675.42138671875,1382.871337890625,808.8368530273438,380.123291015625,3546.31494140625,1276.93603515625,360.7042236328125,11763.470703125,1501.2420654296875,3339.210693359375,717.020751953125,2411.9658203125,351.4527587890625,2804.80517578125,959.374755859375,312.1889953613281,2864.48291015625,11493.17578125,1364.0115966796875,249.7768096923828,1261.5621337890625
2024-07-04,1535.5079345703125,838.1945190429688,1202.9737548828125,1551.5802001953125,3727.050048828125,1385.988037109375,808.2108764648438,380.7889404296875,3506.037353515625,1277.8338623046875,365.3157958984375,11730.4296875,1524.6815185546875,3315.112548828125,702.031005859375,2398.1298828125,351.7356872558594,2829.023681640625,981.548583984375,312.0492248535156,2873.637939453125,11384.703125,1344.977294921875,245.9305725097656,1272.0556640625
2024-07-05,1569.6956787109375,799.8311157226562,1203.364013671875,1548.572265625,3718.56884765625,1392.46484375,827.9033813476562,384.87152099609375,3558.873779296875,1283.9691162109375,369.0709228515625,11744.4501953125,1534.95751953125,3248.880126953125,705.088134765625,2447.179443359375,358.196044921875,2827.94384765625,977.0745239257812,316.1478271484375,2874.616943359375,11317.03515625,1347.0050048828125,247.9695281982422,1280.0362548828125
2024-07-08,1581.824462890625,793.6434936523438,1204.973876953125,1561.919921875,3701.328125,1397.77294921875,824.5330200195312,393.7022705078125,3563.632568359375,1284.76708984375,369.1705017089844,11666.3916015625,1523.2135009765625,3136.4384765625,701.1616821289062,2485.755615234375,355.9797058105469,2799.228515625,985.8751831054688,316.1478271484375,2837.655029296875,11213.20703125,1352.765869140625,250.79632568359375,1282.814208984375
2024-07-09,1571.325927734375,794.2015380859375,1217.8524169921875,1557.6900634765625,3694.190673828125,1398.1624755859375,829.3959350585938,401.68994140625,3597.0908203125,1286.3133544921875,368.1047668457031,12446.6025390625,1551.594970703125,3195.019287109375,698.1785888671875,2488.63818359375,355.6023864746094,2872.023193359375,998.0191650390624,317.7779235839844,2844.362060546875,11307.013671875,1351.0609130859375,250.7036590576172,1292.3751220703125
2024-07-10,1565.3480224609375,789.1543579101562,1212.92529296875,1549.3240966796875,3623.42138671875,1407.4150390625,817.5515747070312,400.6693420410156,3581.3427734375,1288.55810546875,364.51904296875,12393.3330078125,1564.464599609375,3204.8076171875,696.884521484375,2508.142578125,359.7049865722656,2682.060302734375,988.726806640625,322.3421936035156,2933.903076171875,11262.91796875,1348.8485107421875,248.17803955078125,1294.2796630859375
2024-07-11,1561.815673828125,787.1162109375,1208.291015625,1553.5072021484375,3636.907958984375,1400.4998779296875,824.9664306640625,407.0594177246094,3552.93798828125,1293.6458740234375,367.4373779296875,12337.4443359375,1548.02294921875,3228.260009765625,686.5473022460938,2506.60546875,355.6496276855469,2648.73095703125,1003.7715454101562,319.3148498535156,2958.96923828125,11186.150390625,1346.313720703125,247.5061187744141,1294.71142578125
2024-07-12,1577.69921875,787.5043334960938,1202.876220703125,1609.0130615234375,3878.13671875,1395.9224853515625,827.855224609375,407.4144287109375,3580.656005859375,1315.160888671875,365.11663818359375,12189.28125,1548.5628662109375,3209.62744140625,691.8814086914062,2519.480224609375,355.69677734375,2654.52294921875,999.7891845703124,319.5943298339844,2936.546630859375,11231.98828125,1387.285888671875,259.57794189453125,1319.1932373046875
2024-07-15,1578.1932373046875,787.2131958007812,1199.998046875,1604.59521484375,3864.4638671875,1400.1590576171875,848.7033081054688,411.2751159667969,3582.863525390625,1305.3267822265625,367.2481384277344,12268.3125,1557.3006591796875,3204.0126953125,697.7537841796875,2517.606689453125,363.7132873535156,2681.127685546875,1007.360595703125,320.29290771484375,2894.787109375,11455.9541015625,1381.7552490234375,259.3693542480469,1333.976318359375
2024-07-16,1557.4681396484375,786.0726928710938,1209.7056884765625,1622.454833984375,3873.037841796875,1428.306396484375,848.0773315429688,413.1832885742187,3568.0966796875,1301.8824462890625,359.62847900390625,12264.0419921875,1550.5263671875,3213.801025390625,697.2944946289062,2583.085693359375,358.8090515136719,2706.357666015625,1004.11572265625,318.9888610839844,2912.3623046875,11286.587890625,1397.563232421875,259.3693542480469,1312.509521484375
2024-07-18,1567.7689208984375,783.6705322265625,1219.8526611328125,1652.5343017578125,4000.1171875,1445.0098876953125,860.451416015625,417.3545837402344,3587.376953125,1307.2738037109375,363.9014892578125,12268.4091796875,1565.2041015625,3241.675537109375,702.3223266601562,2631.078125,356.26263427734375,2767.91162109375,1007.4590454101562,317.87103271484375,2870.35791015625,11275.50390625,1418.90185546875,265.6253967285156,1316.7457275390625
2024-07-19,1536.61962890625,780.0307006835938,1218.24267578125,1685.3394775390625,3997.190673828125,1423.68017578125,856.4069213867188,421.1709289550781,3550.38671875,1290.2513427734375,363.2732849121094,12152.216796875,1540.070556640625,3238.594970703125,684.7692260742188,2620.124755859375,343.9078369140625,2699.0439453125,973.4853515625,309.4410705566406,2884.555419921875,10898.9677734375,1400.17236328125,258.2108459472656,1310.5247802734375
2024-07-22,1482.793701171875,797.1376953125,1210.9254150390625,1702.1651611328125,3983.207763671875,1427.235107421875,844.3218383789062,414.0707702636719,3582.71630859375,1280.41748046875,350.5000915527344,12265.69140625,1558.4296875,3234.0732421875,680.0228881835938,2628.099609375,352.2544250488281,2753.48046875,986.416015625,315.4026184082031,2873.05078125,11148.15234375,1404.068359375,234.39166259765625,1337.1658935546875
2024-07-23,1470.1708984375,785.4176025390625,1196.8759765625,1726.6517333984375,3997.143798828125,1427.5272216796875,831.8997192382812,436.8356018066406,3471.450927734375,1261.1986083984375,352.7635498046875,12253.853515625,1572.420166015625,3445.143310546875,664.499755859375,2657.9326171875,360.6953125,2769.77685546875,985.0885009765624,311.3506164550781,2836.626953125,11177.291015625,1402.0498046875,231.9587860107422,1355.7493896484375
2024-07-24,1477.8779296875,778.4534912109375,1193.21728515625,1723.878662109375,4000.76708984375,1417.3006591796875,820.4404907226562,438.4775085449219,3453.201171875,1237.237548828125,348.2366027832031,12116.2666015625,1589.9449462890625,3456.62109375,652.651123046875,2610.56494140625,370.2679748535156,2754.216796875,1010.556396484375,314.0519104003906,2851.99951171875,11087.841796875,1439.50927734375,231.7502593994141,1346.89208984375
2024-07-25,1474.6171875,784.5440063476562,1168.728515625,1715.324951171875,4015.8642578125,1411.4083251953125,817.070068359375,434.8386840820313,3551.0244140625,1173.990478515625,354.0099792480469,12137.564453125,1635.450439453125,3384.4755859375,656.6614990234375,2601.10107421875,369.8435363769531,2760.0087890625,1072.7513427734375,316.19439697265625,2840.83740234375,11076.3203125,1436.4110107421875,234.87826538085935,1353.4190673828125
2024-07-26,1491.044189453125,785.2962646484375,1177.802001953125,1766.1309814453125,4076.578369140625,1474.9588623046875,830.50341796875,445.7107849121094,3610.630859375,1175.4381103515625,361.7277221679687,12287.474609375,1683.017822265625,3472.2724609375,670.688232421875,2604.80029296875,373.7574768066406,2835.012451171875,1099.645263671875,320.6189270019531,2888.5693359375,11300.4794921875,1446.8790283203125,243.19642639160156,1358.445068359375
2024-07-29,1501.9871826171875,778.9387817382812,1183.1680908203125,1758.799072265625,4070.307861328125,1442.7696533203125,839.3143920898438,440.2525329589844,3703.8916015625,1168.1500244140625,357.7491760253906,12372.71484375,1691.853759765625,3390.338623046875,672.9305419921875,2605.328369140625,371.4939575195313,2879.385986328125,1105.2501220703125,318.895751953125,2893.0244140625,11494.822265625,1432.0455322265625,243.01109313964844,1350.822021484375
2024-07-30,1495.1199951171875,784.0345458984375,1179.9971923828125,1764.486083984375,4055.675048828125,1432.0560302734375,840.469970703125,434.7943115234375,3713.408935546875,1168.10009765625,356.19366455078125,12491.1875,1670.59814453125,3446.534423828125,674.0318603515625,2585.919677734375,383.80169677734375,2868.685546875,1142.4686279296875,325.83526611328125,2942.32373046875,11497.4033203125,1443.9686279296875,241.6671905517578,1343.7322998046875
2024-07-31,1487.4869384765625,784.1315307617188,1185.3145751953125,1756.1201171875,4074.255126953125,1452.7041015625,840.0848388671875,439.6313171386719,3743.187744140625,1164.2064208984375,360.5411376953125,12726.142578125,1688.0247802734375,3437.292724609375,672.3872680664062,2599.611572265625,392.3368835449219,2854.646728515625,1137.35546875,324.344970703125,3020.066162109375,11576.0390625,1459.3184814453125,241.89889526367188,1333.1370849609375
2024-08-01,1497.244384765625,795.3178100585938,1180.63134765625,1741.409423828125,4085.17236328125,1466.290771484375,830.696044921875,438.1668701171875,3708.159912109375,1170.396484375,357.4999084472656,12962.166015625,1683.9503173828125,3446.634033203125,668.9002075195312,2609.123291015625,399.3631286621094,2776.697998046875,1125.309814453125,336.36114501953125,3034.655517578125,11670.79296875,1449.9771728515625,241.6903533935547,1360.28173828125
2024-08-02,1481.4595947265625,805.1937866210938,1167.411376953125,1711.8939208984375,3979.212890625,1454.8955078125,816.4441528320312,434.0842895507813,3596.6982421875,1158.9649658203125,359.6536865234375,12464.9462890625,1700.100830078125,3440.671875,664.292236328125,2587.025146484375,395.826416015625,2699.387451171875,1078.3563232421875,333.7063903808594,3041.851806640625,11456.5517578125,1415.47509765625,232.7002410888672,1375.3302001953125
2024-08-05,1430.0792236328125,784.1315307617188,1144.0445556640625,1646.75341796875,3860.29345703125,1427.5272216796875,781.5850830078125,431.3330078125,3461.590087890625,1131.6593017578125,353.7108459472656,11950.1923828125,1689.006591796875,3354.8125,651.6187744140625,2609.459716796875,389.7433166503906,2629.97998046875,999.494140625,319.3148498535156,3028.82958984375,11118.390625,1367.26611328125,224.7528076171875,1345.2926025390625
2024-08-06,1438.700439453125,777.0703125,1138.4346923828125,1646.0013427734375,3875.297607421875,1405.9542236328125,768.15185546875,431.5992736816406,3508.8828125,1124.2713623046875,353.09259033203125,11881.8759765625,1676.4398193359375,3314.21826171875,645.8551025390625,2642.271484375,391.393798828125,2584.82080078125,996.8391723632812,317.4053039550781,3037.005126953125,11028.84765625,1392.66162109375,226.8381500244141,1344.3741455078125
2024-08-07,1447.3707275390625,787.8926391601562,1143.898193359375,1684.1175537109375,3902.472900390625,1412.0263671875,778.6962890625,437.2349548339844,3569.764892578125,1134.9541015625,354.2891540527344,12117.3369140625,1702.849609375,3305.423828125,655.614501953125,2636.506591796875,395.7187805175781,2631.84521484375,1008.196533203125,327.9311218261719,3036.71142578125,11241.0439453125,1383.5079345703125,230.49905395507812,1367.865234375
2024-08-08,1431.85791015625,797.21044921875,1136.2393798828125,1638.5284423828125,3876.5517578125,1421.8692626953125,778.1184692382812,439.0987548828125,3486.6591796875,1136.3018798828125,353.5313415527344,11967.8232421875,1705.4024658203125,3275.85986328125,650.1864624023438,2626.08154296875,387.54400634765625,2633.90673828125,1024.3720703125,319.1751708984375,2942.66650390625,10963.30859375,1376.748291015625,225.8186492919922,1370.2252197265625
2024-08-09,1456.7330322265625,800.8502807617188,1143.0689697265625,1664.471923828125,3928.76513671875,1433.91552734375,793.7665405273438,440.1194458007813,3524.4345703125,1140.894287109375,352.9131164550781,11973.0634765625,1703.684326171875,3310.839599609375,653.7425537109375,2639.533203125,390.34814453125,2698.896728515625,1050.282470703125,322.2956237792969,2977.131591796875,11004.5498046875,1414.5362548828125,227.6722717285156,1385.0762939453125
2024-08-12,1443.220947265625,805.6547241210938,1154.09033203125,1689.5224609375,3898.013427734375,1428.5289306640625,782.4998779296875,438.9656066894531,3504.712890625,1162.409423828125,353.491455078125,12021.10546875,1702.260498046875,3300.0576171875,652.7498168945312,2640.97412109375,381.0326843261719,2667.972412109375,1058.1982421875,317.7779235839844,2989.46875,11006.9853515625,1419.9815673828125,226.62960815429688,1360.0052490234375
2024-08-13,1446.1851806640625,778.0409545898438,1149.7113037109375,1689.5693359375,3899.22119140625,1429.606201171875,768.0073852539062,434.883056640625,3484.942138671875,1157.7169189453125,349.40325927734375,11926.0986328125,1708.396728515625,3362.364990234375,638.614501953125,2633.96044921875,376.6125183105469,2668.365234375,1035.8768310546875,313.86566162109375,2960.437744140625,10976.1640625,1411.4381103515625,227.30154418945312,1372.2198486328125
2024-08-14,1444.4312744140625,780.2733154296875,1143.1181640625,1713.821044921875,3990.5478515625,1441.3587646484375,773.2555541992188,436.8356018066406,3478.46630859375,1151.2275390625,348.57562255859375,11954.89453125,1709.9185791015625,3380.848388671875,637.967529296875,2615.368896484375,376.7550964355469,2695.068115234375,1044.62841796875,310.65203857421875,2962.689697265625,10714.5947265625,1431.153564453125,229.45640563964844,1343.1199951171875
2024-08-16,1460.5863037109375,792.0662231445312,1168.3096923828125,1747.378173828125,4102.7783203125,1452.964599609375,782.0184326171875,446.1101379394531,3501.180908203125,1164.9552001953125,354.438720703125,11962.3876953125,1710.99853515625,3423.181640625,651.0458984375,2640.541748046875,378.3710632324219,2788.527587890625,1080.0279541015625,318.0250244140625,2984.52392578125,11000.0224609375,1488.3284912109375,239.23431396484375,1341.6488037109375
2024-08-19,1475.65625,791.79931640625,1157.140869140625,1752.8773193359375,4171.482421875,1439.3511962890625,783.5592041015625,445.0451049804687,3488.131103515625,1151.3773193359375,355.24639892578125,11900.19140625,1715.95654296875,3443.156005859375,653.5598754882812,2635.065673828125,383.17138671875,2714.60400390625,1069.5555419921875,319.6217346191406,3012.08642578125,11019.158203125,1497.1065673828125,240.85623168945312,1364.9029541015625
2024-08-20,1483.1416015625,794.783935546875,1160.6341552734375,1759.8328857421875,4202.41943359375,1419.2738037109375,789.9146728515625,442.6932067871094,3505.44873046875,1166.1033935546875,360.0924377441406,11964.0029296875,1734.1685791015625,3453.142822265625,664.0156860351562,2643.232421875,386.1656799316406,2720.641845703125,1068.76904296875,319.8095703125,3038.425048828125,11052.609375,1528.979736328125,243.12693786621097,1375.5672607421875
2024-08-21,1485.8433837890625,789.0088500976562,1156.1075439453125,1760.3028564453125,4228.61962890625,1433.2789306640625,785.3406372070312,448.55078125,3528.359130859375,1172.492919921875,361.5482482910156,11969.880859375,1732.49951171875,3538.107666015625,665.3145141601562,2681.80859375,388.7322387695313,2718.776611328125,1067.09716796875,316.1934509277344,3085.765869140625,10907.705078125,1506.494873046875,243.9147186279297,1394.7431640625
2024-08-22,1485.2979736328125,791.6780395507812,1172.098388671875,1767.39990234375,4182.63134765625,1455.706787109375,789.9146728515625,447.7964172363281,3538.612548828125,1168.050048828125,363.2532958984375,12024.1416015625,1718.754638671875,3581.832275390625,666.1295166015625,2683.345947265625,383.4090881347656,2682.99267578125,1050.626708984375,313.70452880859375,3120.084228515625,11013.3642578125,1512.6910400390625,240.50868225097656,1376.298095703125
2024-08-23,1487.1322021484375,788.6448364257812,1184.300537109375,1750.3392333984375,4147.23388671875,1475.686279296875,785.1480102539062,448.9058532714844,3530.812255859375,1164.056640625,362.5553588867187,12049.55859375,1743.3973388671875,3547.6474609375,665.364013671875,2705.25244140625,382.0783081054687,2708.566650390625,1067.0482177734375,315.8177795410156,3088.801025390625,11044.916015625,1500.626953125,237.45021057128903,1373.424560546875
2024-08-26,1499.6490478515625,795.8759155273438,1193.9442138671875,1763.5460205078125,4183.048828125,1482.34619140625,784.859130859375,448.8170471191406,3573.345947265625,1168.399658203125,361.45849609375,11992.2607421875,1740.1573486328125,3607.470703125,669.5621337890625,2710.5849609375,394.3405151367187,2742.04345703125,1074.1771240234375,317.6962585449219,3105.15283203125,11040.337890625,1539.8233642578125,240.9720764160156,1371.212646484375
2024-08-27,1487.6031494140625,794.8082275390625,1206.7860107421875,1786.0584716796875,4178.12451171875,1491.3564453125,785.677734375,444.2907409667969,3633.001708984375,1179.331787109375,359.6337585449219,12240.1611328125,1756.7987060546875,3529.01513671875,677.9830322265625,2658.4609375,389.3975830078125,2729.968017578125,1059.2799072265625,314.9725036621094,3100.110107421875,11004.5498046875,1525.2244873046875,239.65138244628903,1375.09326171875
2024-08-28,1485.4715576171875,794.4927978515625,1204.325927734375,1822.7177734375,4186.392578125,1524.263671875,779.41845703125,441.3619384765625,3619.608642578125,1169.0484619140625,357.2306823730469,12103.6240234375,1778.8394775390625,3505.413818359375,681.57861328125,2656.010986328125,388.8272399902344,2746.853759765625,1056.625,314.1271667480469,3060.259521484375,10940.716796875,1527.80615234375,247.7378387451172,1382.2718505859375
2024-08-29,1507.90283203125,795.1964721679688,1202.4071044921875,1817.31298828125,4191.7353515625,1533.616943359375,784.3295288085938,448.2845764160156,3614.114013671875,1173.4913330078125,354.42877197265625,12197.9462890625,1766.419921875,3511.077880859375,697.7340698242188,2676.091796875,389.63519287109375,2707.1923828125,1102.9393310546875,313.0470275878906,3050.811279296875,10928.251953125,1546.582763671875,249.6378173828125,1368.8131103515625
2024-08-30,1496.6995849609375,794.395751953125,1209.5904541015625,1827.041748046875,4230.7099609375,1556.28955078125,785.3887939453125,445.4445190429687,3634.914794921875,1173.341552734375,355.13671875,12148.1904296875,1788.4610595703125,3542.82763671875,711.2273559570312,2669.1259765625,395.6237487792969,2754.118408203125,1092.81103515625,316.89788818359375,3061.532470703125,11006.060546875,1536.396484375,249.49880981445312,1388.601318359375
2024-09-02,1503.267822265625,789.5668334960938,1210.3284912109375,1846.5933837890625,4200.3291015625,1538.954345703125,791.6961669921875,452.6777648925781,3613.770751953125,1186.86962890625,355.0270080566406,12172.0888671875,1782.8648681640625,3565.087646484375,734.924560546875,2679.7431640625,389.7302856445313,2726.237548828125,1074.423095703125,315.16033935546875,3085.17822265625,11125.8408203125,1545.92578125,246.74151611328125,1357.1614990234375
2024-09-03,1496.203857421875,794.6140747070312,1227.79541015625,1824.7388916015625,4192.2470703125,1528.4261474609375,794.2479858398438,452.1008605957031,3620.687744140625,1189.6650390625,355.7349853515625,12142.41015625,1778.495849609375,3598.47705078125,726.4048461914062,2684.787109375,386.3082580566406,2733.9443359375,1066.9989013671875,314.31500244140625,3088.9970703125,11160.80078125,1543.5316162109375,248.4097595214844,1353.5474853515625
2024-09-04,1501.5823974609375,796.7737426757812,1216.62646484375,1807.067138671875,4161.49462890625,1529.6993408203125,786.2554321289062,449.3939514160156,3582.07861328125,1175.78759765625,355.7349853515625,12082.810546875,1799.456787109375,3585.111328125,721.0410766601562,2729.897216796875,385.0725708007813,2699.33837890625,1062.426513671875,312.6713562011719,3164.193603515625,11277.3193359375,1544.6583251953125,240.57818603515625,1340.384765625
2024-09-05,1480.192138671875,798.5450439453125,1216.23291015625,1817.1248779296875,4158.4296875,1515.3023681640625,788.422119140625,453.6983642578125,3555.93017578125,1178.633056640625,354.5683288574219,12045.9345703125,1793.2225341796875,3699.540771484375,715.647705078125,2727.20703125,383.3139953613281,2673.322998046875,1051.3150634765625,311.1216735839844,3170.65625,11240.5087890625,1539.213134765625,243.21958923339844,1322.32470703125
2024-09-06,1452.2830810546875,794.419921875,1188.8763427734375,1787.7034912109375,4140.5908203125,1507.516357421875,753.514892578125,445.2669982910156,3507.460205078125,1156.8682861328125,351.8162536621094,11935.794921875,1791.3082275390625,3672.36181640625,722.7845458984375,2727.6875,375.28173828125,2648.780029296875,1031.8453369140625,309.7597351074219,3205.365966796875,11133.58203125,1523.95703125,241.2500915527344,1316.6766357421875
2024-09-09,1449.9283447265625,799.0546264648438,1215.2979736328125,1780.935791015625,4133.90185546875,1510.84619140625,755.2000732421875,454.1865539550781,3510.943359375,1168.94873046875,357.0013427734375,11896.224609375,1788.6572265625,3661.48046875,725.777587890625,2807.29052734375,370.5764770507813,2659.33349609375,1021.3728637695312,308.585693359375,3212.268798828125,11193.47265625,1482.6016845703125,238.58551025390625,1314.4549560546875
2024-09-10,1449.0113525390625,800.923095703125,1217.5614013671875,1797.5263671875,4188.06591796875,1545.3204345703125,753.6593017578125,455.8284606933594,3528.457275390625,1185.2720947265625,357.29052734375,12011.4580078125,1802.893310546875,3704.06201171875,715.346435546875,2784.99951171875,376.70758056640625,2640.827880859375,1018.5214233398438,313.84539794921875,3226.2705078125,11238.9501953125,1509.0765380859375,243.63668823242188,1313.36865234375
2024-09-11,1439.0721435546875,797.7928466796875,1216.62646484375,1795.50537109375,4161.587890625,1545.271484375,740.1296997070312,456.4940490722656,3470.371826171875,1184.1739501953125,356.8218688964844,11991.0849609375,1812.0728759765625,3687.8642578125,725.5899047851562,2790.33203125,370.3863525390625,2605.7314453125,960.0138549804688,312.953125,3297.1591796875,11186.75390625,1504.5701904296875,238.35382080078125,1305.8839111328125
2024-09-12,1467.1298828125,808.8092651367188,1232.174560546875,1833.3865966796875,4197.216796875,1612.7999267578125,758.5704345703125,461.0648193359375,3553.82080078125,1201.3958740234375,364.4399108886719,12146.083984375,1831.413818359375,3740.68115234375,733.7638549804688,2840.5341796875,384.83489990234375,2690.79736328125,969.6995849609376,317.6493225097656,3312.62939453125,11403.720703125,1542.733642578125,245.62933349609375,1319.974609375
2024-09-13,1460.016357421875,808.4938354492188,1230.403076171875,1827.417724609375,4201.77001953125,1600.7535400390625,761.5555419921875,456.0503234863281,3544.990234375,1215.4730224609375,363.02398681640625,12063.0263671875,1819.9761962890625,3743.4140625,750.5761108398438,2818.003173828125,381.5554504394531,2689.030517578125,975.55029296875,316.7570495605469,3287.955322265625,11411.2197265625,1554.750732421875,255.15234375,1315.4027099609375
2024-09-16,1458.752197265625,810.9202880859375,1242.7037353515625,1833.19873046875,4193.08251953125,1601.73291015625,756.451904296875,453.6096496582031,3593.31298828125,1229.051025390625,365.2077331542969,12036.5322265625,1829.008544921875,3717.22900390625,725.6096801757812,2754.734375,390.7759094238281,2706.99560546875,971.9120483398438,317.6962585449219,3266.170166015625,11337.890625,1548.1319580078125,255.7548065185547,1312.717041015625
2024-09-17,1459.6942138671875,809.876953125,1247.8699951171875,1835.3604736328125,4186.02197265625,1627.49072265625,753.9000854492188,450.636474609375,3625.642822265625,1230.09912109375,368.2688598632813,11994.1708984375,1832.1011962890625,3743.8115234375,727.560546875,2760.88330078125,395.7187805175781,2736.69287109375,958.6864624023438,316.4283142089844,3243.64990234375,11340.8125,1550.52587890625,255.7548065185547,1309.6656494140625
2024-09-18,1450.919921875,822.4949340820312,1267.796875,1778.5858154296875,4037.837158203125,1620.781982421875,763.3851928710938,450.2814636230469,3660.229248046875,1238.4356689453125,366.88287353515625,11953.3759765625,1802.549560546875,3702.02490234375,753.7963256835938,2763.141357421875,393.6751098632813,2756.8671875,946.0015869140624,313.9862976074219,3206.2958984375,11326.4482421875,1507.198974609375,249.38294982910156,1297.0562744140625
2024-09-19,1457.0916748046875,829.1435546875,1271.388671875,1780.5125732421875,3991.383544921875,1630.5267333984375,760.6889038085938,451.0802307128906,3614.359130859375,1240.6820068359375,373.3143310546875,12097.748046875,1812.41650390625,3757.276611328125,749.7710571289062,2797.63427734375,402.9906311035156,2746.36279296875,950.8690185546876,314.5498352050781,3225.095458984375,11323.13671875,1497.763671875,247.1585693359375,1284.170166015625
2024-09-20,1473.2025146484375,845.0130004882812,1317.09765625,1791.369384765625,3980.931640625,1676.4599609375,752.7445068359375,456.5384521484375,3722.48486328125,1242.978271484375,379.8056335449219,12355.345703125,1831.757568359375,3773.425048828125,748.99072265625,2860.903564453125,402.9906311035156,2896.909912109375,954.65478515625,320.1382751464844,3237.921875,11489.466796875,1522.8304443359375,249.8231658935547,1293.7679443359375
2024-09-23,1480.5887451171875,854.0396728515625,1300.8116455078125,1782.627685546875,3965.6953125,1714.362060546875,772.1480712890625,458.8016357421875,3716.401611328125,1244.775390625,385.8282775878906,12422.53515625,1828.76318359375,3796.181640625,750.2402954101562,2909.85693359375,407.173095703125,2994.051025390625,955.5889892578124,320.4200744628906,3209.037841796875,11648.9296875,1508.841796875,247.8768768310547,1314.1685791015625
2024-09-24,1476.6229248046875,858.04345703125,1297.5643310546875,1784.6484375,3968.296630859375,1720.4342041015625,768.6814575195312,457.2928771972656,3720.228271484375,1237.537109375,381.83978271484375,12476.8955078125,1834.0648193359375,3761.201904296875,746.2002563476562,2834.913330078125,406.9354553222656,3018.103271484375,960.9971923828124,328.77923583984375,3180.59423828125,11453.7763671875,1536.9598388671875,250.03167724609375,1313.3587646484375
2024-09-25,1481.15869140625,863.4060668945312,1302.7305908203125,1781.546630859375,3971.501953125,1724.1070556640625,763.7222290039062,459.3341369628906,3722.43603515625,1266.0406494140625,378.4993896484375,12522.6357421875,1836.4700927734375,3713.850341796875,753.0851440429688,2833.376220703125,414.5399169921875,3034.547119140625,947.5257568359376,341.64678955078125,3177.0205078125,11506.9951171875,1504.7110595703125,248.47930908203125,1321.4755859375
2024-09-26,1485.12451171875,865.51708984375,1307.84765625,1786.1995849609375,3987.993408203125,1734.5863037109375,772.1480712890625,463.94921875,3691.33251953125,1275.0262451171875,379.3669128417969,13108.8408203125,1863.812744140625,3734.0234375,767.35888671875,2869.070556640625,413.1140747070313,3122.950927734375,976.5828247070312,343.24346923828125,3208.646240234375,11749.1845703125,1508.654052734375,251.12071228027344,1331.9324951171875
2024-09-27,1513.10791015625,850.56982421875,1285.7557373046875,1792.3095703125,4003.043701171875,1698.8388671875,772.91845703125,463.90484619140625,3635.89599609375,1271.08251953125,373.4140319824219,13218.3427734375,1913.1961669921875,3792.802978515625,766.1338500976562,2849.998291015625,415.3004150390625,3125.4541015625,976.4353637695312,332.7240295410156,3241.642822265625,11639.4345703125,1510.8134765625,251.07437133789065,1333.0185546875
2024-09-30,1463.9324951171875,840.572509765625,1252.69189453125,1763.029052734375,3965.6953125,1674.3052978515625,758.71484375,459.86663818359375,3606.36279296875,1230.1990966796875,369.7247009277344,12966.03515625,1891.5970458984375,3800.00732421875,760.8985595703125,2842.35986328125,421.2889709472656,3038.326416015625,958.3914794921876,331.4090881347656,3259.60986328125,11493.0703125,1480.7237548828125,250.91217041015625,1333.3543701171875
2024-10-01,1452.2830810546875,837.7333984375,1254.069580078125,1790.0533447265625,3983.71875,1663.678955078125,767.4296264648438,458.135986328125,3584.727783203125,1224.6580810546875,374.800048828125,12895.5146484375,1884.969970703125,3752.307861328125,760.8985595703125,2809.163818359375,418.3422546386719,3107.635986328125,949.0990600585938,329.483642578125,3208.93994140625,11527.2998046875,1525.9754638671875,253.36827087402344,1332.860595703125
2024-10-03,1394.928466796875,816.282958984375,1236.307373046875,1779.7606201171875,3932.4814453125,1638.949462890625,764.6851806640625,455.0740661621094,3431.8115234375,1173.790771484375,363.5126037597656,12387.51953125,1876.035888671875,3651.940185546875,734.3120727539062,2779.955322265625,413.8270263671875,3072.6376953125,910.2579956054688,323.23773193359375,3083.562744140625,11417.890625,1505.931396484375,245.67567443847656,1330.204345703125
2024-10-04,1374.653564453125,804.4658203125,1219.97216796875,1803.0252685546875,3950.597900390625,1607.0706787109375,767.1407470703125,446.9089050292969,3428.180908203125,1176.4864501953125,360.760498046875,12346.775390625,1875.25048828125,3647.120849609375,712.3336791992188,2737.103515625,409.1693115234375,2962.292236328125,915.2237548828124,318.2597961425781,3008.365966796875,11150.5263671875,1517.572998046875,247.25125122070312,1309.9818115234375
2024-10-07,1358.9888916015625,785.1264038085938,1214.215576171875,1818.2059326171875,3969.737060546875,1627.7845458984375,742.1038208007812,452.8109130859375,3403.063232421875,1143.8394775390625,357.0212707519531,12270.1328125,1870.5377197265625,3566.777099609375,718.0678100585938,2722.354736328125,394.9108581542969,3004.2607421875,912.3720703125,308.9613952636719,2998.329833984375,10936.3828125,1519.5445556640625,246.27810668945312,1305.3704833984375
2024-10-08,1385.3858642578125,801.2627563476562,1216.8724365234375,1831.6007080078125,3951.52734375,1623.2794189453125,752.5037841796875,450.81396484375,3465.9072265625,1151.42724609375,359.64373779296875,12274.4912109375,1882.2210693359375,3471.4775390625,709.9234619140625,2708.326904296875,400.1389770507813,3107.979736328125,904.4563598632812,307.270751953125,3023.591064453125,11091.6591796875,1529.4490966796875,244.1927795410156,1314.484375
2024-10-09,1362.8306884765625,792.5758666992188,1224.302001953125,1835.548583984375,3951.248291015625,1643.503662109375,767.8629760742188,436.3918151855469,3421.460205078125,1168.2498779296875,359.1252136230469,12498.5419921875,1895.6715087890625,3471.576904296875,721.1348266601562,2660.430908203125,397.7625427246094,3095.364501953125,923.483642578125,309.7127685546875,3014.58349609375,11053.0478515625,1557.3323974609375,246.13909912109375,1316.2222900390625
2024-10-10,1359.31103515625,806.7709350585938,1223.6624755859375,1803.8240966796875,3927.510986328125,1643.503662109375,767.5740356445312,436.7024841308594,3395.2138671875,1182.326904296875,374.1419677734375,12678.173828125,1853.3568115234375,3425.666259765625,723.0364379882812,2646.739013671875,401.8024597167969,3135.90966796875,913.0112915039062,314.0332336425781,2995.24560546875,11130.85546875,1520.6240234375,243.2891082763672,1300.0777587890625
2024-10-11,1360.35205078125,801.2385864257812,1203.489501953125,1818.9578857421875,3854.85791015625,1652.612060546875,770.1259155273438,433.2855224609375,3416.995849609375,1170.546142578125,375.3983459472656,12514.1640625,1867.2978515625,3452.64599609375,721.2880249023438,2674.122314453125,401.6123352050781,3077.0556640625,915.1746215820312,309.9945068359375,2973.802490234375,11122.3349609375,1546.30126953125,244.81837463378903,1303.2572021484375
2024-10-14,1360.7734375,819.2433471679688,1212.099853515625,1841.3294677734375,3843.19873046875,1660.6429443359375,775.3258666992188,441.0513000488281,3488.131103515625,1162.459228515625,381.0620422363281,12280.26953125,1874.9559326171875,3475.899658203125,712.081787109375,2679.791259765625,403.5133972167969,3097.229736328125,912.7654418945312,310.6050720214844,2975.7119140625,11004.501953125,1588.9710693359375,254.6657562255859,1315.2447509765625
2024-10-15,1332.5174560546875,817.3021240234375,1235.470947265625,1841.7054443359375,3824.75634765625,1681.8465576171875,774.8444213867188,442.4713134765625,3485.0400390625,1151.976318359375,377.9509887695313,12191.041015625,1863.8616943359375,3486.532470703125,693.1260375976562,2672.440673828125,405.5096435546875,3098.113525390625,901.998046875,309.80670166015625,3003.07861328125,11118.05078125,1572.8702392578125,246.97320556640625,1305.716064453125
2024-10-16,1342.4813232421875,824.9214477539062,1223.3179931640625,1804.858154296875,3804.45654296875,1698.2021484375,775.61474609375,437.7231140136719,3466.103759765625,1151.3272705078125,374.1918029785156,12129.482421875,1863.910888671875,3449.267578125,687.1448364257812,2672.248779296875,403.27581787109375,3011.918212890625,892.3124389648438,307.3177490234375,3017.765625,11025.9267578125,1558.74072265625,246.60250854492188,1325.316650390625
2024-10-17,1344.811279296875,811.988037109375,1211.60791015625,1849.9771728515625,3817.51025390625,1666.0784912109375,781.0072631835938,433.9067687988281,3503.093994140625,1130.0120849609375,371.7388916015625,11894.265625,1855.1239013671875,3382.041015625,681.5292358398438,2631.318115234375,397.0971374511719,2910.408447265625,876.726806640625,311.0277099609375,2992.0634765625,10728.91015625,1595.073486328125,245.0269012451172,1323.9639892578125
2024-10-18,1347.66162109375,816.210205078125,1244.327392578125,1766.7889404296875,3839.907958984375,1672.640380859375,790.010986328125,431.9542846679687,3510.45263671875,1194.906494140625,373.1348571777344,11856.41015625,1875.544921875,3360.278076171875,681.5342407226562,2610.61279296875,403.9411926269531,2910.064697265625,894.9674072265625,311.87298583984375,2929.69287109375,10779.548828125,1584.6524658203125,254.2487640380859,1331.2806396484375
2024-10-21,1357.476806640625,838.9466552734375,1238.9644775390625,1741.5504150390625,3799.67529296875,1657.6558837890625,783.7999267578125,429.247314453125,3518.10595703125,1188.3671875,356.8118896484375,11925.7568359375,1862.438232421875,3342.192138671875,669.8140258789062,2587.985595703125,403.98870849609375,2943.39404296875,888.2316284179688,311.0277099609375,2985.552001953125,10584.7841796875,1597.1387939453125,253.99380493164065,1322.6505126953125
2024-10-22,1331.8482666015625,832.0796508789062,1247.279541015625,1740.4693603515625,3739.743896484375,1657.3619384765625,761.1222534179688,427.6053771972656,3445.793212890625,1173.8406982421875,351.6168518066406,11678.3447265625,1853.160400390625,3308.951416015625,659.6397094726562,2576.600341796875,395.1960144042969,2834.423095703125,864.8286743164062,303.13812255859375,2944.086181640625,10541.7900390625,1592.7733154296875,252.76580810546875,1315.738525390625
2024-10-23,1327.0645751953125,842.3924560546875,1231.6331787109375,1760.9609375,3787.00927734375,1651.044921875,756.8851928710938,426.3185424804687,3390.356689453125,1158.5157470703125,352.544189453125,11710.5703125,1805.8385009765625,3268.009521484375,691.0418090820312,2555.077880859375,388.1142883300781,2742.43603515625,863.009521484375,297.6435852050781,2927.2939453125,10471.576171875,1629.76318359375,253.5767822265625,1304.975341796875
2024-10-24,1328.3287353515625,849.1138305664062,1232.764892578125,1751.51416015625,3769.9189453125,1643.846435546875,765.1185302734375,418.6415100097656,3377.8466796875,1165.454345703125,351.4273986816406,11522.0244140625,1815.214599609375,3310.04443359375,695.4967041015625,2406.92138671875,391.5363464355469,2774.685546875,865.3203125,299.7568664550781,2909.963623046875,10754.5205078125,1629.575439453125,253.4377593994141,1299.9989013671875
2024-10-25,1316.4808349609375,846.0806884765625,1235.4217529296875,1750.2923583984375,3778.906494140625,1631.653076171875,752.0222778320312,428.0491943359375,3263.784912109375,1187.4185791015625,352.7535705566406,11266.5322265625,1826.5050048828125,3246.09765625,682.581298828125,2428.9716796875,379.1790466308594,2671.114013671875,849.8822021484375,296.61041259765625,2896.255615234375,10707.388671875,1611.4559326171875,251.83901977539065,1286.569580078125
2024-10-28,1322.9251708984375,841.6158447265625,1272.2252197265625,1753.3941650390625,3809.919677734375,1629.0577392578125,762.7111206054688,429.6910705566406,3277.9140625,1169.697509765625,348.9645080566406,11247.3349609375,1868.2308349609375,3262.494140625,682.6997680664062,2474.8505859375,383.9318542480469,2730.16455078125,863.796142578125,298.9585266113281,2939.1904296875,10802.23828125,1598.40625,258.8595886230469,1295.0220947265625
2024-10-29,1328.52685546875,850.1815185546875,1310.6029052734375,1748.5933837890625,3795.390869140625,1603.348876953125,801.8554077148438,433.0636596679687,3317.259033203125,1184.9227294921875,351.028564453125,10819.068359375,1837.5008544921875,3262.842041015625,693.6791381835938,2447.8037109375,391.7740173339844,2696.687744140625,828.691650390625,301.0717468261719,2930.378662109375,10821.228515625,1594.60400390625,260.52789306640625,1258.684326171875
2024-10-30,1332.3935546875,841.8099975585938,1291.21728515625,1713.2276611328125,3804.1455078125,1599.67626953125,791.9850463867188,436.2586975097656,3344.192626953125,1168.49951171875,345.92327880859375,11025.1953125,1818.3563232421875,3287.735107421875,687.0115356445312,2454.81787109375,388.304443359375,2658.204345703125,826.1842651367188,299.09942626953125,2934.09912109375,10911.7939453125,1581.8826904296875,261.9412841796875,1234.1466064453125
2024-10-31,1320.64501953125,842.3438110351562,1271.6346435546875,1670.589599609375,3695.925537109375,1579.35400390625,789.8184204101562,433.8180541992187,3554.115234375,1157.6671142578125,345.2252502441406,10848.8935546875,1815.214599609375,3246.594482421875,680.566162109375,2429.1640625,390.3607482910156,2678.673095703125,820.1368408203125,301.3066101074219,2874.372314453125,10775.9951171875,1523.815673828125,255.7084503173828,1258.190673828125
2024-11-01,1327.1884765625,843.120361328125,1271.19189453125,1674.0120849609375,3710.593505859375,1583.1246337890625,790.7813720703125,435.1493225097656,3558.089111328125,1167.65087890625,347.87762451171875,10881.75390625,1824.54150390625,3273.077392578125,683.9098510742188,2438.051513671875,393.4212951660156,2766.14453125,829.3800659179688,302.48065185546875,2878.48486328125,10854.0458984375,1519.0792236328125,255.4999084472656,1243.774169921875
2024-11-04,1291.0009765625,831.8612060546875,1256.82470703125,1676.6739501953125,3691.920166015625,1558.4442138671875,799.1109619140625,430.0904846191406,3507.165771484375,1137.4000244140625,344.87628173828125,10825.38671875,1775.943359375,3201.826416015625,676.017333984375,2425.849365234375,383.4745788574219,2831.232666015625,810.352783203125,296.28173828125,2854.447265625,10713.8642578125,1551.9967041015625,250.6109313964844,1252.364990234375
2024-11-05,1294.1240234375,853.0933227539062,1276.013671875,1667.68994140625,3698.626220703125,1545.8592529296875,817.7442016601562,426.1854248046875,3507.50927734375,1169.7972412109375,350.4202880859375,10940.619140625,1770.7398681640625,3210.02490234375,684.5765991210938,2422.53466796875,385.5308532714844,2846.44921875,821.7101440429688,297.36187744140625,2827.03173828125,10883.7958984375,1546.5499267578125,251.95486450195312,1256.2158203125
2024-11-06,1314.002197265625,851.8316040039062,1281.5736083984375,1733.762451171875,3855.3681640625,1565.838623046875,823.13671875,426.984130859375,3576.829345703125,1164.605712890625,351.5071716308594,11120.986328125,1794.1551513671875,3157.15771484375,692.0690307617188,2430.650634765625,391.0780334472656,2880.90771484375,825.6925659179688,299.1463928222656,2836.822998046875,10979.28125,1604.23828125,261.3157043457031,1285.740234375
2024-11-07,1294.470947265625,847.6094360351562,1258.30078125,1714.131103515625,3865.845458984375,1543.312744140625,827.7589111328125,424.1440734863281,3577.90869140625,1158.0164794921875,348.3761901855469,11067.998046875,1758.3204345703125,3101.309814453125,682.0231323242188,2406.15673828125,386.2003173828125,2838.497314453125,806.0753784179688,293.9336242675781,2783.509521484375,10761.533203125,1563.93212890625,261.0840148925781,1271.1754150390625
2024-11-08,1272.758544921875,851.4432983398438,1238.7674560546875,1739.704345703125,3862.213623046875,1537.534423828125,811.9182739257812,424.2772216796875,3591.399658203125,1159.064697265625,348.1568298339844,11070.7890625,1776.6304931640625,3166.30029296875,681.1785888671875,2437.45458984375,380.3183898925781,2920.52001953125,792.013916015625,297.0330810546875,2711.641845703125,10754.27734375,1592.681640625,263.67901611328125,1267.52197265625
2024-11-11,1261.802978515625,857.1942138671875,1249.0509033203125,1768.367431640625,3910.363525390625,1528.377197265625,816.2516479492188,423.3009643554687,3560.5419921875,1169.0985107421875,347.7978515625,11165.501953125,1761.90380859375,3186.52294921875,669.6066284179688,2421.27099609375,375.4406433105469,2877.030029296875,791.2764892578125,309.7597351074219,2490.0166015625,10683.2861328125,1614.2791748046875,265.764404296875,1271.7186279296875
2024-11-12,1263.33984375,833.8509521484375,1250.330078125,1776.6385498046875,3909.152099609375,1523.5782470703125,796.0775756835938,419.6621398925781,3523.747802734375,1156.2694091796875,343.2908630371094,10914.173828125,1768.0399169921875,3178.423828125,655.71826171875,2392.548828125,363.7245788574219,2845.565673828125,771.7575073242188,303.0911865234375,2423.19091796875,10606.8896484375,1598.03369140625,264.4437255859375,1248.0201416015625
2024-11-13,1241.3299560546875,815.9674682617188,1233.6995849609375,1776.2581787109375,3865.33349609375,1518.4853515625,778.6962890625,419.0852661132813,3481.16455078125,1137.30029296875,336.6001281738281,10822.5947265625,1746.5880126953125,3167.890380859375,648.5862426757812,2395.902099609375,364.7288513183594,2747.786376953125,773.1342163085938,298.6767272949219,2418.931884765625,10499.9638671875,1587.23486328125,263.67901611328125,1229.357666015625
2024-11-14,1256.746826171875,821.5,1236.897705078125,1772.5980224609375,3861.18896484375,1518.5343017578125,774.459228515625,413.5382690429687,3459.873291015625,1138.84765625,340.59857177734375,10779.9384765625,1735.9847412109375,3163.76611328125,646.921875,2322.274169921875,356.2645263671875,2755.8857421875,761.383544921875,297.3429260253906,2431.317626953125,10447.669921875,1598.50732421875,262.61322021484375,1211.2874755859375
2024-11-18,1249.9554443359375,827.4934692382812,1233.45361328125,1722.1165771484375,3743.4697265625,1505.3126220703125,784.136962890625,414.0707702636719,3475.473876953125,1124.37109375,343.56005859375,10866.0341796875,1715.907470703125,3152.437744140625,648.7789306640625,2355.030029296875,350.7173767089844,2794.85986328125,759.0236206054688,297.2952880859375,2431.85595703125,10352.625,1573.21533203125,256.19500732421875,1178.5540771484375
2024-11-19,1231.0189208984375,845.5225830078125,1229.173095703125,1734.7607421875,3762.142578125,1494.0496826171875,773.2555541992188,414.78082275390625,3439.906005859375,1132.1085205078125,344.55718994140625,10734.1494140625,1744.8699951171875,3204.509521484375,651.4805297851562,2342.831787109375,350.7173767089844,2895.04443359375,770.1351318359375,300.1534423828125,2436.024658203125,10487.6455078125,1610.0167236328125,260.43524169921875,1198.203857421875
2024-11-21,1212.528564453125,845.0130004882812,1230.5999755859375,1743.602294921875,3793.155517578125,1493.7069091796875,751.8296508789062,405.7281494140625,3417.927734375,1137.30029296875,346.4218444824219,10638.310546875,1747.5697021484375,3158.549072265625,638.6737670898438,2316.053466796875,340.6271667480469,2882.57666015625,760.9409790039062,310.4904479980469,2381.540771484375,10668.0947265625,1612.4793701171875,258.18768310546875,1180.3314208984375
2024-11-22,1254.565673828125,847.1483764648438,1257.6612548828125,1808.4388427734375,3953.111572265625,1536.94677734375,785.8220825195312,421.2596740722656,3535.6689453125,1140.544921875,351.2778625488281,10836.306640625,1762.5911865234375,3287.983642578125,660.2373657226562,2376.75390625,349.5218200683594,2957.87451171875,777.804931640625,321.0179748535156,2424.745361328125,11077.5390625,1655.295654296875,264.9071044921875,1199.19140625
2024-11-25,1275.9805908203125,866.560546875,1280.1959228515625,1796.507568359375,4018.770263671875,1546.201904296875,813.1701049804688,423.1678466796875,3682.35498046875,1154.02294921875,357.1210021972656,10798.6474609375,1766.1256103515625,3288.38134765625,660.3805541992188,2402.219970703125,352.34326171875,2989.927978515625,783.3115234375,326.543701171875,2412.4853515625,11157.5390625,1641.2288818359375,269.91192626953125,1194.106201171875
2024-11-26,1284.6060791015625,866.5363159179688,1284.132080078125,1829.2589111328125,4053.787353515625,1544.73291015625,808.3071899414062,423.3453369140625,3632.90380859375,1142.9410400390625,355.6950988769531,10719.115234375,1729.505126953125,3306.665771484375,653.7178955078125,2409.7529296875,345.887451171875,2930.6318359375,769.9384765625,322.7804870605469,2456.915771484375,10829.9443359375,1653.35400390625,272.9472351074219,1193.46435546875
2024-11-27,1282.1275634765625,879.5181884765625,1279.9498291015625,1829.591552734375,4035.021240234375,1545.1246337890625,803.2034912109375,423.3009643554687,3629.076904296875,1147.7830810546875,355.6153564453125,10831.1640625,1717.5762939453125,3271.040283203125,662.33642578125,2417.237060546875,353.2040100097656,2949.87353515625,770.8726196289062,323.209228515625,2444.067138671875,10848.30078125,1664.1527099609375,270.12042236328125,1184.8243408203125
2024-11-28,1259.91943359375,870.224609375,1265.8287353515625,1765.0875244140625,3953.390380859375,1528.230224609375,807.7775268554688,421.4815368652344,3597.041748046875,1130.6610107421875,350.8291320800781,10724.8935546875,1702.6534423828125,3192.237060546875,642.995361328125,2393.22900390625,346.27001953125,2845.713134765625,766.4476318359375,317.8739929199219,2410.866943359375,10709.9208984375,1622.994140625,265.1619873046875,1176.9739990234375
2024-11-29,1281.1361083984375,871.6320190429688,1279.3594970703125,1766.2283935546875,3977.558349609375,1593.6041259765625,807.8739013671875,423.1234436035156,3654.685791015625,1134.454833984375,352.03564453125,10846.689453125,1748.4534912109375,3228.657470703125,649.564208984375,2426.22802734375,347.8002624511719,2911.881103515625,773.3308715820312,313.824951171875,2432.00341796875,10908.921875,1621.99951171875,267.78021240234375,1187.194091796875
2024-12-02,1297.9410400390625,875.8298950195312,1283.8369140625,1787.095947265625,3982.960205078125,1609.71484375,805.4183959960938,423.5228576660156,3634.326171875,1135.2535400390625,349.7821350097656,11008.3974609375,1775.5997314453125,3286.145263671875,656.947998046875,2409.704345703125,342.58782958984375,2961.26123046875,776.8707885742188,312.3482360839844,2431.463623046875,11343.6357421875,1653.8748779296875,270.88507080078125,1206.3997802734375
2024-12-03,1311.969970703125,886.3124389648438,1287.527099609375,1798.789306640625,4007.267822265625,1587.1402587890625,822.3182373046875,419.3959045410156,3715.763916015625,1158.615478515625,348.9744873046875,11047.5263671875,1767.254638671875,3311.883056640625,659.397705078125,2413.30078125,351.4346618652344,2971.962158203125,787.884033203125,314.0631408691406,2421.9990234375,11542.1015625,1657.2376708984375,270.3057861328125,1209.115234375
2024-12-04,1297.74267578125,902.7157592773438,1295.0550537109375,1796.0799560546875,4055.370849609375,1551.4415283203125,827.855224609375,414.5589294433594,3718.560302734375,1157.5672607421875,350.4901123046875,10901.1953125,1767.40185546875,3343.384521484375,665.77392578125,2395.464599609375,356.503662109375,2976.330810546875,774.9533081054688,309.68060302734375,2412.239990234375,11458.791015625,1666.804931640625,272.48382568359375,1200.2777099609375
2024-12-05,1310.7305908203125,905.457763671875,1315.1788330078125,1839.4310302734375,4157.490234375,1582.04736328125,833.3922729492188,414.9139404296875,3759.426513671875,1164.5059814453125,354.0099792480469,10952.5185546875,1780.4102783203125,3419.505126953125,676.6791381835938,2424.7216796875,353.0605773925781,3015.45263671875,779.3291015625,312.8245849609375,2405.129150390625,11620.4453125,1692.712646484375,277.3959045410156,1224.2723388671875
2024-12-06,1300.320556640625,900.6531982421875,1307.552490234375,1827.594970703125,4140.21435546875,1564.908203125,831.6589965820312,418.1534118652344,3793.91455078125,1182.62646484375,354.3689270019531,11085.4326171875,1771.9671630859375,3448.373291015625,676.6693115234375,2414.22412109375,353.3952941894531,3016.826904296875,803.174560546875,313.3486022949219,2383.060791015625,11538.3525390625,1688.7816162109375,275.588623046875,1237.9483642578125
2024-12-09,1284.0609130859375,907.520263671875,1301.205322265625,1828.783447265625,4146.408203125,1569.51123046875,826.266357421875,412.6507263183594,3872.99755859375,1161.361083984375,356.22357177734375,11048.0654296875,1773.734375,3446.48486328125,678.4522705078125,2333.500244140625,353.7300720214844,2995.474365234375,785.4257202148438,313.53912353515625,2345.93798828125,11505.5341796875,1684.0926513671875,281.520263671875,1239.380126953125
2024-12-10,1273.8489990234375,906.5982055664062,1309.2252197265625,1852.45556640625,4128.154296875,1546.10400390625,835.3663330078125,413.0945434570313,3849.3017578125,1151.776611328125,357.9087219238281,10968.142578125,1776.9742431640625,3453.987548828125,685.1544799804688,2330.196044921875,353.0605773925781,3010.83837890625,786.5565185546875,312.3958740234375,2343.04443359375,11438.3408203125,1670.546875,285.5519104003906,1224.7659912109375
2024-12-11,1267.2559814453125,904.1716918945312,1306.3223876953125,1876.79296875,4123.404296875,1553.3023681640625,829.684814453125,412.9170227050781,3843.0224609375,1145.3870849609375,357.9087219238281,11046.056640625,1780.9501953125,3451.3544921875,702.8261108398438,2334.083740234375,349.5696716308594,3015.894287109375,785.7698364257812,312.06243896484375,2370.899169921875,11587.04296875,1669.8363037109375,286.3860778808594,1222.98876953125
2024-12-12,1252.0870361328125,902.3032836914062,1308.04443359375,1889.0091552734375,4149.01611328125,1577.3463134765625,822.0775146484375,408.79010009765625,3787.242431640625,1143.7896728515625,352.7236633300781,10937.974609375,1772.5560302734375,3424.175537109375,703.883056640625,2279.263427734375,340.1011657714844,3011.378173828125,773.2325439453125,313.6344299316406,2343.68212890625,11546.5810546875,1695.2227783203125,286.478759765625,1229.7525634765625
2024-12-13,1261.9517822265625,908.3695678710938,1323.44482421875,1901.0828857421875,4166.66455078125,1647.078369140625,829.63671875,417.1327209472656,3813.83251953125,1146.28564453125,360.0924377441406,11040.9638671875,1780.4102783203125,3486.880615234375,709.5134887695312,2323.14892578125,341.5835876464844,3025.0732421875,777.1166381835938,318.0645446777344,2361.434326171875,11767.5908203125,1701.664306640625,287.26654052734375,1230.690673828125
2024-12-16,1257.4407958984375,905.1907958984376,1324.6256103515625,1882.4019775390625,4111.99609375,1628.2742919921875,829.0589599609375,417.2214660644531,3804.854736328125,1149.0311279296875,359.8531494140625,11045.3232421875,1776.826904296875,3416.672607421875,712.0422973632812,2299.86962890625,337.518798828125,3028.46044921875,771.7083740234375,319.16015625,2356.137939453125,11629.8916015625,1681.9139404296875,286.5714416503906,1253.994140625
2024-12-17,1234.6378173828125,889.6853637695312,1312.47265625,1879.1220703125,4031.249755859375,1581.9984130859375,819.044189453125,416.73333740234375,3735.534423828125,1134.4049072265625,355.78485107421875,10880.333984375,1756.455078125,3384.77392578125,706.5501098632812,2297.05078125,333.8366394042969,2985.902587890625,766.7426147460938,314.2060241699219,2310.77587890625,11466.7275390625,1677.3670654296875,286.2470397949219,1231.974365234375
2024-12-18,1242.5196533203125,878.74169921875,1293.1854248046875,1881.5465087890625,4049.2705078125,1568.874755859375,807.103515625,417.5765075683594,3687.407958984375,1120.4276123046875,354.9771728515625,10776.4130859375,1768.236328125,3380.599853515625,698.8107299804688,2293.1142578125,326.85479736328125,2995.42529296875,743.0938110351562,306.3460998535156,2300.42822265625,11456.015625,1685.087158203125,289.72259521484375,1259.3756103515625
2024-12-19,1219.914794921875,870.3944702148438,1266.3701171875,1850.2213134765625,3978.5361328125,1567.3076171875,801.95166015625,414.0707702636719,3646.394775390625,1107.099365234375,351.407470703125,10730.2802734375,1790.0810546875,3335.832275390625,683.4109497070312,2293.746337890625,322.6943664550781,2959.54345703125,731.63818359375,306.4413757324219,2247.857177734375,11365.3037109375,1661.8319091796875,289.8616027832031,1308.9449462890625
2024-12-20,1194.9803466796875,859.7177734375,1267.84619140625,1827.357421875,3883.913330078125,1545.5653076171875,781.922119140625,412.384521484375,3561.523193359375,1070.109375,347.7081298828125,10677.0966796875,1775.8941650390625,3335.23583984375,676.4668579101562,2268.52294921875,318.72528076171875,2853.22314453125,711.9718017578125,300.8679504394531,2238.53955078125,11123.794921875,1597.1337890625,282.8641662597656,1326.7681884765625
2024-12-23,1211.834716796875,874.0342407226562,1276.1121826171875,1829.4014892578125,3872.7373046875,1554.183837890625,790.7332763671875,420.9046936035156,3571.972412109375,1077.3975830078125,348.06707763671875,10599.669921875,1781.5394287109375,3375.68115234375,678.2892456054688,2273.3828125,319.1078186035156,2856.119140625,710.1526489257812,300.3916015625,2235.449951171875,11172.291015625,1622.09423828125,285.3665771484375,1324.4970703125
2024-12-24,1212.2808837890625,872.6268920898438,1276.5550537109375,1814.903564453125,3892.4814453125,1551.2457275390625,781.9702758789062,424.6322326660156,3571.236572265625,1077.1480712890625,348.8049621582031,10516.0244140625,1785.8592529296875,3332.403564453125,672.5106811523438,2270.126953125,320.6858825683594,2875.16455078125,723.8207397460938,295.4374694824219,2240.157958984375,11092.1953125,1614.98974609375,282.95684814453125,1333.9271240234375
2024-12-26,1206.1339111328125,869.0598754882812,1276.6533203125,1813.3348388671875,3882.7958984375,1566.524169921875,782.35546875,423.3009643554687,3561.1796875,1074.9515380859375,349.55279541015625,10672.150390625,1807.802001953125,3302.243896484375,673.2564697265625,2267.4052734375,320.06427001953125,2921.25634765625,728.4423217773438,295.6280517578125,2218.972412109375,11160.6552734375,1609.1165771484375,282.7251281738281,1338.1236572265625
2024-12-27,1210.595458984375,872.69970703125,1286.6907958984375,1822.2237548828125,3878.837890625,1566.866943359375,770.0296630859375,424.7653503417969,3540.1826171875,1075.7003173828125,350.9687194824219,10716.2744140625,1827.339599609375,3288.48046875,682.34423828125,2275.6669921875,320.39898681640625,2993.707275390625,737.9805908203125,294.7705993652344,2227.7998046875,11107.970703125,1621.3837890625,286.478759765625,1371.99267578125
2024-12-30,1200.3338623046875,862.82373046875,1273.9964599609375,1812.00390625,3873.202880859375,1554.183837890625,759.1000366210938,423.3453369140625,3511.5810546875,1068.2125244140625,347.1397705078125,10577.09375,1849.576904296875,3236.955322265625,680.4180297851562,2277.854248046875,316.9559020996094,2948.008056640625,721.4116821289062,293.0080871582031,2244.326416015625,10992.865234375,1649.043701171875,281.47393798828125,1359.6004638671875
2024-12-31,1205.043212890625,860.3729248046875,1261.203857421875,1787.2860107421875,3813.59814453125,1555.016357421875,765.5037231445312,429.247314453125,3539.74072265625,1062.970947265625,356.1836853027344,10635.322265625,1851.982177734375,3232.78125,673.9725952148438,2261.67041015625,318.8209228515625,2952.131591796875,727.80322265625,294.10369873046875,2237.558837890625,11127.2529296875,1616.22119140625,279.7593078613281,1371.0546875
2025-01-01,1210.7935791015625,865.1773681640625,1263.1719970703125,1789.6627197265625,3830.03662109375,1562.802490234375,763.8185424804688,429.5135803222656,3598.464111328125,1070.0596923828125,356.65234375,10978.0341796875,1855.5164794921875,3233.477294921875,685.0656127929688,2257.0537109375,319.1078186035156,3025.662353515625,736.7514038085938,295.7233581542969,2260.411376953125,11147.361328125,1613.9949951171875,278.32275390625,1351.799560546875
2025-01-02,1231.167724609375,870.5158081054688,1270.0111083984375,1861.2967529296875,3888.9892578125,1576.5137939453125,771.522216796875,434.0399475097656,3643.598388671875,1084.83544921875,366.3743286132813,11598.029296875,1843.784423828125,3367.731201171875,729.9015502929688,2303.612060546875,323.2682800292969,3152.402587890625,752.287841796875,300.24871826171875,2298.270751953125,11488.8818359375,1635.8768310546875,281.5666198730469,1357.773681640625
2025-01-03,1240.4376220703125,848.8953857421875,1244.86865234375,1843.1387939453125,3818.347900390625,1565.8875732421875,764.0111694335938,427.4279174804687,3591.007080078125,1083.1383056640625,366.6734924316406,11689.0703125,1815.950927734375,3430.03857421875,731.6845703125,2338.846435546875,325.0376281738281,3132.22802734375,777.2150268554688,301.1061706542969,2291.110595703125,11477.48828125,1600.3544921875,272.9009094238281,1335.655029296875
2025-01-06,1207.571533203125,830.1141967773438,1243.933837890625,1842.2830810546875,3813.78466796875,1555.701904296875,747.6408081054688,407.9893493652344,3535.37451171875,1061.6732177734375,354.9073791503906,11514.1396484375,1813.741943359375,3448.671142578125,725.9652709960938,2309.63818359375,313.2258605957031,3048.928955078125,763.301025390625,291.5313720703125,2223.63134765625,11202.4794921875,1597.37060546875,272.7618408203125,1333.3839111328125
2025-01-07,1230.2257080078125,831.521484375,1258.8421630859375,1835.6282958984375,3751.665283203125,1558.0523681640625,749.9037475585938,406.5606994628906,3574.7197265625,1065.7666015625,353.3917541503906,11480.4951171875,1819.632568359375,3483.154052734375,726.4196166992188,2323.829345703125,314.2779541015625,3052.021484375,780.0174560546875,290.62628173828125,2248.5927734375,11314.421875,1583.01953125,272.5301513671875,1334.5689697265625
2025-01-08,1254.664794921875,822.2522583007812,1243.58935546875,1837.81494140625,3826.264404296875,1566.230224609375,742.5853271484375,414.34906005859375,3528.653564453125,1073.2044677734375,352.7137145996094,11579.1259765625,1804.267578125,3462.23583984375,726.5628051757812,2333.743408203125,311.2174072265625,3029.6875,781.6890869140625,292.150634765625,2289.54150390625,11105.0498046875,1576.009765625,275.77398681640625,1353.5277099609375
2025-01-09,1244.0068359375,809.3916625976562,1242.260986328125,1822.74658203125,3761.490966796875,1573.9185791015625,732.2816162109375,414.8559875488281,3461.491943359375,1060.02587890625,357.0113220214844,11499.349609375,1793.0753173828125,3465.217041015625,718.8629760742188,2367.1796875,306.3875427246094,3069.348876953125,767.0867919921875,290.8168640136719,2305.087158203125,10965.0625,1556.1646728515625,270.9082336425781,1354.366943359375
2025-01-10,1231.266845703125,804.0289916992188,1229.9111328125,1869.947998046875,3972.715576171875,1582.5860595703125,715.71875,410.0631408691406,3469.586669921875,1039.010009765625,350.2308349609375,11392.1474609375,1752.2823486328125,3418.7099609375,719.9100341796875,2373.6435546875,294.81488037109375,3036.31396484375,761.7277221679688,285.52923583984375,2276.20263671875,10580.7919921875,1615.65283203125,278.554443359375,1337.383056640625
2025-01-13,1229.234375,791.4596557617188,1210.1318359375,1865.4322509765625,3996.41796875,1564.271484375,702.4780883789062,404.6712036132813,3399.08935546875,1047.5960693359375,346.6810607910156,11261.4892578125,1715.0728759765625,3361.570068359375,706.3673706054688,2382.3427734375,285.20294189453125,2944.8173828125,738.4722290039062,274.00140380859375,2209.40966796875,10337.287109375,1572.1259765625,270.49114990234375,1318.3255615234375
2025-01-14,1228.143798828125,799.1031494140625,1220.5135498046875,1844.374755859375,3942.353759765625,1567.1116943359375,720.437255859375,402.4130859375,3397.421142578125,1049.9423828125,349.11407470703125,11499.9375,1738.5865478515625,3301.697265625,724.5477294921875,2301.619384765625,296.8712158203125,2993.756591796875,757.6469116210938,276.5260925292969,2196.953369140625,10209.326171875,1560.61669921875,271.4179382324219,1320.744873046875
2025-01-15,1241.478515625,797.3803100585938,1218.49609375,1853.501220703125,3957.767822265625,1574.3101806640625,725.7816772460938,403.1043395996094,3435.49072265625,1025.132568359375,356.8916931152344,11701.9501953125,1724.841552734375,3302.69091796875,708.9800415039062,2306.52783203125,307.3439025878906,2906.137939453125,750.8619995117188,284.5289306640625,2186.900146484375,10246.234375,1587.5662841796875,271.23260498046875,1320.399169921875
2025-01-16,1255.6065673828125,801.7481079101562,1229.173095703125,1833.3466796875,3917.441162109375,1596.5911865234375,737.9149169921875,398.9567260742187,3441.868408203125,1036.314453125,360.0724792480469,11843.873046875,1731.17431640625,3296.132080078125,717.1145629882812,2279.31201171875,311.3130187988281,2926.115966796875,761.4327392578125,283.5762023925781,2173.071044921875,10357.7861328125,1598.6495361328125,266.96923828125,1286.3819580078125
2025-01-17,1291.19921875,794.3229370117188,1205.9002685546875,1725.9193115234375,3911.75048828125,1593.9468994140625,735.79638671875,405.731201171875,3501.474853515625,989.440673828125,350.70947265625,11887.017578125,1754.0006103515625,3336.37841796875,709.4443359375,2288.060302734375,311.9347229003906,2864.022216796875,766.7426147460938,288.2921447753906,2217.599365234375,10303.0576171875,1572.7418212890625,261.3157043457031,1292.948486328125
2025-01-20,1294.272705078125,801.3598022460938,1213.28076171875,1723.87548828125,3867.64697265625,1607.3155517578125,750.38525390625,403.4269409179687,3525.36669921875,986.445556640625,382.9964294433594,11773.1064453125,1745.8516845703125,3361.0732421875,734.9295043945312,2279.506591796875,321.4031982421875,2835.306884765625,761.4327392578125,291.7695617675781,2236.774169921875,10346.34375,1586.28759765625,278.2763977050781,1285.987060546875
2025-01-21,1262.7945556640625,797.0648803710938,1177.0677490234375,1711.896728515625,3827.859130859375,1592.624755859375,730.9334716796875,403.2886657714844,3474.443603515625,968.6245727539062,377.5720520019531,11639.55859375,1730.5848388671875,3332.354248046875,720.265625,2274.938232421875,310.16534423828125,2769.727783203125,748.0595703125,288.0539855957031,2216.9619140625,10388.55859375,1553.98583984375,276.51544189453125,1271.9654541015625
2025-01-22,1266.16552734375,808.5423583984375,1181.299072265625,1764.8974609375,3942.38623046875,1598.1092529296875,725.5409545898438,402.7817687988281,3451.974609375,957.7421875,382.3981628417969,11773.400390625,1766.174560546875,3335.4345703125,730.6869506835938,2277.3193359375,308.34814453125,2774.78369140625,730.35986328125,283.48089599609375,2218.67822265625,10413.8291015625,1595.1444091796875,286.478759765625,1279.9637451171875
2025-01-23,1252.8306884765625,807.9843139648438,1182.5784912109375,1773.4534912109375,3931.81103515625,1602.271728515625,718.2706298828125,405.731201171875,3437.30615234375,949.505615234375,377.8811950683594,11798.2802734375,1800.1932373046875,3377.27099609375,735.2406005859375,2256.664794921875,309.543701171875,2833.686767578125,739.9472045898438,280.4322204589844,2232.65478515625,11121.9462890625,1623.0413818359375,294.4493713378906,1273.1998291015625
2025-01-24,1235.6292724609375,800.6561889648438,1189.90966796875,1782.96044921875,3938.35498046875,1610.8902587890625,716.58544921875,407.02154541015625,3393.10400390625,946.959716796875,376.1561584472656,11722.029296875,1789.0009765625,3380.848388671875,734.78125,2301.76513671875,309.543701171875,2750.19140625,721.8541259765625,281.861328125,2218.972412109375,10990.4306640625,1632.1826171875,296.6737060546875,1209.0164794921875
2025-01-27,1218.82421875,790.9500732421875,1208.3604736328125,1732.1463623046875,3855.6484375,1569.5601806640625,721.4483642578125,405.6390380859375,3392.564453125,946.5604248046876,375.1989135742187,11747.4453125,1754.294921875,3298.56689453125,720.6409301757812,2325.82177734375,308.1568908691406,2779.839599609375,701.1552734375,273.4297180175781,2208.281982421875,10945.2939453125,1566.6793212890625,285.4129333496094,1182.6025390625
2025-01-28,1223.8310546875,810.6533813476562,1227.0081787109375,1739.5142822265625,3832.07958984375,1584.9854736328125,724.5298461914062,401.3531188964844,3349.637939453125,982.202392578125,376.4652404785156,11874.6767578125,1674.4271240234375,3305.07568359375,751.376220703125,2321.933837890625,304.3790588378906,2818.126708984375,716.1017456054688,270.5240173339844,2198.76806640625,11000.6552734375,1561.421875,286.9725341796875,1166.4085693359375
2025-01-29,1224.921630859375,814.0020141601562,1231.6824951171875,1788.474365234375,3888.513427734375,1567.4544677734375,730.355712890625,399.41754150390625,3384.763916015625,981.8031005859376,382.966552734375,11731.82421875,1703.7333984375,3349.645263671875,766.4945068359375,2317.171142578125,307.248291015625,2870.894287109375,739.9472045898438,274.2395935058594,2180.47607421875,11242.650390625,1592.4921875,295.33782958984375,1166.359130859375
2025-01-30,1242.3214111328125,820.8933715820312,1235.5693359375,1768.224853515625,3888.75,1606.9237060546875,734.3519897460938,402.04437255859375,3356.55517578125,983.1010131835938,379.2073669433594,11753.46875,1707.4149169921875,3347.3095703125,780.5211181640625,2341.2763671875,308.9220275878906,2917.133056640625,685.2255249023438,281.3849792480469,2206.663330078125,11178.9140625,1582.02490234375,292.0767517089844,1179.4921875
2025-01-31,1254.2681884765625,824.4118041992188,1232.814208984375,1787.095947265625,3900.46337890625,1592.7716064453125,744.2705078125,412.4595642089844,3500.248291015625,984.4986572265624,379.16748046875,12057.7373046875,1712.1766357421875,3468.39697265625,778.8863525390625,2399.644287109375,312.29559326171875,2935.197021484375,704.1543579101562,287.38702392578125,2256.635498046875,11186.75390625,1586.1455078125,294.81793212890625,1202.054931640625
2025-02-01,1253.7724609375,820.6264038085938,1235.520263671875,1760.0489501953125,3863.236572265625,1589.7845458984375,737.6260375976562,426.33111572265625,3382.60546875,996.5291748046876,379.5264587402344,12651.140625,1710.45849609375,3529.76025390625,790.2459716796875,2435.85107421875,306.2231750488281,3020.508544921875,694.7637329101562,276.14501953125,2306.018798828125,10964.4296875,1559.5748291015625,288.1068115234375,1189.810791015625
2025-02-03,1235.232666015625,814.3417358398438,1233.0108642578125,1771.40966796875,3858.96826171875,1618.2845458984375,732.7631225585938,418.7732238769531,3227.285400390625,987.7933959960938,375.817138671875,12870.0,1708.8878173828125,3557.883056640625,832.2964477539062,2373.546142578125,300.0061950683594,3115.29345703125,675.9823608398438,270.3810119628906,2248.24951171875,10882.1416015625,1567.43701171875,296.42486572265625,1188.724609375
2025-02-04,1274.196044921875,835.161376953125,1247.9683837890625,1805.158935546875,3895.38916015625,1627.1968994140625,750.3370971679688,419.5105590820313,3374.412353515625,1013.6513061523438,384.59185791015625,12840.6162109375,1733.088623046875,3575.174072265625,837.1909790039062,2369.755859375,307.5726318359375,3130.755615234375,698.6969604492188,272.1435852050781,2309.15771484375,11217.6240234375,1571.5577392578125,298.9297180175781,1204.622314453125
2025-02-05,1267.2559814453125,843.363037109375,1247.476318359375,1803.495361328125,3880.26171875,1626.217529296875,737.6741943359375,413.0586853027344,3319.515625,1011.654541015625,381.25146484375,12817.94140625,1720.8162841796875,3469.042724609375,840.5593872070312,2324.072265625,308.0545654296875,3120.643798828125,705.0885009765625,271.7148742675781,2231.52685546875,11282.431640625,1573.4049072265625,299.733154296875,1212.126953125
2025-02-06,1270.577392578125,846.299072265625,1252.101318359375,1821.177978515625,3872.341552734375,1586.3565673828125,724.3853759765625,406.5606994628906,3289.63916015625,1019.0425415039062,382.0890502929687,12805.404296875,1720.5694580078125,3389.394775390625,840.346923828125,2306.236083984375,301.5001525878906,3082.552978515625,697.81201171875,267.8563537597656,2219.953369140625,11176.91796875,1581.5513916015625,300.53662109375,1221.112548828125
2025-02-07,1255.8544921875,840.9121704101562,1236.8487548828125,1809.769775390625,3821.7412109375,1642.1815185546875,709.8928833007812,397.1133117675781,3274.08740234375,1022.43701171875,384.7414245605469,12781.408203125,1728.2735595703125,3403.35693359375,837.0823364257812,2297.634033203125,305.5002746582031,3139.983642578125,694.9603881835938,268.0972900390625,2227.407470703125,11335.89453125,1602.8646240234375,300.5838623046875,1224.8154296875
2025-02-10,1242.916259765625,832.6619873046875,1242.4576416015625,1787.5712890625,3828.90185546875,1658.1455078125,709.5076904296875,393.7491455078125,3265.99267578125,1010.1070556640624,390.9036560058594,12635.7138671875,1710.7911376953125,3306.6162109375,818.5660400390625,2295.30126953125,299.28326416015625,3079.90234375,684.3897094726562,258.9888610839844,2226.573974609375,11230.4287109375,1609.4483642578125,301.5763854980469,1205.6097412109375
2025-02-11,1224.2772216796875,825.6979370117188,1232.764892578125,1783.1505126953125,3759.284912109375,1661.7691650390625,704.0187377929688,385.5459899902344,3178.66796875,1005.7640991210938,382.6175537109375,12462.9375,1678.839111328125,3261.251953125,809.122802734375,2250.3955078125,294.5602722167969,3029.5400390625,666.444091796875,252.00086975097656,2197.83642578125,11004.404296875,1581.0775146484375,295.85772705078125,1194.5999755859375
2025-02-12,1206.1339111328125,828.3185424804688,1231.8299560546875,1771.2669677734375,3746.5751953125,1676.26416015625,705.992919921875,383.76715087890625,3227.726806640625,1005.2649536132812,387.6729736328125,12395.5517578125,1673.01171875,3235.06689453125,811.3799438476562,2267.162353515625,295.1867980957031,2932.59521484375,672.9340209960938,247.7598876953125,2185.47802734375,11178.037109375,1591.59228515625,293.2110900878906,1200.5738525390625
2025-02-13,1205.6876220703125,823.9022216796875,1228.976318359375,1752.348388671875,3708.636962890625,1679.2510986328125,700.6965942382812,383.5798950195313,3202.216064453125,1006.5628051757812,393.4263610839844,12410.978515625,1724.8658447265625,3211.266845703125,830.636962890625,2256.470458984375,295.6205749511719,2923.5634765625,672.4423217773438,249.78399658203125,2193.471435546875,11244.208984375,1586.95068359375,291.65142822265625,1208.2264404296875
2025-02-14,1206.827880859375,822.5191040039062,1239.99755859375,1764.849853515625,3732.06396484375,1681.6507568359375,695.400390625,384.0948486328125,3176.70556640625,995.8801879882812,389.3581237792969,12419.744140625,1679.579833984375,3193.13134765625,828.9873046875,2253.40869140625,289.49993896484375,2888.810546875,669.2957763671875,248.049072265625,2188.4697265625,10969.005859375,1571.60498046875,291.22607421875,1182.0101318359375
2025-02-17,1214.4124755859375,833.4384765625,1231.1904296875,1751.4453125,3703.27783203125,1641.0062255859375,700.7447509765625,382.550048828125,3161.203125,991.3375854492188,387.9421997070313,12500.6962890625,1693.111328125,3212.956298828125,832.37548828125,2264.149169921875,291.427734375,2780.18310546875,675.146484375,253.68765258789065,2207.644287109375,11189.3330078125,1577.1463623046875,288.6266784667969,1183.8861083984375
2025-02-18,1214.908203125,836.2047119140625,1223.2196044921875,1760.619384765625,3673.591064453125,1634.493408203125,698.9151000976562,379.4136047363281,3159.534912109375,992.5357055664062,391.5418395996094,12523.517578125,1680.6663818359375,3201.677490234375,836.2575073242188,2231.684814453125,299.9580078125,2739.04931640625,671.0166015625,257.3021240234375,2194.6484375,11012.876953125,1615.08447265625,295.10150146484375,1182.355712890625
2025-02-19,1216.9404296875,838.21875,1241.52294921875,1721.498779296875,3589.083251953125,1611.281982421875,700.3595581054688,380.4902648925781,3214.2353515625,1009.7077026367188,395.859375,12425.5234375,1655.9739990234375,3190.19970703125,833.644775390625,2187.36181640625,303.4279479980469,2706.99560546875,669.639892578125,253.5430450439453,2196.119873046875,10995.9814453125,1596.89697265625,296.8974914550781,1151.2020263671875
2025-02-20,1222.4429931640625,818.7579956054688,1230.009521484375,1735.14111328125,3584.625,1609.616943359375,702.6707153320312,376.4176025390625,3214.137451171875,1015.5482177734376,392.9776611328125,12185.0673828125,1648.7637939453125,3171.4677734375,829.693603515625,2185.077880859375,313.404052734375,2787.546142578125,678.2930908203125,256.1454772949219,2205.878662109375,10992.134765625,1570.4208984375,296.1412658691406,1156.2379150390625
2025-02-21,1217.634521484375,821.378662109375,1213.28076171875,1725.4915771484375,3590.88525390625,1605.45458984375,695.255859375,375.3409423828125,3252.69775390625,1007.3116455078124,389.4877014160156,12070.2744140625,1623.5279541015625,3159.98974609375,829.4219360351562,2178.85693359375,314.46429443359375,2620.555419921875,661.9700927734375,252.4346160888672,2214.264892578125,10865.1962890625,1562.51123046875,289.5718994140625,1137.32861328125
2025-02-24,1204.151123046875,813.9049682617188,1198.9136962890625,1677.101806640625,3486.1748046875,1568.2869873046875,689.8633422851562,376.2771911621094,3196.378173828125,1008.4097900390624,392.0902404785156,12091.5771484375,1619.330322265625,3153.13330078125,825.2979125976562,2178.662841796875,308.5364685058594,2659.677001953125,657.1026000976562,249.78399658203125,2203.083251953125,10753.5966796875,1528.5992431640625,278.8907775878906,1149.91845703125
2025-02-25,1193.69140625,816.4528198242188,1204.6212158203125,1680.524169921875,3442.497802734375,1607.560302734375,684.5670776367188,379.03912353515625,3165.176513671875,1007.4613037109376,392.319580078125,12220.0322265625,1593.7490234375,3178.771728515625,838.51953125,2196.0126953125,307.1870422363281,2727.072265625,650.5635375976562,246.5068817138672,2182.045166015625,10677.15234375,1509.8907470703125,275.34613037109375,1113.975830078125
2025-02-27,1196.7647705078125,825.358154296875,1202.9482421875,1677.2919921875,3426.37451171875,1616.3748779296875,677.8263549804688,375.9963073730469,3149.08544921875,1015.0490112304688,388.3909301757813,12126.25,1627.23193359375,3202.919677734375,859.9151611328125,2182.064697265625,304.2954406738281,2676.7099609375,637.7312622070312,246.9888153076172,2171.158203125,10174.171875,1504.491455078125,278.37091064453125,1111.408447265625
2025-02-28,1189.82470703125,840.7423706054688,1184.8909912109375,1604.4696044921875,3303.737548828125,1537.8282470703125,663.28564453125,369.8170776367187,3104.294921875,1013.90087890625,379.49652099609375,11700.431640625,1573.6494140625,3057.982666015625,842.6189575195312,2128.89697265625,300.198974609375,2537.845703125,610.2966918945312,241.7839813232422,2137.908935546875,9863.3271484375,1409.3861083984375,262.4437561035156,1102.4720458984375
2025-03-03,1161.2216796875,825.770751953125,1186.9573974609375,1624.3388671875,3313.032470703125,1562.9005126953125,669.544921875,372.1109313964844,3137.115234375,1005.6143188476562,381.8198547363281,11533.6796875,1565.599609375,3062.703125,852.2548217773438,2115.872314453125,303.0423583984375,2564.155517578125,610.788330078125,243.3743438720703,2124.815185546875,10070.1171875,1414.31201171875,268.0206298828125,1105.5330810546875
2025-03-04,1151.9517822265625,829.8715209960938,1191.0904541015625,1605.0399169921875,3350.02294921875,1542.8720703125,689.5262451171875,369.6766357421875,3152.519775390625,1000.1732177734376,380.4637451171875,11377.603515625,1547.2283935546875,3029.412841796875,848.115966796875,2096.918701171875,302.4158630371094,2565.5791015625,608.870849609375,244.82012939453125,2091.173828125,10098.650390625,1409.7650146484375,264.6650390625,1106.0762939453125
2025-03-05,1165.534423828125,820.1654052734375,1196.305908203125,1627.0958251953125,3364.249755859375,1584.8875732421875,703.2965698242188,379.2263488769531,3178.66796875,1012.802734375,385.50921630859375,11378.6806640625,1562.9820556640625,3067.224609375,819.7415161132812,2109.651611328125,314.4161071777344,2676.7587890625,630.1105346679688,254.84425354003903,2122.6083984375,10190.2880859375,1456.9862060546875,269.4857177734375,1112.2476806640625
2025-03-06,1199.2432861328125,820.7477416992188,1198.6185302734375,1631.231201171875,3415.98876953125,1593.3592529296875,704.93359375,379.83489990234375,3198.53662109375,1032.420654296875,383.2357482910156,11426.7236328125,1594.14404296875,3101.558349609375,830.8197021484375,2156.79296875,325.6934509277344,2692.27001953125,628.979736328125,257.012939453125,2224.170654296875,10218.8203125,1424.163330078125,270.2419128417969,1125.7755126953125
2025-03-07,1239.0992431640625,819.8013916015625,1195.17431640625,1602.853271484375,3425.093505859375,1597.0809326171875,705.6077270507812,378.149658203125,3183.623046875,1035.965087890625,385.9678649902344,11424.51953125,1589.501953125,3060.069580078125,830.1924438476562,2142.79638671875,317.64508056640625,2677.986083984375,637.4854125976562,253.7840118408203,2226.4267578125,10305.39453125,1413.64892578125,269.2021484375,1119.01171875
2025-03-10,1227.796875,818.9521484375,1195.469482421875,1617.5413818359375,3404.654052734375,1597.32568359375,701.9003295898438,379.1795349121094,3117.884033203125,1034.1678466796875,383.2457275390625,11348.0234375,1591.6748046875,3007.8486328125,824.0780639648438,2184.786376953125,317.50048828125,2653.19775390625,637.337890625,261.494873046875,2234.86181640625,10244.724609375,1408.4388427734375,265.5157470703125,1106.12548828125
2025-03-11,1236.62060546875,817.9815673828125,1225.5321044921875,1579.6566162109375,3391.0439453125,1628.6658935546875,702.8150634765625,380.3030700683594,3135.300048828125,1023.9844360351562,385.9280090332031,11407.6728515625,1634.93603515625,3027.325927734375,823.8655395507812,2154.84912109375,318.36798095703125,2597.239501953125,637.2395629882812,257.6394348144531,2243.49267578125,10165.9912109375,1401.1923828125,262.53826904296875,1102.620361328125
2025-03-12,1246.2872314453125,830.4296264648438,1224.105224609375,1512.3956298828125,3325.5048828125,1608.9803466796875,696.2670288085938,386.1077880859375,3133.53369140625,1009.5579833984376,395.3707885742187,11400.962890625,1656.2208251953125,3000.047607421875,838.0899047851562,2131.47265625,318.223388671875,2604.798828125,657.1517333984375,257.4466552734375,2208.085693359375,10245.017578125,1362.44921875,253.84214782714844,1091.2646484375
2025-03-13,1237.2154541015625,828.221435546875,1230.10791015625,1501.938232421875,3330.104736328125,1598.84375,700.88916015625,385.7800903320313,3127.303466796875,1008.5595703125,395.8793029785156,11277.2578125,1662.739501953125,2991.302734375,831.7678833007812,2113.879638671875,319.91021728515625,2595.177978515625,644.5653076171875,257.9767761230469,2188.4697265625,10178.50390625,1364.67529296875,249.5413360595703,1094.029541015625
2025-03-17,1228.242919921875,830.065673828125,1248.7557373046875,1511.63525390625,3317.44287109375,1605.356689453125,696.3633422851562,381.9414978027344,3113.714111328125,1032.470703125,397.4747009277344,11316.3388671875,1683.333251953125,2998.4580078125,847.562744140625,2110.42919921875,319.66925048828125,2655.700927734375,650.022705078125,257.68768310546875,2176.945068359375,10271.017578125,1364.154296875,245.61862182617188,1136.242431640625
2025-03-18,1228.242919921875,830.065673828125,1248.7557373046875,1511.63525390625,3317.44287109375,1605.356689453125,696.3633422851562,383.0181579589844,3113.714111328125,1032.470703125,397.4747009277344,11316.3388671875,1683.333251953125,2998.4580078125,847.562744140625,2110.42919921875,319.66925048828125,2655.700927734375,650.022705078125,257.68768310546875,2176.945068359375,10271.017578125,1364.154296875,245.61862182617188,1136.242431640625
2025-03-19,1236.471923828125,846.42041015625,1292.1519775390625,1508.307861328125,3316.874267578125,1603.3978271484375,717.5001831054688,377.3538513183594,3257.06396484375,1050.3416748046875,403.14837646484375,11376.91796875,1711.0380859375,3057.038818359375,862.5032348632812,2138.422607421875,328.97064208984375,2738.116455078125,670.8690795898438,267.1816711425781,2236.921142578125,10647.0595703125,1322.52197265625,251.1482391357422,1157.37353515625
2025-03-20,1258.283447265625,858.3831176757812,1300.6148681640625,1535.8778076171875,3379.52001953125,1670.0938720703125,721.7853393554688,378.1965026855469,3287.970947265625,1052.637939453125,405.9602661132813,11489.2119140625,1728.7178955078125,3173.107421875,857.37158203125,2179.5859375,329.40435791015625,2776.403564453125,678.5389404296875,270.2178039550781,2243.29638671875,10661.5703125,1336.162841796875,253.32223510742188,1172.2838134765625
2025-03-21,1265.421875,859.15966796875,1321.673583984375,1514.011962890625,3393.699462890625,1690.2203369140625,725.3001708984375,379.6944885253906,3351.6494140625,1068.4122314453125,414.6053466796875,11491.7587890625,1762.5465087890625,3142.897705078125,880.72802734375,2183.27978515625,338.6093444824219,2750.63330078125,691.2238159179688,272.8684387207031,2256.2431640625,10689.4208984375,1334.9312744140625,249.82489013671875,1185.0711669921875
2025-03-24,1290.951416015625,873.5489501953125,1336.4835205078125,1514.2021484375,3441.9287109375,1683.3646240234375,751.8778076171875,384.703369140625,3416.30908203125,1096.067138671875,433.97955322265625,11677.3173828125,1762.8428955078125,3059.8212890625,897.9107666015625,2192.99951171875,353.69403076171875,2723.979736328125,701.5977783203125,281.3022155761719,2277.918701171875,10761.9228515625,1381.72607421875,254.6455535888672,1195.0936279296875
2025-03-25,1274.4439697265625,883.958740234375,1322.263916015625,1548.1414794921875,3469.24462890625,1694.8233642578125,744.2222900390625,383.6734924316406,3404.28955078125,1116.7337646484375,432.7530822753906,11625.0634765625,1743.0394287109375,3034.580078125,895.6585693359375,2207.676513671875,353.69403076171875,2685.987060546875,698.4511108398438,280.48291015625,2286.010498046875,11122.23828125,1378.7420654296875,256.157958984375,1163.1007080078125
2025-03-26,1262.150146484375,876.7277221679688,1314.58837890625,1520.571533203125,3448.426025390625,1702.70751953125,735.7001342773438,381.3796997070313,3379.95654296875,1094.4698486328125,427.7475280761719,11493.228515625,1737.310791015625,3038.3564453125,875.7840576171875,2183.03662109375,341.8383483886719,2692.122802734375,696.4353637695312,280.33831787109375,2278.55615234375,11103.63671875,1341.609375,252.755126953125,1149.9677734375
2025-03-27,1267.2559814453125,885.8514404296875,1315.326416015625,1524.469482421875,3463.0322265625,1689.142822265625,743.6926879882812,383.3458251953125,3435.687255859375,1096.56640625,424.5068359375,11481.1318359375,1710.1490478515625,3068.317626953125,889.3959350585938,2181.773193359375,347.62164306640625,2683.0419921875,657.3975830078125,284.8202819824219,2293.219482421875,11295.966796875,1348.80859375,257.292236328125,1147.597900390625
2025-03-28,1264.1824951171875,887.2344970703125,1326.8397216796875,1493.19189453125,3420.303955078125,1697.6636962890625,742.92236328125,383.626708984375,3426.562255859375,1100.21044921875,432.9923706054687,11285.4375,1713.359130859375,3044.169921875,883.6420288085938,2195.575439453125,344.68182373046875,2617.070556640625,663.19921875,279.8564147949219,2295.720458984375,11208.2744140625,1343.4566650390625,247.88717651367188,1129.823974609375
2025-04-01,1241.8751220703125,857.9464111328125,1297.416748046875,1451.21923828125,3367.806640625,1688.6043701171875,743.1149291992188,380.724365234375,3372.10693359375,1083.8370361328125,427.9468994140625,11245.2294921875,1677.456298828125,2968.248046875,859.2039794921875,2171.27587890625,339.42864990234375,2589.68017578125,660.6425170898438,278.8443603515625,2271.54345703125,11080.8017578125,1321.57470703125,248.218017578125,1137.7235107421875
2025-04-02,1240.4376220703125,872.0444946289062,1310.0125732421875,1473.7030029296875,3361.309326171875,1718.426513671875,747.20751953125,382.9713134765625,3355.52490234375,1082.68896484375,429.6819458007813,11475.4013671875,1692.5682373046875,3079.0498046875,856.34423828125,2175.212158203125,339.04315185546875,2589.336669921875,660.6917114257812,276.3865051269531,2262.373046875,10956.4443359375,1348.0035400390625,249.1632537841797,1135.55126953125
2025-04-03,1238.008544921875,871.0496215820312,1308.3397216796875,1422.69873046875,3227.765625,1710.00390625,750.3370971679688,383.2990112304687,3355.77001953125,1088.0802001953125,425.2945251464844,11447.9765625,1748.2249755859375,3107.968017578125,848.970458984375,2181.676025390625,345.9347839355469,2563.713623046875,643.0411376953125,288.2901611328125,2304.302490234375,11302.7841796875,1297.1353759765625,242.310302734375,1136.98291015625
2025-04-04,1194.38525390625,881.94482421875,1313.998046875,1380.0606689453125,3129.3623046875,1707.50634765625,739.0223999023438,383.5798950195313,3198.78173828125,1089.5279541015625,425.1649475097656,11246.111328125,1688.321044921875,3056.939208984375,861.2437744140625,2181.676025390625,337.74188232421875,2549.086181640625,603.6100463867188,283.2781066894531,2310.824951171875,11197.66015625,1251.2877197265625,232.8107147216797,1096.0042724609375
2025-04-07,1155.71923828125,853.0205078125,1267.009765625,1327.8680419921875,3105.319091796875,1651.87744140625,719.2335815429688,380.1625671386719,3010.73974609375,1046.2481689453125,406.3990173339844,11096.9892578125,1645.8499755859375,3003.27734375,846.3428344726562,2186.39013671875,337.1635437011719,2445.711181640625,570.0789184570312,278.94073486328125,2296.4072265625,10898.6474609375,1220.0755615234375,229.596923828125,1074.2314453125
2025-04-08,1172.0780029296875,858.5773315429688,1279.1627197265625,1358.3375244140625,3123.244873046875,1684.9315185546875,740.1296997070312,386.2481689453125,3101.5966796875,1076.099609375,409.84906005859375,11223.486328125,1667.579345703125,3102.750732421875,871.4575805664062,2225.123779296875,340.1997985839844,2477.5185546875,579.027099609375,278.5069885253906,2348.24267578125,10975.43359375,1245.083251953125,233.7086944580078,1094.029541015625
2025-04-09,1175.2010498046875,856.5632934570312,1280.04833984375,1334.4752197265625,3079.283447265625,1680.181640625,714.7076416015625,389.7590942382813,2996.65966796875,1059.9261474609375,409.3604736328125,11222.017578125,1631.8739013671875,3154.27587890625,862.9180908203125,2284.172119140625,336.7298583984375,2476.97900390625,573.1764526367188,282.7961730957031,2364.8671875,11098.7197265625,1205.6297607421875,223.6892242431641,1080.30419921875
2025-04-11,1208.5133056640625,876.8247680664062,1290.7252197265625,1339.941650390625,3064.96142578125,1720.38525390625,725.9260864257812,394.67437744140625,3057.29638671875,1067.214111328125,421.02685546875,11360.755859375,1666.789306640625,3214.645751953125,881.221923828125,2299.86962890625,347.09149169921875,2533.182373046875,585.1237182617188,293.10943603515625,2347.654296875,11201.5556640625,1214.6287841796875,226.61944580078125,1095.56005859375
2025-04-15,1229.4822998046875,905.0452880859376,1328.66015625,1355.675537109375,3080.80126953125,1761.71533203125,735.2186279296875,393.59771728515625,3196.2802734375,1110.9930419921875,422.82171630859375,11611.4482421875,1684.0245361328125,3252.904541015625,902.9434814453124,2295.35009765625,349.4047546386719,2597.632080078125,611.82080078125,293.5431823730469,2369.329833984375,11412.2421875,1233.052978515625,230.6366729736328,1140.3896484375
2025-04-16,1228.689208984375,911.4027709960938,1334.7613525390625,1343.4117431640625,3105.08203125,1785.0245361328125,743.1630859375,397.3895568847656,3166.94287109375,1159.414306640625,423.4598388671875,11424.3720703125,1672.27099609375,3251.61279296875,894.5966796875,2300.30712890625,346.32037353515625,2586.44091796875,605.7733764648438,294.6998291015625,2412.681396484375,11421.0068359375,1239.683837890625,234.08676147460935,1143.845703125
2025-04-17,1263.5877685546875,925.3309936523438,1384.2587890625,1349.49609375,3128.88818359375,1850.153564453125,767.9111328125,400.0110473632813,3186.174072265625,1188.8663330078125,436.3626708984375,11454.7353515625,1729.9525146484375,3306.665771484375,905.0672607421876,2308.4716796875,350.8505859375,2630.421630859375,611.181640625,297.8323669433594,2420.527587890625,11589.478515625,1237.884033203125,223.9255218505859,1148.9803466796875
2025-04-21,1284.407958984375,935.231201171875,1387.3095703125,1379.442626953125,3150.4189453125,1844.5711669921875,786.447998046875,395.89154052734375,3218.7490234375,1221.0140380859375,446.9920654296875,11503.7080078125,1723.43359375,3315.212158203125,916.0317993164062,2285.14404296875,351.3807373046875,2713.47509765625,619.539794921875,308.4347839355469,2398.0673828125,11621.6142578125,1301.0665283203125,225.39064025878903,1162.60693359375
2025-04-22,1280.1446533203125,952.0227661132812,1393.902587890625,1352.6334228515625,3143.58935546875,1814.0142822265625,791.9369506835938,405.9561767578125,3196.4765625,1214.8240966796875,452.456298828125,11492.9345703125,1725.9029541015625,3316.503662109375,914.7476806640624,2331.5078125,347.236083984375,2765.604736328125,620.3264770507812,301.2540283203125,2385.31689453125,11645.9599609375,1303.9083251953125,221.32614135742188,1160.237060546875
2025-04-23,1288.869384765625,933.67822265625,1401.676513671875,1402.1640625,3237.108154296875,1842.8082275390625,783.3184204101562,403.3815002441406,3238.863037109375,1204.940185546875,444.1203002929687,11662.3798828125,1766.7935791015625,3336.279296875,920.92138671875,2355.90478515625,350.6578063964844,2864.464111328125,648.8919067382812,303.56732177734375,2406.01220703125,11636.22265625,1363.6806640625,230.25860595703125,1171.098876953125
2025-04-24,1290.4556884765625,930.2326049804688,1380.3226318359375,1398.836669921875,3226.29541015625,1807.5504150390625,783.2703247070312,402.6324768066406,3238.470703125,1205.1397705078125,443.3226013183594,11649.6474609375,1781.7078857421875,3361.421142578125,918.7482299804688,2260.163818359375,350.0794982910156,2848.363525390625,657.200927734375,303.0372009277344,2417.094970703125,11840.724609375,1368.9852294921875,229.4551544189453,1185.416748046875
2025-04-25,1289.2659912109375,927.5148315429688,1382.38916015625,1407.2025146484375,3270.304443359375,1779.73583984375,769.0667114257812,400.52593994140625,3210.50732421875,1164.4061279296875,439.61328125,11457.673828125,1765.4107666015625,3344.1298828125,900.0789184570312,2266.87060546875,343.5733642578125,2811.843505859375,644.3194580078125,295.4227294921875,2384.924560546875,11916.6826171875,1384.8994140625,227.7064514160156,1160.0396728515625
2025-04-28,1357.080322265625,931.882568359375,1406.00634765625,1409.0087890625,3266.035888671875,1784.2412109375,787.073974609375,401.4621887207031,3264.668212890625,1190.863037109375,443.8411254882813,11602.6337890625,1818.944091796875,3348.005615234375,898.2020874023438,2253.65185546875,348.44091796875,2877.030029296875,657.0042724609375,297.39862060546875,2405.129150390625,11796.90234375,1384.4256591796875,227.3283538818359,1183.6392822265625
2025-04-29,1387.7156982421875,926.3501586914062,1406.9903564453125,1423.6494140625,3293.541748046875,1786.199951171875,782.4517211914062,398.8406982421875,3259.76220703125,1185.3720703125,439.73297119140625,11597.736328125,1783.2882080078125,3357.446044921875,898.2020874023438,2256.664794921875,344.0552978515625,2856.413818359375,654.4967651367188,292.00103759765625,2404.050537109375,11558.31640625,1416.443359375,228.17906188964844,1161.224609375
2025-04-30,1392.9703369140625,934.2120361328124,1404.235107421875,1426.1212158203125,3275.71044921875,1826.060791015625,759.4371337890625,398.6534729003906,3278.110107421875,1183.07568359375,440.3511962890625,12005.189453125,1809.7584228515625,3358.5390625,852.9117431640625,2276.493408203125,341.741943359375,2875.2626953125,633.5029907226562,296.3384094238281,2379.137939453125,11336.2841796875,1423.7371826171875,228.2736053466797,1169.0252685546875
2025-05-02,1407.6436767578125,932.7077026367188,1407.2855224609375,1432.5858154296875,3254.180419921875,1810.0968017578125,767.1888427734375,402.1175537109375,3272.125,1181.4783935546875,435.08636474609375,12150.1494140625,1802.1531982421875,3321.0751953125,876.0260620117188,2253.65185546875,336.1033020019531,2863.874755859375,638.2720336914062,292.0973815917969,2363.7392578125,11309.017578125,1415.3065185546875,228.4437255859375,1163.1007080078125
2025-05-05,1419.0452880859375,939.9386596679688,1406.5968017578125,1434.2020263671875,3276.279541015625,1827.5299072265625,760.737060546875,409.0926208496094,3267.513427734375,1171.2947998046875,415.781982421875,12202.060546875,1814.005615234375,3301.00146484375,882.2987060546875,2282.8115234375,336.0069274902344,2966.26806640625,650.514404296875,297.061279296875,2390.122802734375,11364.5244140625,1415.7801513671875,230.2302398681641,1156.5836181640625
2025-05-06,1408.7342529296875,937.4635620117188,1408.7615966796875,1436.958984375,3281.685791015625,1861.808349609375,745.4259643554688,407.7818603515625,3271.241943359375,1159.5140380859375,413.6082153320313,12322.533203125,1796.7208251953125,3278.642578125,869.0127563476562,2315.08154296875,329.4525451660156,3012.310791015625,637.3870849609375,296.48297119140625,2371.585693359375,11386.9228515625,1417.2957763671875,227.9805908203125,1145.820556640625
2025-05-07,1393.9617919921875,944.2093505859376,1412.5010986328125,1433.9168701171875,3267.5537109375,1857.6949462890625,747.3518676757812,403.662353515625,3258.879150390625,1159.414306640625,417.7762145996094,12373.46484375,1759.385986328125,3317.994384765625,887.68212890625,2304.389404296875,329.6935119628906,3062.86962890625,668.9515991210938,299.8564453125,2289.29638671875,11352.8388671875,1416.3485107421875,230.6744842529297,1146.1168212890625
2025-05-08,1394.9532470703125,935.91064453125,1412.5994873046875,1436.8638916015625,3271.15771484375,1836.246337890625,740.5149536132812,403.1474304199219,3261.33203125,1170.29638671875,421.3060302734375,12137.416015625,1745.459228515625,3348.2041015625,872.4700317382812,2288.9345703125,327.71759033203125,2977.656494140625,671.4590454101562,297.1094665527344,2258.40087890625,11326.5458984375,1423.547607421875,228.3397674560547,1133.5762939453125
2025-05-09,1365.408447265625,917.0807495117188,1366.742919921875,1433.2513427734375,3263.00146484375,1810.292724609375,750.38525390625,396.5469055175781,3379.072998046875,1149.230712890625,419.4115295410156,11998.3330078125,1723.3349609375,3488.3212890625,854.7150268554688,2267.551025390625,322.6571960449219,2927.588623046875,696.6812133789062,288.48291015625,2255.45849609375,11066.53515625,1414.9276123046875,228.7556610107422,1141.3770751953125
2025-05-12,1424.20068359375,949.8389282226562,1425.39208984375,1546.6678466796875,3433.819091796875,1832.23095703125,771.9555053710938,407.7350463867187,3519.67578125,1201.0465087890625,427.7674255371094,12356.814453125,1665.4556884765625,3540.592041015625,892.0549926757812,2315.761474609375,335.95867919921875,3047.947509765625,708.7760009765625,297.8805236816406,2311.16796875,11428.796875,1490.140380859375,243.1893615722656,1180.5782470703125
2025-05-13,1403.5787353515625,933.0473022460938,1407.777587890625,1491.242919921875,3333.8515625,1783.0657958984375,772.0518188476562,400.6195983886719,3499.85595703125,1191.6617431640625,421.9043273925781,12225.56640625,1679.0860595703125,3540.89013671875,894.3795166015625,2293.891845703125,329.16339111328125,2997.977783203125,695.89453125,287.6636657714844,2279.978759765625,11355.7607421875,1489.572021484375,237.7920837402344,1191.9337158203125
2025-05-14,1412.2042236328125,927.2236938476562,1403.44775390625,1513.869384765625,3365.814697265625,1796.385498046875,771.0407104492188,401.7430725097656,3505.84130859375,1193.55859375,417.2776794433594,12409.705078125,1687.18505859375,3565.137451171875,898.2371215820312,2284.657958984375,326.3199462890625,3045.100341796875,687.2904663085938,285.2539978027344,2238.490478515625,11366.47265625,1518.6529541015625,239.08705139160156,1204.671630859375
2025-05-15,1441.7491455078125,938.4827880859376,1427.6553955078125,1533.4534912109375,3395.406494140625,1828.705078125,777.82958984375,405.0667419433594,3550.092041015625,1207.136474609375,420.0696105957031,12685.9111328125,1718.692626953125,3614.029541015625,908.870361328125,2289.226318359375,329.5971374511719,3086.823486328125,715.9542236328125,288.8202819824219,2285.1767578125,11582.6611328125,1543.1871337890625,242.51824951171875,1220.7669677734375
2025-05-16,1443.9302978515625,938.9195556640624,1430.8043212890625,1511.49267578125,3377.76513671875,1776.601806640625,778.0751342773438,407.92230224609375,3536.84619140625,1206.8370361328125,420.4285888671875,12728.0283203125,1713.5567626953125,3610.94873046875,906.7437744140624,2314.6923828125,330.7055969238281,3078.282470703125,718.5108642578125,289.35040283203125,2308.422119140625,11593.373046875,1531.7252197265625,240.38201904296875,1215.2373046875
2025-05-19,1428.4638671875,940.8607177734376,1425.8841552734375,1482.8770751953125,3337.4560546875,1780.813232421875,780.9237670898438,407.5946044921875,3532.43115234375,1200.8468017578125,421.02685546875,12722.150390625,1708.9144287109375,3595.048828125,915.4976196289062,2315.9560546875,332.6815185546875,3070.821533203125,717.3308715820312,293.0612487792969,2286.648193359375,11616.74609375,1513.537841796875,237.9622344970703,1203.684326171875
2025-05-20,1412.402587890625,929.3104858398438,1415.25634765625,1483.6375732421875,3318.012451171875,1771.6070556640625,771.7393798828125,407.17327880859375,3500.640869140625,1193.858154296875,416.8189697265625,12378.3623046875,1686.7901611328125,3558.18115234375,898.0393676757812,2275.521728515625,330.2236633300781,3007.500732421875,706.90771484375,287.1335144042969,2251.53515625,11390.818359375,1492.8873291015625,236.03396606445312,1208.81884765625
2025-05-21,1416.963134765625,935.0856323242188,1421.6527099609375,1491.1480712890625,3344.0947265625,1784.9266357421875,773.1636352539062,405.3944396972656,3521.44189453125,1195.85498046875,413.0697937011719,12355.8349609375,1710.494873046875,3558.081787109375,909.7605590820312,2297.6826171875,333.64544677734375,3034.203369140625,714.6759033203125,285.44677734375,2268.0126953125,11360.6298828125,1513.9166259765625,237.1776885986328,1209.3126220703125
2025-05-22,1397.332763671875,931.737060546875,1419.0941162109375,1471.18359375,3297.809814453125,1793.6431884765625,771.346435546875,398.934326171875,3484.549560546875,1186.5699462890625,411.9729614257813,12189.3271484375,1697.555908203125,3518.8291015625,903.9741821289062,2265.412841796875,329.0670166015625,2951.345947265625,705.48193359375,280.38653564453125,2255.06591796875,11374.263671875,1483.0357666015625,232.47042846679688,1206.8441162109375
2025-05-23,1414.5838623046875,938.3856811523438,1426.67138671875,1487.6304931640625,3333.47216796875,1793.9368896484375,776.5034790039062,408.4840393066406,3532.13671875,1208.1348876953125,418.9528503417969,12197.162109375,1662.8878173828125,3557.28662109375,914.3106079101562,2293.1142578125,332.15142822265625,2957.629150390625,706.2685546875,287.3263244628906,2271.05322265625,11438.53515625,1496.960693359375,233.8126678466797,1214.644775390625
2025-05-26,1422.5152587890625,941.588623046875,1437.2989501953125,1502.55615234375,3355.00244140625,1809.3133544921875,780.33447265625,414.6632385253906,3580.01806640625,1213.2266845703125,416.6594543457031,12165.8203125,1655.4801025390625,3587.6953125,916.8824462890624,2327.037109375,331.0911865234375,3023.895263671875,716.8391723632812,285.9769287109375,2282.528564453125,11383.0283203125,1516.947998046875,236.53494262695312,1225.30908203125
2025-05-27,1409.9239501953125,934.8429565429688,1423.3255615234375,1492.6690673828125,3318.3916015625,1805.78759765625,779.6468505859375,406.2370300292969,3571.48193359375,1193.6585693359375,414.2862854003906,12158.9638671875,1662.690185546875,3566.926025390625,907.139404296875,2313.526123046875,326.3199462890625,2984.233642578125,704.4985961914062,283.90460205078125,2282.921142578125,11122.04296875,1508.422607421875,234.6539306640625,1227.5802001953125
2025-05-28,1400.802734375,933.4840698242188,1430.6075439453125,1494.2852783203125,3317.44287109375,1817.8338623046875,782.4463500976562,400.65911865234375,3577.663330078125,1192.7598876953125,413.6680603027344,12077.6689453125,1645.8994140625,3552.31787109375,916.6846313476562,2295.836181640625,327.7657775878906,2943.00146484375,705.9735717773438,280.6274719238281,2258.989501953125,10943.8330078125,1496.960693359375,233.8788146972656,1226.98779296875
2025-05-29,1405.660888671875,935.42529296875,1433.264404296875,1507.404541015625,3317.822509765625,1825.1793212890625,783.232177734375,399.2765197753906,3586.494140625,1199.74853515625,415.1238708496094,12137.416015625,1678.8885498046875,3565.8330078125,910.403564453125,2300.404296875,327.091064453125,2953.99658203125,712.3651123046875,282.50701904296875,2250.26025390625,10974.0224609375,1515.621826171875,236.44039916992188,1232.5174560546875
2025-05-30,1408.7342529296875,943.86962890625,1422.7352294921875,1506.5369873046875,3284.91064453125,1817.9317626953125,797.91748046875,398.6090698242187,3605.92138671875,1190.263916015625,413.7478332519531,12065.916015625,1656.961669921875,3532.741455078125,912.4410400390624,2282.519775390625,321.8379211425781,2922.38525390625,707.4976806640625,279.2781066894531,2215.736083984375,10916.5654296875,1490.8980712890625,235.9961395263672,1235.479736328125
2025-06-02,1401.5958251953125,937.6576538085938,1427.3602294921875,1497.9569091796875,3272.011474609375,1815.8751220703125,799.2435913085938,399.8009338378906,3610.336669921875,1192.46044921875,411.5342102050781,12037.51171875,1653.99853515625,3503.42626953125,906.2788696289062,2305.167236328125,320.53668212890625,2970.587646484375,699.7294921875,282.45880126953125,2223.190185546875,10901.958984375,1467.4061279296875,234.11512756347656,1232.0235595703125
2025-06-03,1393.4661865234375,934.0179443359376,1414.961181640625,1487.5450439453125,3229.709716796875,1803.339111328125,795.4617309570312,397.5602722167969,3609.54443359375,1179.5814208984375,407.7251892089844,11878.83984375,1646.9859619140625,3497.761962890625,892.4141845703125,2286.407958984375,316.3920593261719,2990.811279296875,692.1087036132812,277.8323059082031,2212.401123046875,10746.146484375,1462.3856201171875,232.7350921630859,1232.6162109375
2025-06-04,1411.31201171875,942.073974609375,1408.1712646484375,1495.4503173828125,3235.164306640625,1836.736083984375,792.2201538085938,397.60791015625,3591.42138671875,1169.0985107421875,408.0841674804687,11913.12109375,1644.41796875,3477.88720703125,893.2092895507812,2298.26611328125,317.3559265136719,2997.585205078125,703.3157958984375,278.1214294433594,2205.829833984375,10744.19921875,1474.6051025390625,233.34005737304688,1236.1708984375
2025-06-05,1430.0501708984375,946.1505126953124,1431.591552734375,1498.43896484375,3225.786865234375,1840.06591796875,791.72900390625,399.6102600097656,3607.36572265625,1157.117919921875,406.8078308105469,11876.880859375,1662.3939208984375,3482.060791015625,887.941650390625,2309.83251953125,316.7776184082031,2986.0009765625,704.3075561523438,283.6154479980469,2200.435302734375,10866.900390625,1480.3836669921875,234.36090087890625,1274.384765625
2025-06-06,1431.1407470703125,960.2728881835938,1436.413330078125,1507.5975341796875,3238.322021484375,1831.643310546875,798.6541748046875,401.4695739746094,3620.93310546875,1192.66015625,413.4885559082031,12205.978515625,1658.5418701171875,3537.61083984375,931.4243774414062,2322.857421875,320.8258972167969,3049.71435546875,705.1505737304688,285.1094055175781,2202.1025390625,10958.4404296875,1488.245849609375,234.9752960205078,1304.303955078125
2025-06-09,1436.3953857421875,960.3700561523438,1411.9107666015625,1516.3704833984375,3274.396728515625,1826.6484375,805.5302734375,403.3765563964844,3643.314453125,1217.9190673828125,426.4113464355469,12377.3828125,1673.554931640625,3511.7734375,954.880126953125,2326.161865234375,324.9223327636719,3030.96337890625,711.8945922851562,289.63958740234375,2204.750732421875,10965.2578125,1495.823974609375,237.5274200439453,1302.5264892578125
2025-06-10,1426.1834716796875,953.7698974609376,1400.200439453125,1538.6402587890625,3313.629638671875,1818.813232421875,802.5833740234375,407.1428833007813,3644.205810546875,1230.798095703125,428.9839172363281,12262.787109375,1668.02392578125,3502.13427734375,943.9473266601562,2328.10595703125,326.9465026855469,3011.42724609375,726.2257690429688,290.169677734375,2196.386474609375,11092.828125,1525.9468994140625,240.9113616943359,1331.853515625
2025-06-11,1436.4945068359375,946.538818359375,1408.1712646484375,1572.4786376953125,3322.241455078125,1821.849365234375,800.6187744140625,406.3323974609375,3649.157470703125,1229.400390625,427.8272705078125,12196.1826171875,1669.8016357421875,3519.425537109375,936.7416381835938,2309.83251953125,325.88623046875,3024.385986328125,730.3416137695312,284.7720642089844,2186.38916015625,11163.9169921875,1551.1441650390625,244.73956298828125,1334.12451171875
2025-06-12,1429.257080078125,943.1416625976562,1402.4637451171875,1550.7874755859375,3286.166748046875,1806.17919921875,791.679931640625,401.4219055175781,3569.039794921875,1210.9305419921875,424.1378784179687,12135.45703125,1666.64111328125,3431.08203125,931.1261596679688,2267.3564453125,321.6451721191406,2964.01025390625,709.4647827148438,278.55517578125,2196.881591796875,11026.607421875,1557.68017578125,245.39173889160156,1345.578857421875
2025-06-13,1415.67431640625,930.6207885742188,1393.5089111328125,1544.4246826171875,3297.1708984375,1802.4576416015625,778.3206787109375,394.6520690917969,3552.699462890625,1203.8419189453125,420.26904296875,12153.087890625,1667.0361328125,3400.474609375,927.3990478515624,2254.04052734375,319.95843505859375,2951.051513671875,706.19189453125,275.1816711425781,2191.734375,10930.19921875,1571.51025390625,245.9588928222656,1345.38134765625
2025-06-16,1425.4896240234375,939.2592163085938,1404.13671875,1565.441162109375,3345.590087890625,1822.9267578125,778.4680786132812,398.7521057128906,3593.599853515625,1213.4263916015625,426.57086181640625,12272.5810546875,1664.5670166015625,3416.573486328125,932.2691650390624,2262.205078125,321.6451721191406,2968.330078125,681.0009155273438,278.21783447265625,2222.023681640625,11194.10546875,1604.56982421875,248.49212646484375,1329.8785400390625
2025-06-17,1418.946044921875,936.4444580078124,1400.49560546875,1580.962646484375,3363.77099609375,1816.560791015625,778.2716064453125,397.98931884765625,3587.261962890625,1213.1268310546875,426.1321411132813,12336.2451171875,1629.898681640625,3384.376220703125,917.3607788085938,2263.37158203125,323.09100341796875,2952.2294921875,669.1987915039062,278.1214294433594,2241.821044921875,11085.037109375,1627.9671630859375,248.51104736328125,1302.23046875
2025-06-18,1417.85546875,938.5313110351562,1390.064697265625,1574.214111328125,3302.625,1827.4320068359375,777.8787231445312,396.5590515136719,3566.6630859375,1219.0172119140625,425.2546997070313,12486.1025390625,1627.7257080078125,3446.087646484375,913.38525390625,2232.9482421875,320.3921203613281,2985.510009765625,664.73583984375,276.9166259765625,2258.25244140625,11107.435546875,1620.483642578125,247.26332092285156,1296.799560546875
2025-06-19,1421.0281982421875,939.2107543945312,1388.78564453125,1560.2352294921875,3276.40625,1838.3031005859375,771.1990356445312,396.6544189453125,3586.07373046875,1215.52294921875,428.046630859375,12542.9111328125,1627.3306884765625,3483.451904296875,894.9982299804688,2229.93505859375,318.12701416015625,3038.228271484375,666.7689208984375,276.09735107421875,2244.98828125,11121.0693359375,1595.19189453125,251.03477478027344,1309.4385986328125
2025-06-20,1453.6463623046875,953.4786376953124,1404.33349609375,1564.573486328125,3287.602294921875,1896.772216796875,782.053466796875,399.0858154296875,3626.577880859375,1218.7176513671875,432.7131652832031,12528.21875,1644.6153564453125,3496.967041015625,899.4707641601562,2241.59912109375,323.09100341796875,3126.1904296875,670.6369018554688,282.50701904296875,2262.5087890625,11158.07421875,1606.65380859375,251.9422149658203,1308.648681640625
2025-06-23,1444.326904296875,945.5682373046876,1397.4451904296875,1527.071533203125,3247.31689453125,1896.3804931640625,776.2088012695312,394.6520690917969,3549.03515625,1212.12841796875,435.5649719238281,12438.1083984375,1642.04736328125,3483.750244140625,909.9066162109376,2234.62548828125,320.5849304199219,3077.693603515625,665.7276000976562,279.760009765625,2241.1279296875,11149.310546875,1593.10791015625,248.82293701171875,1301.3416748046875
2025-06-24,1438.3782958984375,951.634521484375,1401.38134765625,1524.7576904296875,3244.25439453125,1893.7362060546875,781.3167114257812,395.0811462402344,3569.93115234375,1219.2169189453125,443.4422912597656,12351.9169921875,1641.257080078125,3503.923095703125,910.9005126953124,2222.839111328125,318.0306701660156,3092.517578125,668.1078491210938,275.6154479980469,2252.21435546875,11275.9072265625,1588.6556396484375,250.45822143554688,1320.498046875
2025-06-25,1454.737060546875,961.0009155273438,1403.05419921875,1556.8609619140625,3296.31005859375,1925.076416015625,785.8843383789062,396.9881591796875,3584.7861328125,1211.329833984375,438.3967895507813,12504.712890625,1649.06005859375,3629.332763671875,922.3302612304688,2238.1611328125,318.89813232421875,3156.721923828125,668.9508666992188,279.9527893066406,2256.767578125,11425.8759765625,1615.08447265625,254.6550445556641,1324.743896484375
2025-06-26,1482.497314453125,981.1895751953124,1416.1419677734375,1557.9215087890625,3293.439208984375,1972.7725830078125,782.9375,400.7544250488281,3624.201171875,1231.4970703125,439.5135803222656,12453.7802734375,1649.2576904296875,3671.566650390625,945.6866455078124,2240.22412109375,324.97052001953125,3157.0166015625,677.1329956054688,282.892578125,2266.567138671875,11638.169921875,1601.0648193359375,253.8137969970703,1304.8963623046875
2025-06-27,1502.4251708984375,988.5982666015624,1438.8734130859375,1550.208984375,3292.769775390625,1985.3084716796875,791.1396484375,399.18115234375,3643.611572265625,1223.110595703125,440.311279296875,12382.2802734375,1666.838623046875,3643.245361328125,941.2141723632812,2265.859375,326.0789794921875,3144.7451171875,681.2488403320312,288.43475341796875,2334.76806640625,11893.3115234375,1586.09814453125,250.5338134765625,1284.654052734375
2025-06-30,1487.7518310546875,982.023681640625,1422.7352294921875,1544.2318115234375,3312.768310546875,1968.1693115234375,805.824951171875,397.08349609375,3634.302490234375,1197.2525634765625,431.4568176269531,12145.2509765625,1655.0848388671875,3667.094970703125,930.7783203125,2253.7783203125,322.8017883300781,3125.012451171875,682.3397827148438,289.0612487792969,2317.346923828125,11776.453125,1598.03369140625,251.4128875732422,1267.176513671875
2025-07-01,1515.3138427734375,987.2244873046876,1409.1552734375,1549.0521240234375,3281.8603515625,1977.767333984375,805.7758178710938,395.7962646484375,3631.232421875,1171.394775390625,435.4652404785156,12186.388671875,1646.689453125,3677.330322265625,930.9274291992188,2254.662353515625,320.5849304199219,3118.04248046875,678.17431640625,286.7961730957031,2345.458740234375,11890.3896484375,1583.06689453125,250.06118774414065,1260.758056640625
2025-07-02,1505.7960205078125,974.418701171875,1405.0223388671875,1552.619140625,3275.73681640625,1991.3807373046875,798.5068969726562,393.7462768554687,3562.008544921875,1173.3916015625,432.5735778808594,12362.6904296875,1656.8629150390625,3684.783447265625,917.3607788085938,2266.05615234375,321.693359375,3107.34130859375,682.88525390625,284.1937561035156,2394.85205078125,12110.4736328125,1588.6556396484375,252.37701416015625,1254.83349609375
2025-07-03,1504.8046875,974.9583740234376,1403.152587890625,1560.5244140625,3254.206787109375,1977.66943359375,792.8095092773438,394.1276550292969,3548.242919921875,1169.1982421875,424.0980224609375,12490.0205078125,1659.0357666015625,3655.666748046875,904.5892944335938,2272.243896484375,322.5126647949219,3116.373291015625,684.7200927734375,283.0853271484375,2406.235595703125,12073.46875,1583.7301025390625,252.42428588867188,1275.0760498046875
2025-07-04,1514.223388671875,976.037841796875,1419.7830810546875,1581.7337646484375,3272.387451171875,1975.6126708984375,797.4754028320312,393.3648376464844,3559.830078125,1176.6925048828125,424.7361755371094,12386.197265625,1655.6776123046875,3663.8154296875,919.646728515625,2297.683349609375,323.38018798828125,3129.634033203125,683.3811645507812,283.37451171875,2399.603515625,12178.6416015625,1596.558837890625,255.25997924804688,1290.9736328125
2025-07-07,1528.3016357421875,975.1055908203124,1412.796142578125,1568.526123046875,3264.63671875,1991.9683837890625,792.56396484375,396.79742431640625,3546.757568359375,1174.1944580078125,428.72467041015625,12262.787109375,1664.6953125,3643.14599609375,919.000732421875,2367.51806640625,325.2597351074219,3127.35791015625,683.1828002929688,285.205810546875,2418.014892578125,12021.85546875,1566.3677978515625,253.0859375,1294.03466796875
2025-07-08,1524.4349365234375,981.974609375,1418.9957275390625,1579.8056640625,3259.37353515625,1988.148681640625,798.2612915039062,397.7986145019531,3571.515625,1164.501953125,443.6217346191406,12158.9638671875,1657.3623046875,3430.045166015625,921.982421875,2350.133056640625,330.8019714355469,3125.081787109375,687.4970092773438,286.9889831542969,2459.390869140625,12119.23828125,1577.4603271484375,254.8818817138672,1267.670166015625
2025-07-09,1505.9942626953125,986.7828369140624,1409.0570068359375,1574.9852294921875,3237.939208984375,1978.06103515625,796.5913696289062,399.9440002441406,3545.073974609375,1163.8023681640625,444.5789794921875,12213.8134765625,1654.290283203125,3420.875244140625,934.8532104492188,2380.286865234375,331.5730895996094,3143.290771484375,687.1002807617188,288.8202819824219,2473.545654296875,12233.17578125,1557.5902099609375,253.1332092285156,1253.4510498046875
2025-07-10,1504.2095947265625,984.3296508789062,1401.38134765625,1557.7286376953125,3236.216796875,1923.9991455078125,793.693603515625,397.46490478515625,3540.122314453125,1163.40283203125,439.49365234375,12390.115234375,1647.4527587890625,3408.615478515625,941.8602294921876,2365.5537109375,329.115234375,3129.53515625,689.8772583007812,288.43475341796875,2426.32958984375,12188.3798828125,1543.410888671875,250.5338134765625,1254.6434326171875
2025-07-11,1482.3980712890625,973.2902221679688,1399.2164306640625,1537.579833984375,3125.21728515625,1882.27734375,794.3321533203125,397.4172058105469,3506.352294921875,1172.8955078125,442.8439636230469,12315.677734375,1656.8668212890625,3350.605712890625,927.796630859375,2474.77587890625,330.320068359375,3041.26220703125,676.1907958984375,287.760009765625,2414.451416015625,12167.9296875,1545.725830078125,244.1534881591797,1246.793212890625
2025-07-14,1470.9964599609375,972.94677734375,1400.2989501953125,1513.8638916015625,3083.78369140625,1881.2979736328125,794.528564453125,399.8962707519531,3462.08447265625,1171.7962646484375,439.49365234375,12256.91015625,1667.370849609375,3393.564697265625,913.2361450195312,2471.828857421875,329.7417297363281,3059.9658203125,668.9508666992188,287.4226989746094,2377.233154296875,12188.3798828125,1520.83984375,240.32530212402344,1242.7191162109375
2025-07-15,1472.6820068359375,979.079833984375,1407.9744873046875,1528.614013671875,3112.107666015625,1894.32373046875,801.9940185546875,402.4707336425781,3460.202880859375,1165.0015869140625,436.3626708984375,12278.45703125,1711.864501953125,3403.8310546875,922.7278442382812,2481.94580078125,329.64532470703125,3096.08642578125,678.7694091796875,287.2781066894531,2369.215087890625,12174.7470703125,1523.0584716796875,243.3027801513672,1252.9542236328125
2025-07-16,1472.8802490234375,979.4722900390624,1403.6446533203125,1550.112548828125,3104.234619140625,1896.67431640625,816.9739990234375,404.8544616699219,3469.908203125,1167.4996337890625,434.627685546875,12305.8818359375,1685.6043701171875,3406.12353515625,916.118408203125,2472.811279296875,330.0791015625,3163.28076171875,673.413818359375,286.3142395019531,2386.042724609375,12127.029296875,1550.9345703125,248.4070281982422,1251.463623046875
2025-07-17,1463.7591552734375,974.8602294921876,1396.0675048828125,1526.5894775390625,3081.287109375,1890.112548828125,814.32177734375,404.2347106933594,3440.396484375,1158.90625,432.9126281738281,12219.6904296875,1687.9825439453125,3422.0712890625,917.658935546875,2465.14990234375,330.2718505859375,3161.79638671875,676.0916137695312,285.88055419921875,2374.560302734375,12167.9296875,1508.300537109375,246.3275451660156,1255.1402587890625
2025-07-18,1463.362548828125,960.38623046875,1403.05419921875,1529.0960693359375,3062.756103515625,1877.372802734375,808.7717895507812,403.0905151367187,3431.285400390625,1098.452880859375,427.3621826171875,12163.861328125,1678.271240234375,3391.7705078125,936.2446899414062,2445.309326171875,329.7417297363281,3159.223388671875,674.653564453125,283.51904296875,2358.2275390625,12170.8515625,1494.02490234375,252.32977294921875,1249.5755615234375
2025-07-21,1416.3682861328125,981.5330200195312,1442.4161376953125,1527.36083984375,3032.31982421875,1885.4708251953125,809.6068115234375,400.5637512207031,3468.91796875,1098.7525634765625,432.2936706542969,12150.1494140625,1676.983154296875,3421.772216796875,942.6553344726562,2421.048828125,329.21160888671875,3212.958984375,681.7943115234375,286.26605224609375,2351.298583984375,12247.783203125,1489.1055908203125,246.0912322998047,1251.3642578125
2025-07-22,1400.70361328125,984.771240234375,1450.0916748046875,1514.4423828125,3033.6640625,1883.100830078125,800.5697021484375,396.6544189453125,3431.08740234375,1097.15380859375,431.29541015625,12235.3623046875,1662.8125,3461.043212890625,946.730224609375,2435.585205078125,328.5368957519531,3223.349853515625,667.8599243164062,287.0371398925781,2341.2021484375,12126.0546875,1492.3851318359375,245.47683715820312,1232.1859130859375
2025-07-23,1412.402587890625,993.2103881835938,1464.852294921875,1517.9129638671875,3052.38671875,1919.640869140625,806.1196899414062,395.65325927734375,3451.19091796875,1103.9486083984375,433.3318786621094,12367.5888671875,1667.2718505859375,3460.04638671875,962.384033203125,2406.806640625,330.6573791503906,3234.82958984375,684.4224853515625,288.43475341796875,2351.298583984375,12048.1494140625,1491.8062744140625,247.08370971679688,1239.539306640625
2025-07-24,1390.888427734375,988.2548217773438,1459.7353515625,1496.70361328125,3022.5263671875,1912.0364990234375,801.25732421875,390.8857727050781,3443.862548828125,1094.256103515625,427.681640625,12299.0263671875,1676.685791015625,3473.00390625,953.0911865234376,2394.430908203125,326.6573181152344,3227.011474609375,694.7369384765625,288.5311584472656,2328.2353515625,11981.9296875,1445.5069580078125,247.50909423828125,1257.525146484375
2025-07-25,1379.7841796875,985.9922485351562,1453.5357666015625,1461.2261962890625,3010.812744140625,1913.814208984375,792.269287109375,390.361328125,3409.59716796875,1085.262939453125,424.1876831054687,12149.169921875,1683.622314453125,3451.474609375,908.1672973632812,2372.42919921875,321.16326904296875,3212.662109375,681.7447509765625,281.54315185546875,2312.496337890625,12004.958984375,1410.107177734375,245.0042266845703,1269.8470458984375
2025-07-28,1375.71923828125,987.9105224609376,1464.6556396484375,1461.515380859375,2956.564697265625,1866.805908203125,783.0357666015625,390.8380737304687,3389.097412109375,1072.7725830078125,392.6421203613281,12086.484375,1686.79345703125,3381.903076171875,875.1204223632812,2398.163330078125,320.9222717285156,3176.442626953125,677.2817993164062,281.3503723144531,2335.6591796875,11995.1591796875,1399.2073974609375,241.0043487548828,1279.2872314453125
2025-07-29,1404.9666748046875,994.3539428710938,1462.4906005859375,1459.2979736328125,2934.193359375,1894.4578857421875,785.0494384765625,389.45550537109375,3461.78759765625,1063.3798828125,393.8600463867187,12212.833984375,1695.018310546875,3368.14794921875,881.1334838867188,2409.949951171875,322.5126647949219,3166.150634765625,686.6539916992188,282.50701904296875,2377.1337890625,11976.5390625,1402.294189453125,242.6910400390625,1291.609130859375
2025-07-30,1398.026611328125,996.4197998046876,1458.7513427734375,1464.40771484375,2931.88916015625,1908.580078125,787.4560546875,388.6450500488281,3629.64794921875,1072.472900390625,391.2644958496094,12358.7724609375,1718.107421875,3365.45703125,879.44384765625,2394.037841796875,326.5609130859375,3175.5517578125,662.9506225585938,278.5069885253906,2391.288818359375,12022.599609375,1411.361083984375,241.14891052246097,1283.95751953125
2025-07-31,1378.2969970703125,992.6815795898438,1457.767333984375,1454.76708984375,2915.7587890625,1890.507568359375,782.4463500976562,392.7927856445313,3601.324462890625,1067.57666015625,395.0379943847656,12348.978515625,1691.2525634765625,3336.3525390625,875.816162109375,2476.34716796875,322.17529296875,3169.812255859375,660.47119140625,280.48291015625,2371.788818359375,12003.9794921875,1411.84326171875,239.31765747070312,1262.2950439453125
2025-08-01,1381.76708984375,989.7304077148438,1448.12353515625,1416.782958984375,2883.305908203125,1860.9791259765625,779.9415283203125,397.08349609375,3552.6005859375,1061.581298828125,397.7932434082031,12179.6787109375,1614.9495849609375,3305.15478515625,870.2503662109375,2508.268798828125,318.9463195800781,3126.467529296875,643.5118408203125,280.7238464355469,2406.33447265625,11870.7001953125,1387.8255615234375,233.9684295654297,1212.9080810546875
2025-08-04,1399.4146728515625,979.7947387695312,1439.8575439453125,1427.291259765625,2951.859619140625,1890.8037109375,781.6113891601562,397.46490478515625,3595.976806640625,1067.7764892578125,398.7116394042969,12242.052734375,1626.7418212890625,3345.322998046875,879.89111328125,2498.44677734375,320.006591796875,3166.9423828125,648.2227783203125,277.54315185546875,2424.94384765625,12011.8193359375,1422.7430419921875,237.1490478515625,1217.2803955078125
2025-08-05,1379.7841796875,972.7118530273438,1421.357421875,1407.8173828125,2941.7783203125,1907.7900390625,786.4246215820312,394.8904418945313,3617.26904296875,1069.974853515625,399.9095764160156,12412.341796875,1617.327880859375,3407.0205078125,886.4508056640625,2489.60693359375,321.5487976074219,3178.817626953125,649.2145385742188,275.66357421875,2412.07568359375,12051.9990234375,1432.7745361328125,237.0141143798828,1207.144775390625
2025-08-06,1380.874755859375,976.499267578125,1420.5703125,1385.0654296875,2911.438232421875,1905.716064453125,790.8941040039062,392.8404235839844,3593.302734375,1070.1746826171875,399.789794921875,12399.4716796875,1580.7618408203125,3406.522216796875,871.2940063476562,2490.4912109375,320.10302734375,3193.958740234375,647.4789428710938,274.5069885253906,2465.923828125,11981.439453125,1407.309814453125,231.27935791015625,1189.15869140625
2025-08-07,1377.5040283203125,981.4671020507812,1417.322998046875,1385.25830078125,2925.552001953125,1898.704345703125,790.8941040039062,394.3660278320313,3606.375244140625,1075.37060546875,397.73333740234375,12506.3974609375,1583.9329833984375,3404.528564453125,873.72900390625,2472.712890625,317.837890625,3177.729248046875,641.1812133789062,275.2298889160156,2481.068603515625,12027.4990234375,1429.4949951171875,233.55398559570312,1193.23291015625
2025-08-08,1356.0888671875,970.8920288085938,1412.9931640625,1371.9542236328125,2915.37451171875,1835.499755859375,790.0591430664062,395.22418212890625,3572.7041015625,1057.2845458984375,389.8669128417969,12464.8154296875,1572.537109375,3448.883056640625,871.7909545898438,2454.1494140625,322.6571960449219,3111.524169921875,628.4865112304688,274.55517578125,2450.482177734375,11913.8193359375,1427.9517822265625,230.4022674560547,1203.76611328125
2025-08-11,1374.331298828125,981.5654296875,1413.681884765625,1376.8709716796875,2919.59912109375,1834.314697265625,808.8700561523438,397.46490478515625,3632.916015625,1072.472900390625,394.4989013671875,12471.74609375,1593.8424072265625,3456.557861328125,872.4369506835938,2473.596923828125,324.00665283203125,3153.087890625,648.37158203125,274.55517578125,2463.84521484375,12156.8583984375,1428.6268310546875,232.87928771972656,1211.8150634765625
2025-08-12,1368.5810546875,968.924560546875,1410.112060546875,1372.918212890625,2914.414306640625,1827.302978515625,806.0704956054688,396.9881591796875,3650.44482421875,1069.1754150390625,391.1247253417969,12712.3291015625,1607.5174560546875,3475.396240234375,847.7884521484375,2439.612548828125,327.81402587890625,3202.864990234375,648.7186889648438,274.3623962402344,2453.15478515625,12199.978515625,1455.827880859375,232.9756774902344,1212.610107421875
2025-08-13,1370.7620849609375,974.0399169921876,1408.922119140625,1375.328369140625,2915.1826171875,1844.1904296875,807.29833984375,394.8427734375,3657.97119140625,1065.178466796875,396.8548583984375,12706.388671875,1624.958251953125,3455.461669921875,854.7456665039062,2450.71142578125,327.66943359375,3248.090087890625,658.289306640625,277.78411865234375,2474.832275390625,12152.9384765625,1452.93408203125,232.908203125,1245.50146484375
2025-08-14,1367.4774169921875,979.35205078125,1415.3677978515625,1395.6700439453125,2901.83642578125,1850.5108642578125,811.9151611328125,392.3160095214844,3641.432861328125,1067.376708984375,394.9581298828125,12807.375,1626.5438232421875,3477.987548828125,856.1868286132812,2436.469482421875,327.091064453125,3231.464599609375,659.1322631835938,278.2660827636719,2503.043212890625,12070.619140625,1434.0284423828125,237.88156127929688,1252.4573974609375
2025-08-18,1375.3409423828125,985.5003662109376,1422.606689453125,1384.1978759765625,2891.1787109375,1868.781005859375,812.9957275390625,387.4054870605469,3599.938232421875,1081.7657470703125,399.5901184082031,13928.119140625,1617.9224853515625,3543.173828125,899.6695556640625,2522.412841796875,323.9102783203125,3347.941650390625,670.4385375976562,279.8564147949219,2561.147705078125,12509.6572265625,1419.07763671875,236.3394470214844,1254.7427978515625
2025-08-19,1413.564208984375,979.35205078125,1424.29248046875,1388.246826171875,2895.9794921875,1885.964599609375,815.697021484375,390.0753173828125,3578.052001953125,1082.365234375,405.2803039550781,14108.3095703125,1611.877685546875,3556.430419921875,896.7872314453125,2558.4599609375,322.9463806152344,3319.14404296875,694.489013671875,278.7915344238281,2553.228759765625,12605.697265625,1443.6741943359375,238.0261383056641,1236.359375
2025-08-20,1406.4969482421875,977.9256591796876,1418.64013671875,1442.427001953125,2975.095458984375,1904.4322509765625,814.272705078125,387.1671142578125,3557.55224609375,1079.3675537109375,402.8045654296875,14079.59765625,1618.31884765625,3583.242431640625,882.3758544921875,2622.303466796875,329.64532470703125,3360.311767578125,683.9265747070312,279.17877197265625,2544.023193359375,12616.4775390625,1470.1033935546875,241.76577758789065,1237.5518798828125
2025-08-21,1418.24267578125,979.4012451171876,1433.911376953125,1442.619873046875,2978.936279296875,1905.9136962890625,811.0802612304688,386.69036865234375,3577.65576171875,1078.068603515625,402.8644714355469,14138.01171875,1625.3544921875,3604.47265625,890.128173828125,2600.891357421875,326.5609130859375,3340.02490234375,679.76123046875,274.9194641113281,2540.558837890625,12612.5576171875,1467.4027099609375,240.86941528320312,1268.55517578125
2025-08-22,1402.71435546875,966.317626953125,1424.3917236328125,1434.0396728515625,2932.27294921875,1909.2713623046875,801.7975463867188,379.7775268554687,3561.018310546875,1070.07470703125,396.63525390625,14206.3251953125,1626.940185546875,3609.1572265625,889.034912109375,2583.11328125,324.8259582519531,3367.634765625,674.703125,274.2902526855469,2479.0888671875,12337.177734375,1451.68017578125,239.64535522460935,1269.5489501953125
2025-08-25,1406.0987548828125,966.0717163085938,1421.2183837890625,1477.0367431640625,3015.421630859375,1906.70361328125,801.9940185546875,380.7787170410156,3568.247802734375,1069.1754150390625,395.9763793945313,14308.30078125,1641.7052001953125,3639.457763671875,895.29638671875,2584.782958984375,325.645263671875,3363.577392578125,681.149658203125,275.06463623046875,2467.6064453125,12353.837890625,1472.9971923828125,244.6572265625,1275.809326171875
2025-08-26,1378.5262451171875,957.5625,1404.7572021484375,1474.6265869140625,3031.359619140625,1881.0267333984375,793.5462646484375,384.5926818847656,3507.04541015625,1049.290771484375,392.46246337890625,14567.6962890625,1585.8157958984375,3582.24560546875,870.8964233398438,2644.697998046875,321.16326904296875,3296.18505859375,676.0420532226562,270.9505310058594,2456.22314453125,12357.7578125,1448.979248046875,242.9127197265625,1255.2396240234375
2025-08-28,1379.521728515625,942.2162475585938,1387.4034423828125,1446.1868896484375,2970.390869140625,1857.7200927734375,787.750732421875,382.2566223144531,3525.66357421875,1051.08935546875,388.2696838378906,14605.318359375,1571.3477783203125,3625.802490234375,871.4927368164062,2607.17724609375,318.84991455078125,3261.05419921875,669.89306640625,265.6748352050781,2463.74609375,12270.5380859375,1442.61328125,241.5826416015625,1251.8612060546875
2025-08-29,1350.9537353515625,936.1171264648438,1386.1143798828125,1416.782958984375,2961.749267578125,1865.324462890625,788.291015625,390.695068359375,3566.16796875,1044.39453125,391.3843078613281,14643.9306640625,1580.0682373046875,3616.931884765625,872.4866333007812,2612.4814453125,315.71734619140625,3166.24951171875,663.49609375,266.44921875,2493.0458984375,12387.158203125,1428.9163818359375,240.38751220703125,1252.1591796875
2025-09-01,1347.6689453125,935.1333618164062,1399.2039794921875,1445.511962890625,2988.537353515625,1876.977783203125,791.7781372070312,386.9764404296875,3563.593017578125,1060.6820068359375,393.04144287109375,14738.9755859375,1549.150634765625,3606.76513671875,883.9163818359375,2602.364501953125,318.7535705566406,3280.945068359375,684.4721069335938,270.9021911621094,2544.122314453125,12569.4375,1452.1624755859375,241.3031311035156,1271.83447265625
2025-09-02,1360.2109375,929.1326904296876,1382.54443359375,1444.837158203125,2987.481201171875,1863.7442626953125,789.666259765625,387.8345947265625,3540.3203125,1055.385986328125,387.8304443359375,14694.4228515625,1551.0333251953125,3608.7587890625,884.6617431640625,2629.37548828125,324.1512451171875,3200.885986328125,678.7694091796875,277.53314208984375,2514.228515625,12475.357421875,1459.2039794921875,241.85250854492188,1245.799560546875
2025-09-03,1366.2828369140625,938.9207763671876,1385.321044921875,1425.941650390625,2974.0390625,1860.4853515625,797.7701416015625,392.6020812988281,3565.969970703125,1053.88720703125,391.3643493652344,14778.578125,1564.4111328125,3678.52978515625,890.8239135742188,2617.294189453125,322.17529296875,3251.8505859375,686.3564453125,276.9039001464844,2527.987548828125,12478.2978515625,1454.7667236328125,240.53207397460935,1254.2459716796875
2025-09-04,1353.0440673828125,945.610107421875,1393.75,1410.420166015625,2972.310791015625,1857.0289306640625,795.06884765625,396.5590515136719,3557.849365234375,1049.590576171875,389.2679443359375,14516.212890625,1567.9786376953125,3679.028076171875,929.0390014648438,2619.16064453125,321.34771728515625,3445.319091796875,681.8439331054688,272.7897644042969,2542.53857421875,12397.9384765625,1447.2431640625,236.1081085205078,1245.10400390625
2025-09-05,1368.671875,947.7251586914062,1391.0726318359375,1392.6815185546875,2926.80029296875,1871.74365234375,792.318359375,388.40667724609375,3519.2265625,1055.0863037109375,388.4294128417969,14746.896484375,1579.17626953125,3653.3125,931.87158203125,2586.551025390625,320.0333251953125,3524.289794921875,686.0093383789062,276.226318359375,2553.723876953125,12348.9384765625,1425.540283203125,234.85513305664065,1260.1087646484375
2025-09-08,1372.15576171875,950.2828369140624,1390.973388671875,1381.4019775390625,2898.66796875,1864.238037109375,794.4794311523438,388.5973815917969,3495.458740234375,1054.6866455078125,389.3478088378906,15106.287109375,1566.6904296875,3646.036376953125,938.5306396484376,2577.219970703125,318.0860595703125,3524.289794921875,713.5806274414062,273.7578125,2505.1220703125,12410.677734375,1408.9495849609375,233.7467498779297,1242.7191162109375
2025-09-09,1369.8662109375,949.4467163085938,1391.9649658203125,1450.2359619140625,2927.856201171875,1870.1634521484375,794.528564453125,390.9811096191406,3490.903076171875,1051.3890380859375,391.40423583984375,15212.22265625,1577.2935791015625,3618.2275390625,942.6056518554688,2594.998291015625,315.5545959472656,3657.88671875,709.6631469726562,274.7742614746094,2511.55615234375,12320.5185546875,1445.12109375,240.13690185546875,1283.1627197265625
2025-09-10,1370.66259765625,950.1845092773438,1392.163330078125,1477.518798828125,2986.041015625,1867.8922119140625,803.7130126953125,393.8415832519531,3515.661376953125,1069.2752685546875,393.9798278808594,14957.7783203125,1578.978271484375,3608.7587890625,962.0361938476562,2596.471435546875,317.063720703125,3566.941650390625,703.2661743164062,273.9030456542969,2517.4951171875,12228.3984375,1471.9361572265625,246.49815368652344,1295.9813232421875
2025-09-11,1376.9337158203125,952.0535278320312,1389.882568359375,1455.4417724609375,2999.675048828125,1889.2236328125,809.0665283203125,395.74859619140625,3505.4609375,1086.56201171875,393.7801513671875,14944.9072265625,1595.130615234375,3572.4775390625,964.3220825195312,2575.353759765625,322.32135009765625,3558.33203125,700.0429077148438,277.62994384765625,2529.96728515625,12144.119140625,1467.3062744140625,244.72471618652344,1294.88818359375
2025-09-12,1388.579833984375,951.5617065429688,1405.847900390625,1470.7703857421875,3008.508056640625,1878.952880859375,808.96826171875,394.5090637207031,3545.173095703125,1104.4482421875,393.7801513671875,15172.62109375,1601.96826171875,3560.2177734375,997.1204833984376,2534.59228515625,322.9542236328125,3552.59228515625,709.3656005859375,278.4527587890625,2520.46484375,12122.55859375,1471.4539794921875,242.8259735107422,1308.4024658203125
2025-09-15,1392.8599853515625,951.3157348632812,1407.5338134765625,1454.1885986328125,2987.865234375,1880.829345703125,810.1470336914062,393.4601745605469,3551.510986328125,1103.5489501953125,393.4806823730469,15113.216796875,1587.500244140625,3522.54150390625,1003.6801147460938,2535.083251953125,322.37005615234375,3493.61181640625,707.0349731445312,277.0975341796875,2477.208251953125,12186.2587890625,1465.955810546875,242.1898498535156,1292.602783203125
2025-09-16,1398.8323974609375,951.1190185546876,1409.71533203125,1456.9844970703125,3020.31787109375,1915.394287109375,816.82666015625,393.8892822265625,3632.32177734375,1120.3359375,403.64312744140625,15418.154296875,1595.92333984375,3545.167236328125,997.1204833984376,2534.985107421875,326.21588134765625,3570.50439453125,707.382080078125,279.1304016113281,2455.72802734375,12326.3984375,1477.2413330078125,244.8210906982422,1302.142333984375
2025-09-17,1407.2933349609375,950.7747192382812,1407.33544921875,1467.685546875,3046.338134765625,1917.1719970703125,841.973388671875,390.2659912109375,3649.8505859375,1125.13232421875,409.353271484375,15643.8876953125,1605.53564453125,3511.477783203125,1001.3445434570312,2523.984130859375,327.5302734375,3595.4423828125,713.2335205078125,277.9687194824219,2468.29931640625,12466.5380859375,1492.3851318359375,244.95602416992188,1303.135986328125
2025-09-18,1408.4876708984375,961.0055541992188,1409.814453125,1485.2313232421875,3050.08251953125,1916.974365234375,839.222900390625,392.4113464355469,3650.345703125,1132.1268310546875,410.2117919921875,15659.728515625,1633.6785888671875,3499.816162109375,990.4117431640624,2540.780029296875,328.0658264160156,3604.348876953125,705.3489379882812,279.8564147949219,2453.550537109375,12373.4384765625,1495.760986328125,247.6354522705078,1314.36474609375
2025-09-19,1400.9227294921875,951.168212890625,1390.4775390625,1484.845703125,3042.88134765625,1938.009765625,847.081298828125,391.55322265625,3639.84814453125,1135.024658203125,405.49993896484375,15706.26171875,1641.0115966796875,3455.8603515625,986.386474609375,2514.064208984375,329.7209777832031,3554.769775390625,701.6297607421875,277.0491027832031,2456.52001953125,12257.798828125,1498.7513427734375,246.6234588623047,1313.3709716796875
2025-09-22,1384.199951171875,948.5121459960938,1389.783447265625,1445.6083984375,2951.283935546875,1931.88671875,840.1069946289062,388.0252990722656,3609.2470703125,1143.51806640625,403.64312744140625,15658.73828125,1629.1202392578125,3446.19189453125,1000.3506469726562,2526.439697265625,330.2565002441406,3547.54541015625,690.5219116210938,277.4847106933594,2457.510009765625,12396.9580078125,1452.0660400390625,241.2742156982422,1293.198974609375
2025-09-23,1383.40380859375,941.6260375976562,1382.6436767578125,1443.6802978515625,2940.338134765625,1914.604248046875,855.1851806640625,384.4496765136719,3622.220458984375,1169.8978271484375,408.8341674804687,15936.9443359375,1616.43603515625,3427.951904296875,1019.2345581054688,2477.3291015625,333.956298828125,3577.035888671875,695.5799560546875,279.3724060058594,2422.072998046875,12152.9384765625,1419.7528076171875,240.59954833984375,1300.1549072265625
2025-09-24,1376.635009765625,935.5761108398438,1371.1405029296875,1440.884521484375,2914.414306640625,1907.0986328125,850.8631591796875,382.35198974609375,3638.263916015625,1158.0069580078125,405.5598449707031,16087.43359375,1612.3731689453125,3407.120361328125,1023.4585571289062,2504.143798828125,338.43499755859375,3537.748291015625,677.3313598632812,283.9220886230469,2432.268798828125,11969.6796875,1400.94384765625,235.7418670654297,1289.919677734375
2025-09-25,1366.0838623046875,934.3955688476562,1364.29833984375,1431.4368896484375,2839.523193359375,1911.542724609375,845.902587890625,381.4938354492187,3609.14794921875,1165.700927734375,402.0059814453125,16107.234375,1612.6705322265625,3367.450439453125,1006.5624389648438,2493.142822265625,331.5221862792969,3493.31494140625,658.8347778320312,275.3066711425781,2379.6083984375,11898.1396484375,1393.1307373046875,233.2455596923828,1267.1640625
2025-09-26,1371.2598876953125,929.6737060546876,1348.233642578125,1396.8270263671875,2783.547119140625,1892.7789306640625,841.7769165039062,386.2613220214844,3693.425048828125,1153.1107177734375,398.27239990234375,16124.0654296875,1572.3387451171875,3316.41796875,979.0813598632812,2467.1142578125,328.9907531738281,3361.202392578125,667.364013671875,273.22540283203125,2319.029541015625,11828.5595703125,1357.8272705078125,227.22164916992188,1245.203369140625
2025-09-29,1366.48193359375,934.8382568359376,1336.829833984375,1389.982177734375,2780.66650390625,1878.557861328125,855.3325805664062,388.3113098144531,3652.722412109375,1131.327392578125,397.6335144042969,15825.068359375,1574.915283203125,3390.076171875,984.8956298828124,2453.461669921875,331.9603271484375,3382.577880859375,666.96728515625,271.6282043457031,2318.83154296875,11800.1396484375,1360.720947265625,230.9709320068359,1226.8199462890625
2025-09-30,1357.722412109375,935.5269165039062,1336.730712890625,1389.982177734375,2773.273193359375,1855.0537109375,857.0025024414062,382.87640380859375,3623.60693359375,1130.7279052734375,397.8531494140625,15869.62109375,1579.8701171875,3355.988037109375,992.797119140625,2469.66796875,331.4735107421875,3391.38525390625,674.6039428710938,271.28936767578125,2326.156494140625,11977.51953125,1350.6895751953125,230.7107086181641,1215.988525390625
2025-10-01,1362.4007568359375,949.5450439453124,1360.530029296875,1393.8385009765625,2798.04541015625,1844.387939453125,848.80029296875,386.7380676269531,3634.797607421875,1158.6064453125,411.94879150390625,15806.2568359375,1621.3907470703125,3397.153076171875,981.66552734375,2491.080322265625,331.2787780761719,3427.406982421875,712.4400634765625,271.67657470703125,2312.1005859375,11853.0595703125,1365.833251953125,232.3491973876953,1236.856201171875
2025-10-03,1357.125244140625,949.4467163085938,1353.786865234375,1394.609619140625,2786.2353515625,1873.126220703125,851.9436645507812,385.4985046386719,3696.990234375,1180.08984375,419.3759765625,15648.837890625,1616.43603515625,3442.005859375,983.7029418945312,2499.625244140625,332.9826354980469,3426.021728515625,710.2085571289062,280.4372253417969,2333.877197265625,11778.580078125,1350.9788818359375,232.262451171875,1240.23486328125
2025-10-06,1368.671875,957.6116333007812,1352.001953125,1422.9530029296875,2869.28759765625,1879.4466552734375,858.5741577148438,382.1135864257813,3700.8525390625,1211.865478515625,428.4602966308594,15838.9287109375,1639.7232666015625,3414.197021484375,1002.7360229492188,2496.58056640625,330.15911865234375,3435.917724609375,706.7869873046875,277.72674560546875,2330.90771484375,11813.8603515625,1388.3079833984375,233.3708648681641,1240.731689453125
2025-10-07,1378.4267578125,966.514404296875,1364.3974609375,1406.0819091796875,2855.173583984375,1905.0247802734375,849.3897094726562,381.2077941894531,3693.623046875,1185.885498046875,424.6468811035156,15947.8349609375,1638.1378173828125,3407.0205078125,1010.3392333984376,2472.418212890625,329.088134765625,3456.50146484375,692.3070678710938,279.75958251953125,2328.927978515625,11940.279296875,1387.922119140625,234.72021484375,1240.63232421875
2025-10-08,1361.1068115234375,962.7762451171876,1358.8443603515625,1441.2701416015625,2906.541259765625,1919.3446044921875,843.0538940429688,381.16009521484375,3693.72216796875,1179.690185546875,422.83001708984375,15852.7900390625,1616.83251953125,3553.9384765625,1016.89892578125,2455.62255859375,324.99884033203125,3390.890625,675.94287109375,276.1778869628906,2304.87451171875,11751.140625,1406.5382080078125,235.43344116210935,1226.7205810546875
2025-10-09,1371.458984375,961.2022094726562,1364.69482421875,1455.0562744140625,2939.666015625,1917.86328125,846.835693359375,381.3031311035156,3732.740966796875,1166.5003662109375,428.1807861328125,15826.05859375,1643.489013671875,3538.987548828125,1017.8430786132812,2472.811279296875,326.9947814941406,3407.1201171875,675.4965209960938,277.0007019042969,2312.6943359375,11948.119140625,1414.640625,237.4863739013672,1238.2474365234375
2025-10-10,1375.3409423828125,964.9404296875,1368.7607421875,1460.4549560546875,2907.59716796875,1915.789306640625,865.0573120117188,384.0682373046875,3747.397705078125,1179.4903564453125,429.27886962890625,16103.2744140625,1655.7767333984375,3520.3486328125,1017.5946044921876,2483.909912109375,330.7432861328125,3418.995361328125,673.3642578125,279.90478515625,2316.455810546875,12035.3388671875,1405.5736083984375,239.70318603515625,1256.43212890625
2025-10-13,1368.671875,961.1038818359376,1367.8681640625,1439.5347900390625,2887.33837890625,1930.6029052734375,867.3165893554688,380.683349609375,3733.0380859375,1188.6832275390625,429.6781921386719,16160.697265625,1653.2994384765625,3522.043212890625,1030.415771484375,2448.452392578125,332.6905517578125,3423.745361328125,655.31396484375,277.0007019042969,2318.732666015625,11928.51953125,1399.4969482421875,236.2623291015625,1254.4447021484375
2025-10-14,1369.5677490234375,961.25146484375,1372.52880859375,1436.353515625,2842.307861328125,1922.406005859375,861.4227905273438,378.3472900390625,3708.081787109375,1175.8931884765625,429.6182861328125,16099.3134765625,1639.426025390625,3525.83056640625,1012.92333984375,2457.783447265625,327.7737121582031,3423.844482421875,392.1966247558594,278.3075256347656,2294.580322265625,11828.5595703125,1415.990966796875,239.4333038330078,1229.5029296875
2025-10-15,1367.97509765625,962.3335571289062,1386.7093505859375,1421.4105224609375,2862.06396484375,1944.0338134765625,870.4107666015625,381.3031311035156,3791.665283203125,1168.6986083984375,429.1790466308594,16050.80078125,1640.11962890625,3537.392822265625,1053.4244384765625,2474.186279296875,330.30517578125,3460.855712890625,387.6344604492187,281.6472473144531,2351.001953125,12064.7392578125,1407.309814453125,241.1585693359375,1224.6337890625
2025-10-16,1391.8646240234375,978.1715698242188,1405.451416015625,1418.61474609375,2862.931396484375,1942.947509765625,871.2457275390625,386.3089599609375,3824.4453125,1195.378173828125,440.3197937011719,16135.9462890625,1643.9844970703125,3628.394287109375,1059.2386474609375,2515.93017578125,332.4958190917969,3523.794921875,393.5354919433594,282.5184631347656,2385.250732421875,12110.798828125,1411.93994140625,244.6283264160156,1232.384521484375
2025-10-17,1410.279541015625,986.2381591796876,1424.5899658203125,1389.3072509765625,2854.739501953125,1986.9931640625,873.4067993164062,392.98345947265625,3802.261962890625,1199.2750244140625,440.3996887207031,16237.921875,1663.9024658203125,3662.78125,1063.56201171875,2557.37939453125,332.0090026855469,3609.296875,393.337158203125,280.4856262207031,2482.35546875,12122.55859375,1396.313720703125,232.1853485107422,1247.9857177734375
2025-10-20,1460.04931640625,986.6316528320312,1378.6771240234375,1408.395751953125,2905.81689453125,2026.0023193359375,891.431884765625,393.8415832519531,3835.23974609375,1225.05517578125,441.9969177246094,16260.693359375,1673.3165283203125,3724.977294921875,1074.3955078125,2548.244873046875,332.9339599609375,3561.697021484375,396.4612426757813,278.98516845703125,2490.471923828125,12099.0390625,1407.81494140625,232.5130615234375,1273.9212646484375
2025-10-21,1458.4566650390625,991.3043823242188,1370.4464111328125,1419.482421875,2897.62548828125,2018.1016845703125,891.775634765625,393.6509094238281,3850.58984375,1236.3465576171875,438.6427001953125,16232.9716796875,1675.1993408203125,3716.803955078125,1079.86181640625,2545.5927734375,332.9826354980469,3583.567138671875,398.5439758300781,279.3724060058594,2479.187744140625,12095.119140625,1412.0059814453125,232.6287078857422,1280.5789794921875
2025-10-23,1441.7340087890625,992.386474609375,1352.2994384765625,1473.566162109375,2961.712890625,1982.9442138671875,895.41015625,396.6067504882813,3880.794921875,1257.8299560546875,444.3528442382813,16230.0009765625,1674.604736328125,3759.96240234375,1087.465087890625,2555.31689453125,333.6155090332031,3585.9423828125,402.5110473632813,280.3888244628906,2477.010009765625,11902.0595703125,1426.3336181640625,235.4623565673828,1271.337646484375
2025-10-24,1444.9193115234375,978.5650634765624,1366.182373046875,1470.57763671875,2952.07568359375,2004.0782470703125,888.4849853515625,397.4172058105469,3867.128173828125,1240.9429931640625,436.6461486816406,16112.1845703125,1683.622314453125,3702.75,1083.092041015625,2471.632568359375,330.64593505859375,3587.32763671875,399.9820251464844,279.27557373046875,2476.21826171875,11679.6005859375,1416.8792724609375,234.1901092529297,1275.5111083984375
2025-10-27,1477.2696533203125,986.6316528320312,1366.083251953125,1472.633056640625,2972.98828125,2054.246826171875,906.411865234375,401.0881652832031,3885.845703125,1253.133544921875,428.9794006347656,16225.05078125,1678.271240234375,3727.56884765625,1077.774658203125,2467.1142578125,332.7392272949219,3574.067138671875,406.6764831542969,281.7440185546875,2493.243896484375,11774.66015625,1425.7489013671875,235.0864715576172,1276.206787109375
2025-10-28,1480.056884765625,987.2218627929688,1351.7044677734375,1468.4241943359375,2946.968017578125,2064.22119140625,913.779052734375,398.466064453125,3934.37158203125,1245.339599609375,431.4151916503906,16148.81640625,1671.73095703125,3704.84326171875,1066.1959228515625,2452.676025390625,330.2077941894531,3541.90478515625,408.1145629882813,279.0335693359375,2483.840087890625,11692.3408203125,1410.7388916015625,233.61181640625,1281.274658203125
2025-10-29,1497.277099609375,991.451904296875,1358.9434814453125,1478.408203125,2946.678955078125,2074.4921875,923.11083984375,401.9940185546875,3919.81396484375,1247.837646484375,429.3587341308594,15977.537109375,1700.369384765625,3736.041015625,1056.4556884765625,2443.836181640625,338.3376159667969,3497.966064453125,407.9658203125,285.9065856933594,2512.94189453125,11758.98046875,1415.417236328125,233.5154266357422,1243.0172119140625
2025-10-30,1481.6494140625,981.9097900390624,1351.0103759765625,1462.1597900390625,2925.187744140625,2040.618408203125,917.8064575195312,399.2765197753906,3948.929443359375,1237.6455078125,426.7033081054687,16044.8603515625,1687.9825439453125,3738.43310546875,1045.870849609375,2425.665283203125,336.049560546875,3465.705078125,409.0567626953125,282.1796569824219,2497.896240234375,11811.900390625,1397.4833984375,233.16844177246097,1194.6240234375
2025-10-31,1479.5592041015625,971.2362670898438,1334.0533447265625,1450.9034423828125,2947.064208984375,2028.9649658203125,920.4095458984376,400.8021240234375,3991.909423828125,1231.8499755859375,419.71539306640625,16025.0595703125,1675.3974609375,3734.446044921875,1036.428955078125,2421.63818359375,328.0658264160156,3450.959716796875,406.6269226074219,278.936767578125,2485.324951171875,11708.0205078125,1388.321533203125,231.96368408203125,1190.0531005859375
2025-11-03,1477.866943359375,976.499267578125,1335.14404296875,1454.0355224609375,2907.35888671875,2048.22265625,932.8847045898438,394.69976806640625,3941.9970703125,1232.749267578125,421.9714965820313,15495.37890625,1690.9554443359375,3712.31884765625,1036.72705078125,2416.23583984375,326.3619384765625,3512.018310546875,413.5693054199219,278.7915344238281,2486.710693359375,11710.9599609375,1383.8380126953125,231.79981994628903,1188.463134765625
2025-11-04,1466.3203125,969.2196655273438,1325.7235107421875,1436.808349609375,2881.72412109375,2087.0341796875,940.644775390625,389.8845825195313,3886.439697265625,1225.6546630859375,418.5973205566406,15221.1337890625,1674.703857421875,3801.027587890625,1050.5421142578125,2402.1904296875,321.8832092285156,3543.98291015625,403.15570068359375,270.1277160644531,2461.46923828125,11582.5810546875,1373.5064697265625,229.3131561279297,1192.43798828125
2025-11-06,1489.2144775390625,968.6294555664062,1309.3614501953125,1435.6336669921875,2901.673095703125,2068.86279296875,943.739013671875,388.5497131347656,3844.053955078125,1227.55322265625,415.92193603515625,15298.357421875,1670.6409912109375,3762.055419921875,1035.534423828125,2392.662841796875,318.037353515625,3580.895263671875,404.4945983886719,261.5606994628906,2576.490478515625,11671.7607421875,1377.7950439453125,231.36610412597656,1197.6051025390625
2025-11-07,1471.19775390625,966.317626953125,1331.7724609375,1445.5198974609375,2883.26611328125,1976.327392578125,938.92578125,385.2601318359375,3844.945068359375,1221.857666015625,416.940185546875,15325.08984375,1676.0911865234375,3756.972412109375,1060.0833740234375,2389.693115234375,320.19757080078125,3651.85009765625,402.3623046875,263.3031311035156,2587.27978515625,11611.98046875,1351.5762939453125,227.9348907470703,1197.803955078125
2025-11-10,1482.44580078125,968.4818725585938,1336.730712890625,1481.4425048828125,2915.4541015625,1994.6962890625,934.3090209960938,386.69036865234375,3880.596923828125,1216.0621337890625,417.8186645507813,15428.0556640625,1682.433349609375,3790.56201171875,1078.3709716796875,2384.54541015625,319.559326171875,3625.8232421875,407.0732116699219,263.9921875,2623.508544921875,11493.4013671875,1362.395263671875,231.1636962890625,1191.1461181640625
2025-11-11,1486.5269775390625,975.564697265625,1346.944580078125,1497.88671875,2936.46337890625,2016.9166259765625,936.4209594726562,387.929931640625,3916.74365234375,1221.557861328125,416.6606750488281,15489.4384765625,1700.567626953125,3799.93115234375,999.05859375,2403.05712890625,320.7375793457031,3710.13818359375,404.2466735839844,263.4508056640625,2630.239501953125,11588.4609375,1372.3369140625,232.94677734375,1203.865478515625
2025-11-12,1504.5435791015625,973.4005126953124,1347.53955078125,1518.8333740234375,3018.18701171875,2048.025146484375,940.2028198242188,388.0729370117187,3916.34765625,1220.6585693359375,416.1814880371094,15539.931640625,1716.4228515625,3838.5048828125,1007.0097045898438,2400.08740234375,321.2285461425781,3715.283935546875,398.8414916992187,262.909423828125,2741.697265625,11682.5400390625,1419.218505859375,236.3490753173828,1221.8514404296875
2025-11-13,1503.9464111328125,970.596923828125,1374.3138427734375,1509.14306640625,2993.033935546875,2065.801513671875,937.1085815429688,386.8334045410156,3963.7841796875,1224.2557373046875,414.32470703125,15592.404296875,1721.6749267578125,3826.6435546875,999.2573852539062,2383.357666015625,321.0321960449219,3661.053466796875,394.6760559082031,265.61627197265625,2850.184814453125,11695.2802734375,1414.6375732421875,236.45509338378903,1227.1180419921875
2025-11-14,1511.9095458984375,973.4988403320312,1361.521728515625,1470.9691162109375,2993.322998046875,2074.5908203125,950.7133178710938,389.1694641113281,3965.665771484375,1240.6431884765625,415.22314453125,15528.05078125,1741.196533203125,3816.67626953125,1012.27734375,2403.255126953125,322.5050354003906,3660.162841796875,387.9815979003906,267.04351806640625,2876.9111328125,11636.48046875,1402.74658203125,235.52981567382812,1238.1480712890625
2025-11-17,1511.3123779296875,980.3357543945312,1367.4715576171875,1475.66748046875,2989.660888671875,2085.94775390625,956.1159057617188,388.1683044433594,3988.740478515625,1248.636962890625,419.8551330566406,15720.1220703125,1747.93505859375,3855.947509765625,1020.5266723632812,2400.582275390625,324.2233581542969,3696.08544921875,369.6337890625,269.2582092285156,2858.5986328125,11542.4013671875,1416.002197265625,235.22140502929688,1236.5582275390625
2025-11-18,1512.4072265625,976.302490234375,1361.9183349609375,1454.91650390625,2975.10888671875,2122.488037109375,955.2318725585938,386.9764404296875,3960.912353515625,1264.4249267578125,417.8985290527344,15771.60546875,1742.8812255859375,3866.5126953125,1007.4072265625,2379.793701171875,322.5050354003906,3656.40234375,368.2452697753906,269.8980407714844,2881.00439453125,11472.8212890625,1385.9822998046875,232.1853485107422,1235.9620361328125
2025-11-19,1511.9095458984375,978.41748046875,1371.5372314453125,1508.4578857421875,3033.51025390625,2132.956298828125,965.3494873046876,384.7833862304687,3980.718994140625,1269.4210205078125,420.4541015625,15611.2158203125,1767.9521484375,3920.236572265625,999.4561157226562,2417.015380859375,320.6885070800781,3683.814453125,357.88128662109375,270.8330993652344,2868.81005859375,11432.6416015625,1397.580810546875,237.16831970214844,1242.321533203125
2025-11-20,1541.9705810546875,992.4356689453124,1371.4381103515625,1503.955322265625,3030.7158203125,2131.474853515625,964.1707153320312,386.5950317382813,3998.3466796875,1284.2095947265625,419.0165710449219,15643.8876953125,1761.3128662109375,3889.636962890625,1022.3156127929688,2403.947998046875,320.6885070800781,3678.07470703125,356.83990478515625,272.8509826660156,2835.201904296875,11517.9013671875,1419.12109375,237.35145568847656,1240.731689453125
2025-11-21,1539.4820556640625,981.8114013671876,1358.0509033203125,1512.2752685546875,3036.304931640625,2135.820068359375,955.3792114257812,388.8834228515625,3985.967529296875,1274.81689453125,416.84033203125,15818.1376953125,1763.5919189453125,3891.430908203125,997.9652709960938,2409.19482421875,320.7375793457031,3710.6328125,359.2697448730469,273.24468994140625,2851.857421875,11494.380859375,1424.4818115234375,235.64549255371097,1236.061279296875
2025-11-24,1528.831298828125,982.8934936523438,1356.960205078125,1515.2117919921875,3027.24609375,2125.35205078125,953.4146118164062,384.7833862304687,3974.47998046875,1268.0220947265625,416.7405090332031,15799.326171875,1764.68212890625,3861.62890625,987.927001953125,2399.790283203125,317.5955505371094,3652.44384765625,355.35223388671875,271.4729309082031,2854.434814453125,11352.28125,1456.8408203125,238.32492065429688,1218.4727783203125
2025-11-25,1532.61376953125,973.6956176757812,1346.4488525390625,1498.1802978515625,3006.044189453125,2134.73388671875,966.1844482421876,382.1612854003906,3958.040283203125,1265.32421875,413.26654052734375,15731.0126953125,1760.71826171875,3842.49169921875,980.1746826171876,2389.792236328125,317.84100341796875,3631.167236328125,349.5503845214844,269.1598205566406,2851.064208984375,11348.361328125,1456.8408203125,236.75389099121097,1228.3104248046875
2025-11-26,1562.6748046875,987.5662231445312,1363.5050048828125,1524.902099609375,3048.15869140625,2100.366455078125,966.4791870117188,383.5915222167969,4022.708740234375,1289.2056884765625,420.0348510742187,15995.357421875,1788.56396484375,3884.9521484375,1004.5249633789062,2400.7802734375,320.19757080078125,3648.089599609375,356.29443359375,270.73468017578125,2849.27978515625,11523.78125,1481.889892578125,241.13929748535156,1240.135498046875
2025-11-27,1556.2047119140625,993.0750732421876,1380.5611572265625,1533.2220458984375,3022.81298828125,2089.3056640625,955.624755859375,385.4985046386719,4041.822021484375,1286.3079833984375,421.3126220703125,15744.873046875,1793.9150390625,3890.533935546875,1027.48388671875,2427.013427734375,321.4249267578125,3642.943603515625,354.8563537597656,269.4058837890625,2854.3359375,11384.62109375,1471.5584716796875,240.53207397460935,1241.4273681640625
2025-11-28,1560.285888671875,991.2059936523438,1377.189697265625,1527.055419921875,3023.68017578125,2075.479736328125,961.6658935546876,385.4508361816406,4030.2353515625,1278.7137451171875,424.1477355957031,15741.9033203125,1815.022216796875,3894.919677734375,1031.1612548828125,2441.763671875,320.5412292480469,3718.252685546875,353.86456298828125,265.7147216796875,2849.676025390625,11367.9619140625,1478.868408203125,240.5031585693359,1250.867431640625
2025-12-01,1558.892333984375,985.7954711914062,1378.478759765625,1530.872802734375,3019.728759765625,2063.7275390625,955.870361328125,385.4508361816406,4033.80029296875,1274.7169189453125,428.77972412109375,15936.9443359375,1791.041259765625,3882.161376953125,1014.8613891601562,2439.6845703125,321.179443359375,3702.716064453125,360.8069763183594,265.4194030761719,2842.934814453125,11428.7216796875,1490.7593994140625,241.2260284423828,1252.1591796875
2025-12-02,1539.1834716796875,973.6956176757812,1361.521728515625,1527.9364013671875,3021.945556640625,2077.849853515625,950.1730346679688,382.3043212890625,3991.513427734375,1257.030517578125,427.7415466308594,16077.5322265625,1783.2127685546875,3873.09130859375,1019.2345581054688,2452.850830078125,322.6523132324219,3677.876708984375,358.77386474609375,263.2539367675781,2928.988037109375,11432.6416015625,1497.7769775390625,241.1199951171875,1267.1640625
2025-12-03,1531.718017578125,984.2214965820312,1379.8670654296875,1545.261474609375,3064.638427734375,2060.073486328125,934.2107543945312,381.8752136230469,3949.424560546875,1269.720703125,428.4802551269531,15922.09375,1790.3475341796875,3805.313720703125,1015.1596069335938,2423.350830078125,317.1045837402344,3611.473876953125,353.9141845703125,264.2382507324219,2928.095947265625,11359.1416015625,1502.650390625,245.4764862060547,1272.62939453125
2025-12-04,1528.53271484375,980.9752197265624,1375.1070556640625,1563.7611083984375,3112.053466796875,2077.65234375,931.31298828125,384.3066101074219,3945.067138671875,1279.0135498046875,426.3439331054687,15834.96875,1801.8427734375,3787.970458984375,1022.8125,2437.40771484375,317.1045837402344,3633.443359375,353.5174865722656,264.8780517578125,2931.763916015625,11375.8017578125,1522.7286376953125,247.6354522705078,1269.5489501953125
2025-12-05,1533.5096435546875,986.9759521484376,1380.858642578125,1581.9671630859375,3120.72705078125,2082.590087890625,954.2987060546876,386.1182861328125,3999.138916015625,1281.51171875,430.23724365234375,16120.10546875,1788.9603271484375,3800.828369140625,1041.5970458984375,2315.052490234375,317.4482116699219,3678.470703125,350.69091796875,265.5670471191406,2942.966796875,11365.021484375,1531.0133056640625,250.50767517089844,1267.1640625
2025-12-08,1535.898681640625,986.7791748046876,1377.98291015625,1576.681640625,3119.0888671875,2060.27099609375,939.466064453125,383.5915222167969,3958.040283203125,1272.8184814453125,425.5852661132813,16026.0498046875,1779.942626953125,3754.6796875,1020.1290893554688,2290.699951171875,313.7170104980469,3643.4384765625,345.43450927734375,261.03924560546875,2903.112548828125,11309.162109375,1551.4814453125,251.9244842529297,1258.5189208984375
2025-12-09,1522.3612060546875,980.8768310546876,1363.7032470703125,1565.1314697265625,3091.911865234375,2063.7275390625,942.3638305664062,382.3996276855469,3958.832763671875,1274.916748046875,424.8066101074219,15860.7099609375,1759.9254150390625,3836.41162109375,1010.4883422851562,2283.275634765625,314.0606689453125,3598.1142578125,341.8641357421875,260.3994140625,2771.95068359375,11185.681640625,1522.0462646484375,248.09811401367188,1238.3468017578125
2025-12-10,1529.8267822265625,973.6956176757812,1352.2001953125,1551.2322998046875,3073.5048828125,2041.3095703125,942.7567749023438,384.4019775390625,3952.692626953125,1277.6146240234375,425.16595458984375,15859.7197265625,1769.3394775390625,3833.122314453125,1004.1273803710938,2278.52392578125,315.77899169921875,3592.275634765625,340.5748291015625,261.3345031738281,2780.37744140625,11090.6220703125,1511.5198974609375,248.64749145507812,1242.9178466796875
2025-12-11,1537.889404296875,984.0247802734376,1348.63037109375,1564.1527099609375,3076.106689453125,2027.68115234375,946.1947631835938,384.16363525390625,3965.170654296875,1271.7191162109375,435.28851318359375,16086.443359375,1790.843017578125,3832.225341796875,1000.2512817382812,2282.384765625,316.7608947753906,3627.10986328125,343.798095703125,260.6455078125,2755.4931640625,11242.521484375,1528.4791259765625,249.8715362548828,1265.4747314453125
2025-12-12,1549.3365478515625,985.2052612304688,1354.5802001953125,1564.348388671875,3103.669189453125,2057.505615234375,946.0965576171876,381.4938354492187,4034.69189453125,1285.10888671875,434.5697326660156,16357.71875,1777.26708984375,3867.509521484375,1011.0846557617188,2237.837890625,319.1665344238281,3641.3603515625,344.5915222167969,259.4643249511719,2741.01904296875,11488.5009765625,1538.4207763671875,251.1726837158203,1271.23828125
2025-12-15,1549.037841796875,979.89306640625,1353.786865234375,1572.766357421875,3113.017333984375,2043.97607421875,950.1239624023438,383.5915222167969,4052.7158203125,1283.8099365234375,435.5081176757813,16251.7822265625,1780.83447265625,3853.55517578125,1006.5127563476562,2270.406494140625,318.0864562988281,3570.50439453125,344.2939758300781,258.0863037109375,2756.286376953125,11493.4013671875,1535.496826171875,252.27145385742188,1272.530029296875
2025-12-16,1535.201904296875,978.1223754882812,1354.5802001953125,1559.1607666015625,3088.828125,2075.87451171875,944.1319580078124,383.0194091796875,4024.491455078125,1218.66015625,435.7277526855469,16191.388671875,1765.1776123046875,3916.648193359375,992.3001708984376,2258.13134765625,315.18988037109375,3583.369140625,342.60797119140625,256.26531982421875,2766.894287109375,11297.4013671875,1538.225830078125,249.84262084960935,1268.8533935546875
2025-12-17,1537.292236328125,967.989990234375,1341.0938720703125,1568.0679931640625,3101.0673828125,2081.800048828125,958.5716552734376,381.2077941894531,4023.104736328125,1223.756103515625,433.8909301757813,16234.951171875,1776.672607421875,3895.118896484375,993.4927368164062,2252.686767578125,315.4353332519531,3575.25439453125,343.5005798339844,257.0035400390625,2761.739013671875,11309.162109375,1539.3955078125,251.6931915283203,1263.9842529296875
2025-12-18,1537.292236328125,963.7599487304688,1345.4571533203125,1592.3427734375,3161.781982421875,2065.9990234375,960.2415771484376,381.7798767089844,3992.107666015625,1228.852294921875,432.17388916015625,16166.6376953125,1730.097900390625,3906.481689453125,994.1884765625,2242.6884765625,312.735107421875,3549.326904296875,342.955078125,253.90298461914065,2735.962646484375,11231.7421875,1564.931884765625,254.3051300048828,1271.933837890625
2025-12-19,1557.8968505859375,969.465576171875,1342.7796630859375,1603.9906005859375,3162.938232421875,2071.6279296875,962.94287109375,382.3996276855469,4034.097412109375,1229.651611328125,431.1556396484375,16250.79296875,1729.10693359375,3917.246337890625,1002.1396484375,2257.04248046875,314.1097717285156,3566.150146484375,349.74871826171875,259.3166809082031,2775.81689453125,11266.0419921875,1571.6571044921875,254.88343811035156,1270.1451416015625
2025-12-22,1568.1495361328125,971.6298217773438,1357.059326171875,1653.8125,3204.281982421875,2120.907958984375,957.0491333007812,383.9729309082031,4033.008056640625,1232.2496337890625,429.1990051269531,16483.455078125,1753.7816162109375,3920.934326171875,1001.6427001953124,2266.44677734375,314.89532470703125,3579.11376953125,356.19525146484375,260.84234619140625,2783.450927734375,11301.3212890625,1604.9908447265625,262.8060607910156,1275.3123779296875
2025-12-23,1563.4710693359375,980.3849487304688,1351.605224609375,1632.9637451171875,3189.92236328125,2096.5146484375,954.691650390625,388.40667724609375,4019.539794921875,1224.0560302734375,431.7945251464844,16420.091796875,1740.0074462890625,3912.96044921875,1005.220703125,2279.414794921875,317.3991394042969,3587.4267578125,360.26153564453125,262.81097412109375,2783.649169921875,11444.4013671875,1591.6378173828125,261.5820007324219,1275.4117431640625
2025-12-24,1551.0286865234375,980.9752197265624,1348.43212890625,1628.16748046875,3198.595947265625,2097.304931640625,951.7938842773438,387.6915588378906,4014.39013671875,1225.35498046875,431.9941711425781,16536.91796875,1721.278564453125,3896.514404296875,1005.5188598632812,2259.22021484375,316.7117919921875,3598.906005859375,356.2448425292969,263.8445129394531,2761.540771484375,11528.6806640625,1590.1759033203125,258.3628234863281,1257.8233642578125
2025-12-26,1552.0240478515625,975.9581909179688,1339.110595703125,1621.0220947265625,3161.010986328125,2079.232177734375,949.1907348632812,385.35546875,4008.15087890625,1227.25341796875,432.0940246582031,16430.982421875,1703.936767578125,3978.94384765625,993.8903198242188,2262.387939453125,318.2337646484375,3585.447509765625,355.8481140136719,261.2853088378906,2722.87646484375,11558.0810546875,1571.462158203125,256.6664733886719,1261.30126953125
2025-12-29,1538.4866943359375,975.564697265625,1332.070068359375,1609.863525390625,3133.54443359375,2055.728271484375,947.962890625,383.8775634765625,3999.634033203125,1231.050537109375,430.9759521484375,16377.51953125,1701.65771484375,3970.6708984375,991.902587890625,2270.20849609375,319.6084289550781,3554.769775390625,355.6497802734375,256.5113830566406,2751.527587890625,11562.98046875,1571.5596923828125,254.68101501464844,1260.6055908203125
2025-12-30,1532.71337890625,974.7777709960938,1331.276611328125,1587.2528076171875,3129.01513671875,2073.701904296875,956.2141723632812,381.9705810546875,4012.805419921875,1245.039794921875,429.7979736328125,16481.4765625,1704.6304931640625,3961.1025390625,983.2556762695312,2267.1396484375,319.019287109375,3622.260986328125,358.77386474609375,256.26531982421875,2734.574951171875,11470.861328125,1563.9571533203125,254.11236572265625,1257.8233642578125
2025-12-31,1563.172607421875,975.0728759765624,1331.67333984375,1581.1842041015625,3089.887939453125,2079.429931640625,964.8092651367188,384.2589721679687,4044.000732421875,1268.4217529296875,439.4613037109375,16530.978515625,1704.135009765625,4038.249267578125,980.77099609375,2292.580810546875,323.5850830078125,3670.652587890625,364.3277893066406,260.4486389160156,2745.678466796875,11548.28125,1550.604248046875,253.75575256347656,1263.3880615234375
2026-01-01,1568.3485107421875,975.023681640625,1326.8143310546875,1595.2791748046875,3110.31884765625,2084.170166015625,967.3140869140624,346.9295959472656,4100.35009765625,1273.41796875,442.7955322265625,16541.869140625,1705.5223388671875,4036.056640625,967.1546630859376,2299.609375,330.2129211425781,3721.914306640625,364.526123046875,262.6141052246094,2728.3291015625,11662.9404296875,1566.9786376953125,257.67852783203125,1245.50146484375
2026-01-02,1584.9718017578125,985.3035888671876,1344.06884765625,1605.6546630859375,3132.773681640625,2080.121337890625,981.2626953125,333.7713317871094,4123.1279296875,1265.9237060546875,438.2633666992187,16791.36328125,1712.35986328125,4038.448486328125,984.398681640625,2324.357666015625,345.7269592285156,3762.884033203125,367.3031311035156,266.69903564453125,2748.751953125,11660.98046875,1571.1697998046875,259.268798828125,1248.1844482421875
2026-01-05,1570.8370361328125,961.5957641601562,1360.0341796875,1572.374755859375,3099.428955078125,2078.83740234375,987.7457885742188,333.4376220703125,4110.25341796875,1284.8092041015625,437.4248046875,16984.423828125,1713.2518310546875,4066.35693359375,972.7702026367188,2360.09423828125,344.2541198730469,3750.909912109375,370.4767761230469,267.38800048828125,2791.382080078125,11845.2197265625,1556.4522705078125,253.7749938964844,1242.1229248046875
2026-01-06,1500.6614990234375,946.544677734375,1399.4022216796875,1578.0518798828125,3137.688720703125,2079.133544921875,1000.8594360351562,326.5248107910156,4100.54833984375,1292.802978515625,428.5401611328125,17120.0625,1744.2684326171875,4098.35205078125,971.3787231445312,2400.285400390625,344.4504699707031,3746.2587890625,365.8650207519531,264.336669921875,2821.322265625,11959.8798828125,1561.2281494140625,255.9918212890625,1248.2838134765625
2026-01-07,1497.277099609375,933.608642578125,1415.7642822265625,1604.2843017578125,3176.044921875,2058.2958984375,989.3175048828124,325.38055419921875,4116.7900390625,1294.501708984375,428.06097412109375,16641.865234375,1766.4656982421875,4259.224609375,962.8809814453124,2375.239990234375,342.5357971191406,3709.841064453125,360.3607177734375,259.95648193359375,2785.235107421875,11940.279296875,1584.035400390625,261.0036926269531,1234.96826171875
2026-01-08,1463.831787109375,931.296875,1423.00341796875,1579.128662109375,3087.67138671875,2040.618408203125,980.3294677734376,325.0468444824219,3989.43359375,1285.808349609375,425.8647766113281,16498.306640625,1744.763916015625,4235.103515625,966.01171875,2362.66796875,338.16632080078125,3685.298828125,356.4927978515625,255.23178100585935,2762.5322265625,11822.6796875,1537.9334716796875,252.71481323242188,1199.2945556640625
2026-01-09,1468.51025390625,923.72216796875,1392.56005859375,1579.91162109375,3091.429931640625,2001.905517578125,982.7852172851562,321.4712219238281,3986.2646484375,1271.019775390625,424.62689208984375,16336.927734375,1714.2427978515625,4188.0576171875,953.7371215820312,2348.7099609375,329.9183654785156,3639.084228515625,351.23638916015625,253.95217895507812,2801.19677734375,11698.220703125,1542.12451171875,252.473876953125,1202.4742431640625
2026-01-12,1476.373779296875,921.7055053710938,1401.286376953125,1562.09716796875,3122.07666015625,2018.595458984375,997.1758422851562,322.6630859375,3980.124755859375,1273.218017578125,425.9246826171875,16417.12109375,1720.2874755859375,4217.76025390625,946.084228515625,2381.9716796875,331.3421325683594,3643.7353515625,347.6659851074219,254.49354553222656,2871.48681640625,11856.0,1545.92578125,253.58224487304688,1207.84033203125
2026-01-13,1446.11376953125,922.0989990234376,1424.9866943359375,1565.1314697265625,3149.446044921875,2001.7080078125,1010.2402954101562,319.13519287109375,3849.797607421875,1261.0274658203125,425.7848815917969,16262.6728515625,1713.053466796875,4225.33544921875,943.2019653320312,2365.439697265625,331.7839660644531,3623.4482421875,346.8725891113281,254.7396240234375,2861.473876953125,11803.080078125,1573.89892578125,254.64247131347656,1183.7928466796875
2026-01-14,1452.086181640625,910.3926391601562,1406.5421142578125,1565.91455078125,3076.68505859375,1997.3626708984375,1010.14208984375,319.182861328125,3828.40673828125,1297.7991943359375,420.2744140625,15991.3974609375,1685.3070068359375,4207.693359375,940.1705932617188,2329.80224609375,342.78125,3611.572998046875,346.92218017578125,254.29669189453125,2789.696533203125,12009.859375,1548.2650146484375,250.78717041015625,1179.0230712890625
2026-01-15,1452.086181640625,910.3926391601562,1406.5421142578125,1565.91455078125,3076.68505859375,1997.3626708984375,1010.14208984375,319.182861328125,3828.40673828125,1297.7991943359375,420.2744140625,15991.3974609375,1685.3070068359375,4207.693359375,940.1705932617188,2329.80224609375,342.78125,3611.572998046875,346.92218017578125,254.29669189453125,2789.696533203125,12009.859375,1548.2650146484375,250.78717041015625,1179.0230712890625
2026-01-16,1451.1903076171875,915.95068359375,1399.0057373046875,1654.00830078125,3146.54931640625,1991.3385009765625,1023.8451538085938,313.8909606933594,3819.097412109375,1293.20263671875,417.479248046875,15701.310546875,1653.794921875,4183.173828125,944.4442749023438,2336.6328125,340.0810241699219,3620.1826171875,350.69091796875,253.26316833496097,2733.186767578125,12130.3984375,1628.18798828125,257.77490234375,1168.0924072265625
2026-01-19,1407.0941162109375,912.8027954101562,1369.05810546875,1645.59033203125,3104.258056640625,1985.01806640625,1020.0142211914062,317.7049255371094,3832.367919921875,1306.492431640625,426.1642456054687,16015.1591796875,1660.236083984375,4130.54638671875,963.5269775390624,2389.593994140625,337.1353454589844,3619.390869140625,341.1698913574219,253.6076812744141,2730.311767578125,12051.01953125,1674.77734375,237.0526580810547,1159.8446044921875
2026-01-20,1387.5843505859375,916.049072265625,1364.29833984375,1623.7628173828125,3044.10791015625,1971.1920166015625,1018.0496215820312,311.12579345703125,3773.6416015625,1292.503173828125,423.069580078125,15721.1123046875,1599.193603515625,4062.1708984375,927.4984741210938,2355.14453125,332.61859130859375,3520.529052734375,335.07049560546875,250.0641632080078,2652.586181640625,11817.7802734375,1635.9853515625,231.2215118408203,1159.3477783203125
2026-01-21,1398.1356201171875,905.3755493164062,1337.7222900390625,1619.358154296875,3064.027099609375,1971.290771484375,1010.4368286132812,309.64788818359375,3730.067138671875,1283.9097900390625,420.8733825683594,15613.1962890625,1598.3017578125,4065.858642578125,930.5298461914062,2344.15625,332.5694885253906,3516.372802734375,336.458984375,251.7867126464844,2638.2109375,11986.33984375,1643.9776611328125,230.8841857910156,1149.9075927734375
2026-01-22,1396.0452880859375,903.75244140625,1334.2515869140625,1628.265380859375,3091.305419921875,1977.31494140625,1029.7879638671875,309.7432556152344,3757.10302734375,1293.80224609375,425.2658081054687,15608.24609375,1619.408935546875,4005.45703125,937.0894775390624,2366.52880859375,336.2516174316406,3536.560791015625,344.4427185058594,255.18255615234375,2680.543701171875,12116.6787109375,1644.6600341796875,231.9443817138672,1209.82763671875
2026-01-23,1379.720703125,901.1947021484376,1332.169189453125,1635.4107666015625,3103.178466796875,1960.032470703125,1011.271728515625,308.3606872558594,3707.586669921875,1257.030517578125,422.0713195800781,15315.1884765625,1617.1297607421875,4008.646484375,922.18115234375,2385.238525390625,330.605712890625,3506.57568359375,341.6162109375,250.16258239746097,2680.4443359375,12121.5791015625,1658.012939453125,229.77577209472656,1227.8135986328125
2026-01-27,1374.146484375,911.3272094726562,1350.0186767578125,1647.05859375,3098.762939453125,1948.873046875,1034.5030517578125,303.8315734863281,3751.1611328125,1314.7860107421875,407.9956359863281,15093.416015625,1624.06640625,3983.927490234375,909.1115112304688,2376.724853515625,338.4609069824219,3358.2333984375,337.7482604980469,250.3594665527344,2600.240478515625,12337.177734375,1700.8984375,232.148681640625,1231.9871826171875
2026-01-28,1390.2718505859375,917.524658203125,1356.2659912109375,1631.2017822265625,3140.073486328125,1933.3680419921875,1044.6697998046875,306.2153015136719,3757.301025390625,1318.782958984375,411.6892395019531,14729.0751953125,1596.0224609375,3962.19873046875,929.4365844726562,2354.451416015625,341.750244140625,3413.3544921875,337.64910888671875,255.72393798828125,2490.195068359375,12511.6171875,1718.2476806640625,234.66989135742188,1214.796142578125
2026-01-29,1384.59814453125,920.2791137695312,1372.0330810546875,1624.35009765625,3085.41796875,1943.44140625,1047.3218994140625,303.7839050292969,3894.857421875,1362.6490478515625,411.6892395019531,14357.8037109375,1574.915283203125,3926.81494140625,929.4365844726562,2328.911376953125,351.6674499511719,3349.22802734375,348.90570068359375,256.4129638671875,2395.218994140625,12462.6181640625,1723.6082763671875,237.09222412109375,1201.2818603515625
2026-01-30,1388.9779052734375,914.1307983398438,1343.672119140625,1606.241943359375,3065.302490234375,1944.2313232421875,1058.078125,307.1687927246094,3894.263427734375,1369.343994140625,407.29681396484375,14453.83984375,1580.861083984375,3964.3916015625,924.1688842773438,2349.10595703125,349.5563659667969,3396.135498046875,347.17010498046875,252.47572326660156,2407.413330078125,12440.078125,1698.9490966796875,234.22496032714844,1210.423828125
2026-02-02,1384.0009765625,912.9994506835938,1341.4906005859375,1594.8875732421875,3110.1455078125,1940.972412109375,1010.4859008789062,300.06524658203125,3883.369873046875,1310.4893798828125,407.4964904785156,14240.9775390625,1613.166015625,3940.270751953125,898.1787109375,2333.56396484375,344.00860595703125,3427.208984375,359.9143981933594,266.15765380859375,2381.339599609375,12284.2587890625,1680.3328857421875,239.56399536132812,1175.0482177734375
2026-02-03,1430.4859619140625,933.2643432617188,1378.08203125,1620.9241943359375,3164.800537109375,1972.4759521484375,1045.3572998046875,301.924560546875,3999.733154296875,1355.15478515625,415.0833740234375,14635.01953125,1686.6943359375,4055.29345703125,958.5078735351562,2344.750244140625,352.0602111816406,3491.236572265625,368.9891052246094,278.7568359375,2405.133056640625,12338.158203125,1673.0228271484375,239.94960021972656,1227.6148681640625
2026-02-04,1450.095458984375,937.5927124023438,1396.625732421875,1503.2701416015625,2942.84375,2000.6217041015625,1049.2864990234375,305.5264587402344,4047.566162109375,1337.6683349609375,411.6393432617187,14921.146484375,1688.9736328125,4130.44677734375,957.41455078125,2347.1259765625,360.6027221679687,3536.857666015625,372.3611755371094,284.8595275878906,2431.603271484375,12549.837890625,1603.6263427734375,230.7051696777344,1232.384521484375
2026-02-05,1436.757080078125,934.248046875,1384.8251953125,1488.00048828125,2935.38623046875,1967.6368408203125,1054.49267578125,301.9732666015625,4023.996337890625,1329.5745849609375,408.0455322265625,14909.265625,1698.1494140625,4084.19873046875,958.855712890625,2330.693115234375,360.3572692871094,3534.87841796875,371.07183837890625,284.8103332519531,2411.1806640625,12517.498046875,1604.50341796875,230.75460815429688,1237.0550537109375
2026-02-06,1444.123046875,925.7879638671876,1394.344970703125,1475.177978515625,2886.422119140625,2013.0650634765625,1047.5184326171875,317.1595153808594,4028.749755859375,1340.5660400390625,421.6221008300781,14847.8818359375,1690.6690673828125,4127.45654296875,975.7021484375,2399.790283203125,361.1487121582031,3540.816162109375,366.4601135253906,288.156982421875,2380.447265625,12467.517578125,1578.86962890625,228.11476135253903,1233.3782958984375
2026-02-09,1454.873291015625,922.0006103515624,1384.626953125,1465.4876708984375,2892.8984375,2012.8675537109375,1125.708984375,314.23907470703125,4073.809814453125,1340.3663330078125,428.06097412109375,14829.0712890625,1700.1441650390625,4243.87451171875,977.143310546875,2410.481689453125,358.0323791503906,3572.087890625,374.2951049804687,288.40582275390625,2396.60693359375,12786.9970703125,1580.6240234375,227.4819793701172,1267.462158203125
2026-02-10,1451.7874755859375,917.2295532226562,1394.7415771484375,1466.0750732421875,2928.61572265625,1986.302001953125,1123.8426513671875,312.876220703125,4128.673828125,1355.6544189453125,428.5600891113281,14995.400390625,1703.3359375,4255.1376953125,959.7005004882812,2428.89453125,362.97894287109375,3637.599853515625,376.22906494140625,292.9844970703125,2373.011962890625,12762.4970703125,1602.9439697265625,228.85629272460935,1248.0850830078125
2026-02-11,1461.9405517578125,912.0157470703124,1394.344970703125,1440.7236328125,2855.21875,1987.0919189453125,1161.9556884765625,309.80975341796875,4130.06005859375,1346.2618408203125,428.8096618652344,15258.755859375,1706.627197265625,4235.203125,963.0300903320312,2438.1005859375,364.5123901367187,3636.708984375,381.5350646972656,293.08404541015625,2371.921142578125,12709.5771484375,1593.00244140625,227.21502685546875,1262.2950439453125
2026-02-12,1442.231689453125,905.6215209960938,1418.045166015625,1356.64306640625,2698.51416015625,1989.462158203125,1171.2874755859375,309.0309753417969,4145.41015625,1338.9674072265625,425.515380859375,15173.6103515625,1710.4173583984375,4261.8154296875,992.995849609375,2385.436279296875,364.31451416015625,3555.75927734375,380.29534912109375,292.53656005859375,2389.766357421875,12768.376953125,1497.6795654296875,216.606201171875,1266.865966796875
2026-02-13,1413.0665283203125,889.1932373046875,1402.77392578125,1340.1009521484375,2641.7001953125,1979.783935546875,1177.377685546875,305.4291076660156,4133.5263671875,1331.2733154296875,419.9250183105469,15085.49609375,1693.062744140625,4165.53173828125,1018.4891357421876,2281.988525390625,359.1206359863281,3496.679443359375,377.1216735839844,285.86767578125,2346.045654296875,12703.697265625,1495.5352783203125,211.6725311279297,1260.1087646484375
2026-02-16,1430.4859619140625,910.7368774414062,1399.7989501953125,1336.6751708984375,2655.830322265625,2004.177001953125,1186.70947265625,309.5177307128906,4160.859375,1357.2532958984375,424.8664855957031,14901.3447265625,1696.054931640625,4167.42529296875,1006.5624389648438,2295.649658203125,365.1554260253906,3473.225830078125,374.1463317871094,299.10595703125,2376.580810546875,12721.3369140625,1474.3848876953125,210.85189819335935,1261.400634765625
2026-02-17,1416.450927734375,910.6385498046876,1395.7332763671875,1361.73291015625,2666.427490234375,1995.1900634765625,1191.9156494140625,316.8188171386719,4238.40185546875,1356.154052734375,423.7184753417969,15028.072265625,1712.611572265625,4222.54443359375,1007.9539184570312,2289.01708984375,364.462890625,3452.93896484375,379.7002868652344,299.35479736328125,2416.434814453125,12724.27734375,1485.203857421875,213.2544708251953,1276.70361328125
2026-02-18,1434.666748046875,909.6548461914062,1396.4273681640625,1344.603515625,2644.349609375,1996.6715087890625,1197.3182373046875,323.6331787109375,4284.05615234375,1375.9388427734375,425.6152038574219,15013.2216796875,1719.8924560546875,4234.70458984375,1017.544921875,2300.1044921875,364.462890625,3493.809814453125,379.7002868652344,299.15570068359375,2411.1806640625,12790.9169921875,1466.68505859375,209.55670166015625,1272.23193359375
2026-02-19,1403.0130615234375,900.702880859375,1377.189697265625,1341.471435546875,2627.66845703125,1963.884033203125,1184.3519287109375,317.3542175292969,4239.09521484375,1355.5545654296875,415.6823425292969,14754.81640625,1708.9212646484375,4184.4697265625,1010.836181640625,2256.349365234375,359.3184814453125,3396.135498046875,372.6091003417969,293.2830810546875,2380.14990234375,12434.1982421875,1441.8309326171875,208.82505798339844,1274.2193603515625
2026-02-20,1412.8675537109375,897.0138549804688,1382.8419189453125,1324.5377197265625,2635.812744140625,1952.8232421875,1194.5677490234375,318.32769775390625,4338.22705078125,1367.24560546875,420.6238098144531,14828.0810546875,1719.8924560546875,4222.54443359375,1023.90576171875,2291.195068359375,368.96429443359375,3377.3330078125,374.8901672363281,297.56317138671875,2407.215087890625,12510.6376953125,1419.998291015625,207.4903106689453,1272.331298828125
2026-02-23,1421.4278564453125,908.5726928710938,1387.7010498046875,1299.3822021484375,2626.0986328125,1972.4759521484375,1206.0606689453125,316.7701416015625,4375.3642578125,1385.63134765625,429.9577026367187,14922.13671875,1727.7718505859375,4258.72607421875,1024.700927734375,2321.78369140625,371.4375915527344,3411.276611328125,376.82415771484375,301.9427490234375,2408.80126953125,12716.4365234375,1404.403564453125,203.56512451171875,1299.1611328125
2026-02-24,1422.2242431640625,895.6858520507812,1373.2230224609375,1248.4835205078125,2525.423095703125,1916.8756103515625,1201.640380859375,314.9205322265625,4218.00146484375,1386.5306396484375,426.962890625,14777.587890625,1727.273193359375,4280.45458984375,1017.2964477539062,2334.85107421875,378.6595458984375,3397.52099609375,374.4438781738281,303.385986328125,2392.34423828125,12700.7568359375,1311.322509765625,197.8800506591797,1292.0064697265625
2026-02-25,1392.063720703125,892.8330078125,1388.791748046875,1262.7742919921875,2579.980224609375,1889.6187744140625,1178.85107421875,311.2699890136719,4256.9208984375,1401.9188232421875,424.2176208496094,14920.15625,1759.58837890625,4310.85498046875,1014.8117065429688,2350.98681640625,380.78656005859375,3455.01708984375,378.70849609375,305.82464599609375,2395.615478515625,12780.13671875,1327.30712890625,199.63995361328125,1298.266845703125
2026-02-26,1400.3255615234375,883.9794311523438,1393.155029296875,1261.7955322265625,2598.034912109375,1905.6173095703125,1188.084716796875,309.8584289550781,4245.037109375,1394.424560546875,423.81829833984375,15061.734375,1781.0322265625,4328.3974609375,1006.76123046875,2359.30224609375,377.8186340332031,3448.386962890625,388.32867431640625,301.84320068359375,2374.300537109375,12678.216796875,1327.30712890625,198.8094482421875,1310.9862060546875
2026-02-27,1387.48486328125,873.3060302734375,1367.3724365234375,1272.5625,2587.92822265625,1855.942626953125,1180.4227294921875,305.2830810546875,4236.91650390625,1382.83349609375,414.48443603515625,14709.2744140625,1732.4595947265625,4313.3466796875,989.8154296875,2314.557373046875,377.8186340332031,3362.0927734375,379.5019226074219,297.2645263671875,2355.761474609375,12423.41796875,1323.408447265625,198.69081115722656,1278.1942138671875
2026-03-02,1351.75,865.0918579101562,1362.5133056640625,1261.5997314453125,2564.4765625,1849.9183349609375,1168.831787109375,306.548583984375,4027.36328125,1371.2425537109375,412.3880310058594,14244.9375,1747.9190673828125,4256.33349609375,972.2732543945312,2297.233642578125,373.5151062011719,3299.648681640625,367.5510559082031,295.423095703125,2287.255859375,12270.5380859375,1311.322509765625,196.32778930664065,1286.2430419921875
2026-03-04,1338.8099365234375,854.5167846679688,1353.9852294921875,1279.7078857421875,2539.2587890625,1882.2119140625,1153.704345703125,303.6768493652344,3845.044189453125,1350.2586669921875,402.65484619140625,14017.224609375,1745.92431640625,4190.64892578125,939.3257446289062,2238.53076171875,361.89068603515625,3230.376220703125,348.3106689453125,290.59564208984375,2265.544189453125,11864.8193359375,1316.9754638671875,193.3418884277344,1283.063232421875
2026-03-05,1383.005615234375,863.4686889648438,1346.2503662109375,1278.141845703125,2530.427490234375,1883.2982177734375,1148.79296875,303.23876953125,3999.634033203125,1348.060302734375,406.5980224609375,14271.6689453125,1779.8353271484375,4261.2177734375,956.5200805664062,2232.294189453125,374.009765625,3313.206298828125,352.2281494140625,298.06085205078125,2268.121826171875,12042.19921875,1299.5289306640625,193.4704132080078,1305.22265625
2026-03-06,1398.334716796875,843.10546875,1302.419921875,1280.686767578125,2509.625244140625,1847.5482177734375,1122.7620849609375,301.48651123046875,3911.593994140625,1314.7860107421875,399.1109313964844,14018.21484375,1794.6964111328125,4230.7177734375,944.3945922851562,2203.2890625,376.5325317382813,3297.867431640625,347.8643493652344,297.76220703125,2259.89306640625,11747.220703125,1297.9693603515625,193.19357299804688,1295.5838623046875
2026-03-09,1417.4462890625,827.0215454101562,1267.7125244140625,1287.14697265625,2479.991455078125,1843.4990234375,1079.050048828125,297.8846435546875,3804.93603515625,1287.3072509765625,385.68414306640625,13373.6875,1802.675537109375,4145.59716796875,932.31884765625,2172.50244140625,372.22900390625,3154.473388671875,329.26861572265625,293.83056640625,2201.6982421875,11150.40234375,1302.4530029296875,196.50575256347656,1278.8897705078125
2026-03-10,1402.3162841796875,835.629150390625,1300.9324951171875,1268.1578369140625,2465.9599609375,1827.4017333984375,1092.5074462890625,300.8537292480469,3838.5078125,1313.686767578125,391.1746520996094,13729.1181640625,1808.0614013671875,4206.2978515625,934.05810546875,2168.146484375,373.2677917480469,3259.470703125,342.36004638671875,297.2645263671875,2260.785400390625,11420.880859375,1302.745361328125,198.6611328125,1306.3157958984375
2026-03-11,1383.8017578125,820.38134765625,1283.777099609375,1249.2667236328125,2418.663818359375,1784.5411376953125,1071.781005859375,300.8050842285156,3801.667724609375,1254.832275390625,382.5395812988281,13362.796875,1821.127197265625,4126.7587890625,888.1901245117188,2139.636474609375,375.8399963378906,3135.27490234375,332.591064453125,297.413818359375,2212.8017578125,11232.7216796875,1300.60107421875,199.9464569091797,1317.1470947265625
2026-03-12,1385.7926025390625,819.2008666992188,1255.9119873046875,1238.9891357421875,2396.5859375,1778.9119873046875,1065.9854736328125,296.0350341796875,3683.521728515625,1233.5487060546875,374.6531677246094,12881.62890625,1820.52880859375,4116.09375,857.8267211914062,2115.383056640625,386.3761901855469,2999.698486328125,321.8799133300781,302.19158935546875,2202.094482421875,10867.18359375,1315.611083984375,200.22329711914065,1310.6881103515625
2026-03-13,1374.3455810546875,803.7071533203125,1244.3099365234375,1221.8597412109375,2365.284423828125,1780.98583984375,1028.4619140625,293.455322265625,3405.73486328125,1196.3773193359375,366.2177429199219,12465.8056640625,1796.890625,4059.878173828125,849.825927734375,2138.250732421875,380.3414001464844,2900.638916015625,311.5158996582031,299.5538635253906,2177.904541015625,10403.64453125,1299.0416259765625,195.34896850585935,1284.1563720703125
2026-03-16,1388.6793212890625,826.9231567382812,1262.258544921875,1223.3280029296875,2364.0087890625,1766.5673828125,1047.8131103515625,300.0749816894531,3435.8408203125,1213.763916015625,369.2125854492187,12630.154296875,1778.5386962890625,4077.4208984375,872.7848510742188,2153.79248046875,378.3132934570313,3004.5478515625,311.81341552734375,296.36871337890625,2198.624755859375,10876.9833984375,1305.5718994140625,192.9068603515625,1268.8533935546875
2026-03-17,1391.167724609375,831.5958251953125,1277.9263916015625,1206.785888671875,2346.8369140625,1804.2926025390625,1045.8485107421875,296.76513671875,3508.531005859375,1227.153564453125,373.5550842285156,12843.0166015625,1789.70947265625,4077.121826171875,863.2931518554688,2136.46875,379.2531433105469,3096.38330078125,316.5739440917969,297.115234375,2218.948486328125,10893.6435546875,1307.813720703125,189.15965270996097,1275.7099609375
2026-03-18,1401.6195068359375,829.333251953125,1278.521484375,1240.261474609375,2395.01611328125,1832.339599609375,1050.8582763671875,295.986328125,3573.001220703125,1252.2342529296875,374.75299072265625,12918.26171875,1773.651611328125,4131.94189453125,874.7228393554688,2113.79931640625,374.4549865722656,3181.19287109375,322.0782775878906,298.01104736328125,2242.642822265625,11022.0224609375,1350.1142578125,192.1060028076172,1286.640625
2026-03-19,1378.4267578125,785.2130126953125,1239.6490478515625,1194.9422607421875,2311.806640625,1804.2926025390625,1030.3282470703125,290.0968017578125,3401.278564453125,1206.06982421875,367.5155029296875,12473.7255859375,1739.8402099609375,4024.693603515625,827.1155395507812,2056.383544921875,370.0525207519531,3013.7509765625,306.75537109375,295.3236083984375,2167.197509765625,10597.6845703125,1306.64404296875,186.2825164794922,1266.468505859375
2026-03-20,1407.8905029296875,767.7518310546875,1234.9884033203125,1229.2987060546875,2345.7578125,1823.1551513671875,1039.26708984375,291.9950866699219,3401.57568359375,1202.9722900390625,366.117919921875,12475.7060546875,1772.4547119140625,4093.169189453125,825.4755859375,2061.72900390625,376.8788146972656,3034.236083984375,311.5158996582031,296.21942138671875,2176.516357421875,10715.2841796875,1349.7244873046875,188.744384765625,1290.7147216796875
2026-03-23,1401.3209228515625,732.04248046875,1212.4781494140625,1230.1796875,2339.085205078125,1773.5791015625,1013.6292724609376,282.7470397949219,3310.0693359375,1169.6978759765625,355.93548583984375,12232.15234375,1753.8035888671875,3840.498291015625,807.63525390625,2031.5361328125,368.420166015625,2925.082275390625,302.7386779785156,300.69854736328125,2103.053955078125,10154.7255859375,1348.9447021484375,185.42233276367188,1245.402099609375
2026-03-24,1405.302490234375,752.454833984375,1240.7398681640625,1251.224365234375,2353.803955078125,1779.7020263671875,1012.5487670898438,283.52581787109375,3482.782470703125,1191.78076171875,366.2177429199219,12340.068359375,1748.717041015625,3886.746337890625,843.8129272460938,2064.005859375,371.5364990234375,2999.797607421875,308.6397399902344,297.6129150390625,2198.228271484375,10548.6845703125,1396.4111328125,186.6087951660156,1251.662353515625
2026-03-25,1406.596435546875,769.5717163085938,1249.1688232421875,1252.00732421875,2332.80517578125,1812.0943603515625,1041.821044921875,287.8578186035156,3614.000732421875,1221.158203125,370.4604187011719,12584.6123046875,1790.7069091796875,4026.08935546875,877.356689453125,2113.304443359375,374.3560485839844,3095.591796875,315.334228515625,293.6314697265625,2250.673095703125,10979.8828125,1372.82421875,186.915283203125,1292.5032958984375
2026-03-27,1341.8956298828125,743.8963623046875,1223.4854736328125,1242.806396484375,2344.97265625,1820.9825439453125,1001.4487915039062,286.88433837890625,3529.625,1204.271240234375,365.5189514160156,12265.8134765625,1788.91162109375,3968.478271484375,838.6446533203125,2053.512451171875,371.6354370117187,3009.69384765625,300.70556640625,294.129150390625,2188.413330078125,10827.9833984375,1356.3521728515625,189.43649291992188,1273.623046875
2026-03-30,1337.7149658203125,719.6473999023438,1195.8187255859375,1224.1109619140625,2314.652099609375,1760.2469482421875,962.058837890625,280.0699768066406,3470.205322265625,1160.4051513671875,352.7909240722656,12183.638671875,1752.606689453125,3938.4765625,796.6527709960938,2034.505859375,366.6888732910156,2923.99365234375,293.7631530761719,294.72637939453125,2146.576171875,10530.064453125,1348.9447021484375,185.52120971679688,1246.9920654296875
2026-04-01,1362.8984375,730.17333984375,1202.561767578125,1248.6793212890625,2363.027587890625,1759.7530517578125,999.7789306640624,283.9638977050781,3572.60498046875,1192.1805419921875,355.43634033203125,12384.62109375,1723.9818115234375,4052.20361328125,812.3065795898438,2043.91015625,360.75299072265625,2999.99560546875,300.4576416015625,291.441650390625,2206.655029296875,10499.6845703125,1368.925537109375,189.0212249755859,1201.9774169921875
2026-04-02,1344.2845458984375,738.6826171875,1205.635986328125,1273.247802734375,2404.730224609375,1767.4560546875,1000.3683471679688,285.0834045410156,3578.151123046875,1196.9769287109375,357.38299560546875,12505.4072265625,1689.1729736328125,4083.800048828125,821.7982177734375,2044.5042724609375,355.8064270019531,2980.4013671875,300.8047180175781,288.60491943359375,2150.34375,10407.564453125,1404.98828125,192.70912170410156,1209.6290283203125
2026-04-06,1298.6953125,758.45556640625,1221.10546875,1278.5333251953125,2427.4951171875,1770.5177001953125,1014.4642333984376,287.0303649902344,3691.642333984375,1244.34033203125,359.9285888671875,12561.8408203125,1690.17041015625,4232.212890625,845.6515502929688,2063.807861328125,362.1875,2990.198486328125,304.8710021972656,293.78076171875,2165.511962890625,10735.86328125,1412.7857666015625,195.0622406005859,1210.1258544921875
2026-04-07,1298.5958251953125,759.4392700195312,1235.0875244140625,1311.0301513671875,2492.1591796875,1807.5516357421875,1012.1558227539062,290.5348815917969,3687.284912109375,1249.1365966796875,362.3244934082031,12670.7470703125,1713.5091552734375,4216.763671875,849.8756103515625,2089.34814453125,364.9081115722656,2975.3544921875,306.1603088378906,294.02960205078125,2167.395751953125,10717.244140625,1436.080322265625,202.40834045410156,1188.5625
2026-04-08,1341.5970458984375,802.82177734375,1298.2550048828125,1317.68603515625,2511.195068359375,1838.4625244140625,1042.656005859375,294.4288024902344,3967.1513671875,1331.9727783203125,379.4948120117187,13466.7529296875,1710.1180419921875,4477.80712890625,909.4593505859376,2123.995849609375,370.1514587402344,3176.739501953125,331.9960021972656,293.482177734375,2262.76806640625,11370.9013671875,1414.6375732421875,201.12301635742188,1183.8922119140625
2026-04-09,1323.87890625,784.72119140625,1270.58837890625,1303.395263671875,2540.43603515625,1836.2899169921875,1022.5189819335938,294.9642028808594,3858.512451171875,1317.48388671875,371.259033203125,13453.8818359375,1712.611572265625,4425.279296875,897.7314453125,2111.720458984375,374.6033630371094,3133.889404296875,330.5083312988281,296.71710205078125,2250.078369140625,11219.001953125,1424.5792236328125,200.5792236328125,1204.262939453125
2026-04-10,1343.9859619140625,797.1161499023438,1310.848876953125,1265.12353515625,2476.94970703125,1846.758056640625,1047.8131103515625,296.1810607910156,3921.59619140625,1349.759033203125,373.9044494628906,13572.6884765625,1650.57421875,4490.26611328125,918.9013061523438,2133.59814453125,376.08734130859375,3225.923095703125,339.78143310546875,301.34552001953125,2340.394775390625,11357.181640625,1403.72119140625,202.56654357910156,1224.4349365234375
2026-04-13,1309.0474853515625,781.7699584960938,1339.8046875,1249.756103515625,2426.2197265625,1847.64697265625,1044.7188720703125,290.72955322265625,3916.050537109375,1352.556884765625,371.259033203125,12945.982421875,1647.881103515625,4424.78076171875,893.457763671875,2105.781005859375,382.1221618652344,3186.734375,342.6575622558594,298.9566650390625,2332.166015625,11271.921875,1399.0428466796875,200.6781005859375,1228.1116943359375
2026-04-15,1337.9140625,796.72265625,1336.829833984375,1277.6524658203125,2506.9755859375,1832.6357421875,1052.528076171875,294.0393981933594,4036.87060546875,1354.4554443359375,381.7409362792969,13156.865234375,1692.1651611328125,4507.41015625,907.5709838867188,2135.875,388.404296875,3222.6572265625,354.9555358886719,311.0005187988281,2402.258056640625,11549.2607421875,1446.2169189453125,207.3815460205078,1210.1258544921875
2026-04-16,1337.1177978515625,782.5077514648438,1334.2515869140625,1291.2579345703125,2528.56298828125,1817.7235107421875,1048.255126953125,295.35357666015625,4079.949462890625,1348.5599365234375,378.4965515136719,13202.4072265625,1688.67431640625,4446.80859375,900.3652954101562,2117.561279296875,386.6235046386719,3188.812744140625,353.3686828613281,310.80145263671875,2419.31005859375,11589.4404296875,1453.234619140625,207.88577270507812,1213.703125
2026-04-17,1358.7178955078125,786.8853759765625,1335.540771484375,1290.7685546875,2533.076904296875,1823.9451904296875,1061.1231689453125,298.6634216308594,4056.47900390625,1358.0526123046875,382.9388732910156,13319.234375,1671.120361328125,4511.09765625,902.700927734375,2218.237060546875,389.39361572265625,3166.9423828125,357.137451171875,316.6242980957031,2442.80615234375,11648.240234375,1473.117919921875,202.0128631591797,1227.9129638671875
2026-04-20,1357.0257568359375,782.5077514648438,1344.862060546875,1284.7977294921875,2531.212646484375,1823.1551513671875,1088.2344970703125,296.9111633300781,4011.815185546875,1353.656005859375,378.5464782714844,13316.263671875,1664.23828125,4498.23974609375,912.1428833007812,2209.03076171875,393.74658203125,3188.1201171875,352.7736511230469,318.2168884277344,2495.152099609375,11678.6201171875,1466.295166015625,200.19363403320312,1224.83251953125
2026-04-21,1347.07177734375,798.5425415039062,1376.79296875,1285.385009765625,2561.532958984375,1831.944580078125,1092.1636962890625,301.4378356933594,4035.97900390625,1376.6383056640625,381.4913635253906,13327.154296875,1660.84716796875,4465.048828125,933.1139526367188,2287.43310546875,391.9658203125,3213.552978515625,352.97198486328125,317.8684997558594,2521.7216796875,11798.1796875,1462.786376953125,202.695068359375,1212.9080810546875
2026-04-22,1355.8311767578125,786.8853759765625,1356.166748046875,1241.729736328125,2490.88330078125,1806.2677001953125,1083.76513671875,297.39788818359375,3982.20458984375,1378.536865234375,376.2005310058594,13204.3876953125,1665.435302734375,4440.03125,929.0390014648438,2344.9482421875,401.0674743652344,3116.967041015625,358.873046875,318.26666259765625,2540.85546875,11949.099609375,1425.5538330078125,201.69647216796875,1209.330810546875
2026-04-23,1337.21728515625,771.5883178710938,1336.730712890625,1214.32275390625,2474.49658203125,1818.3160400390625,1074.875244140625,297.20318603515625,4014.88525390625,1368.5445556640625,369.7616271972656,13029.1474609375,1675.708251953125,4441.9248046875,912.7391967773438,2342.572265625,397.951171875,3016.027099609375,349.05450439453125,317.66943359375,2499.71240234375,11923.619140625,1385.494873046875,200.4704742431641,1322.6124267578125
2026-04-24,1321.6890869140625,772.0802001953125,1315.1129150390625,1130.144287109375,2351.939453125,1791.9478759765625,1081.60400390625,293.6013488769531,3975.47021484375,1364.847412109375,370.2108459472656,12918.26171875,1616.164306640625,4395.57666015625,915.9196166992188,2303.8662109375,397.5554504394531,3006.82373046875,347.6164245605469,314.93218994140625,2463.724853515625,11758.0,1324.0906982421875,197.10887145996097,1308.800048828125
2026-04-27,1359.51416015625,776.9496459960938,1303.114013671875,1145.5118408203125,2401.6884765625,1797.478271484375,1092.1636962890625,295.7916564941406,4014.39013671875,1323.179443359375,376.1505737304687,13090.53125,1728.96875,4427.2724609375,916.1680908203124,2304.856201171875,405.8161926269531,3070.15869140625,351.43475341796875,319.41131591796875,2463.82373046875,11769.759765625,1360.73828125,202.734619140625,1326.09033203125
2026-04-28,1382.5078125,769.817626953125,1281.1988525390625,1127.697265625,2398.8427734375,1820.8837890625,1071.9775390625,296.3757629394531,3998.643798828125,1288.0067138671875,377.2986145019531,12763.8125,1742.732666015625,4402.5537109375,918.0068359375,2266.44677734375,402.50201416015625,3056.00732421875,347.9139404296875,317.5201416015625,2441.41845703125,11580.62109375,1372.434326171875,199.3038024902344,1346.063720703125
2026-04-29,1418.83984375,766.3253784179688,1270.290771484375,1142.7711181640625,2428.280029296875,1864.6331787109375,1067.655517578125,307.86279296875,4056.47900390625,1295.4010009765625,381.3416442871094,13125.18359375,1774.050537109375,4425.279296875,924.3179931640624,2291.095947265625,397.01129150390625,3119.540283203125,349.79833984375,318.8638610839844,2426.25,11596.30078125,1422.8248291015625,198.41395568847656,1321.4200439453125
2026-04-30,1424.215087890625,759.1441650390625,1252.8380126953125,1156.768310546875,2427.4951171875,1863.349365234375,1049.5321044921875,306.548583984375,3975.173095703125,1267.3226318359375,382.6393737792969,13181.6162109375,1803.5732421875,4370.85791015625,931.2752685546876,2228.2353515625,394.88427734375,3065.3095703125,338.74005126953125,316.8731384277344,2423.473876953125,11354.2412109375,1436.1778564453125,198.38429260253903,1314.5634765625
2026-05-01,1424.215087890625,759.1441650390625,1252.8380126953125,1156.768310546875,2427.4951171875,1863.349365234375,1049.5321044921875,306.548583984375,3975.173095703125,1267.3226318359375,382.6393737792969,13181.6162109375,1803.5732421875,4370.85791015625,931.2752685546876,2228.2353515625,394.88427734375,3065.3095703125,338.74005126953125,316.8731384277344,2423.473876953125,11354.2412109375,1436.1778564453125,198.38429260253903,1314.5634765625
2026-05-04,1456.3663330078125,766.7189331054688,1260.1761474609375,1143.652099609375,2385.6943359375,1804.3912353515625,1049.4830322265625,302.8493957519531,4061.13330078125,1274.1173095703125,371.0094604492187,13444.9716796875,1818.7333984375,4348.73046875,944.3945922851562,2286.04736328125,395.774658203125,3074.216064453125,340.2276916503906,317.56988525390625,2427.04296875,11522.80078125,1434.325927734375,198.4831695556641,1279.08837890625
2026-05-05,1456.864013671875,759.734375,1240.839111328125,1153.1466064453125,2381.769287109375,1783.65234375,1041.133544921875,303.19012451171875,4015.28125,1258.729248046875,370.7099914550781,13292.5029296875,1816.04052734375,4359.2958984375,952.7432861328124,2303.965087890625,394.3896179199219,3177.43212890625,337.3515625,317.9680480957031,2409.0986328125,11723.7001953125,1415.417236328125,197.5241241455078,1263.189208984375
2026-05-06,1431.2823486328125,783.58984375,1268.8033447265625,1142.4774169921875,2389.717041015625,1810.9091796875,1076.5943603515625,302.4599914550781,3969.726318359375,1293.20263671875,375.9509582519531,13585.5595703125,1845.3636474609375,4345.341796875,974.7579345703124,2293.768798828125,390.6302490234375,3266.496826171875,355.2034606933594,314.4842834472656,2497.333251953125,11851.099609375,1429.550048828125,196.87156677246097,1302.738525390625
2026-05-07,1429.590087890625,783.0979614257812,1268.3074951171875,1138.07275390625,2356.35498046875,1803.8974609375,1072.6651611328125,299.24749755859375,3984.0859375,1291.7037353515625,378.7461242675781,13633.08203125,1829.60498046875,4293.412109375,966.8068237304688,2249.32080078125,396.0714721679687,3335.67041015625,356.29443359375,312.34423828125,2508.83349609375,11903.0400390625,1411.5185546875,195.13145446777344,1299.35986328125
2026-05-08,1428.5947265625,768.145263671875,1254.226318359375,1154.2232666015625,2349.486328125,1811.6993408203125,1001.2523193359376,299.29620361328125,3936.05517578125,1267.3226318359375,380.1436767578125,13589.51953125,1843.0697021484375,4494.2529296875,949.5131225585938,2264.664794921875,397.8522338867187,3295.7890625,352.52569580078125,312.4935607910156,2577.537109375,11710.9599609375,1425.9437255859375,195.6752471923828,1285.7462158203125
2026-05-11,1381.81103515625,751.2251586914062,1255.8128662109375,1152.0699462890625,2348.014404296875,1737.9278564453125,956.3615112304688,297.7386169433594,3902.0869140625,1271.319580078125,380.3932495117187,13348.935546875,1867.8048095703125,4191.84521484375,930.3310546875,2283.968505859375,388.75054931640625,3212.167236328125,343.1534423828125,309.45770263671875,2544.028076171875,11628.640625,1420.485595703125,194.45912170410156,1271.83447265625
2026-05-12,1357.722412109375,738.2399291992188,1229.93115234375,1116.1473388671875,2257.151611328125,1734.965087890625,957.3438110351562,292.7252197265625,3819.196533203125,1259.12890625,375.35198974609375,13041.0283203125,1840.8753662109375,4042.036865234375,898.6756591796875,2239.2236328125,388.5032348632813,3142.993896484375,334.0787353515625,304.8790283203125,2483.94921875,11285.6416015625,1357.619384765625,187.42941284179688,1261.996826171875
2026-05-13,1352.54638671875,737.4037475585938,1225.2703857421875,1099.3115234375,2230.16748046875,1766.9622802734375,952.9234619140624,296.3757629394531,3877.923095703125,1254.7322998046875,376.9991149902344,12972.71484375,1820.0301513671875,4077.321044921875,890.6748657226562,2244.47021484375,386.27728271484375,3079.461181640625,334.0787353515625,300.101318359375,2595.085205078125,11341.501953125,1340.1727294921875,185.6793975830078,1257.3265380859375
2026-05-14,1355.5325927734375,757.0291748046875,1235.5833740234375,1071.8067626953125,2203.8701171875,1860.09033203125,962.5499877929688,299.0528259277344,3902.284912109375,1253.6331787109375,382.5395812988281,12944.9931640625,1858.32958984375,4121.67578125,906.5770874023438,2226.057373046875,392.0647277832031,3140.91552734375,335.96307373046875,300.35015869140625,2599.6455078125,11458.12109375,1309.3731689453125,186.1737518310547,1295.3851318359375
2026-05-15,1330.24951171875,755.0125122070312,1234.095947265625,1095.2984619140625,2221.5322265625,1881.7181396484375,963.2000122070312,301.2431640625,3871.188720703125,1243.8408203125,386.3829345703125,13089.541015625,1873.2904052734375,4155.46484375,904.887451171875,2249.32080078125,391.0259704589844,3090.643798828125,353.61663818359375,304.43115234375,2583.1884765625,11257.2216796875,1335.7867431640625,187.85455322265625,1328.2764892578125
2026-05-18,1329.7518310546875,756.143798828125,1240.6407470703125,1118.3006591796875,2240.3720703125,1914.01171875,939.4000244140624,301.924560546875,3879.903564453125,1236.946044921875,391.1247253417969,12886.5791015625,1900.818359375,4156.06298828125,915.4723510742188,2231.502197265625,384.1502380371094,3051.653076171875,350.2445983886719,295.17425537109375,2591.51611328125,11329.7412109375,1393.7796630859375,190.0000457763672,1322.8111572265625
2026-05-19,1316.6124267578125,750.044677734375,1230.4268798828125,1171.5484619140625,2283.448974609375,1889.7174072265625,948.7999877929688,302.0705871582031,3883.07275390625,1237.3458251953125,381.291748046875,12827.17578125,1877.3797607421875,4088.584228515625,917.9074096679688,2210.41650390625,385.2384643554687,3060.163818359375,358.2283935546875,297.21478271484375,2578.330322265625,11140.6025390625,1429.93994140625,192.96617126464844,1326.785888671875
2026-05-20,1353.442138671875,747.1427001953125,1226.9561767578125,1168.4161376953125,2283.742919921875,1881.224365234375,950.9000244140624,299.3935241699219,3872.872314453125,1248.8369140625,382.5395812988281,12873.708984375,1875.385009765625,4092.9697265625,917.4601440429688,2187.05419921875,388.2558898925781,3089.7529296875,358.2779846191406,298.50872802734375,2576.24853515625,11180.7822265625,1402.5516357421875,194.89414978027344,1313.56982421875
2026-05-21,1343.388671875,746.7984008789062,1232.41015625,1156.180908203125,2283.546875,1861.8680419921875,950.9000244140624,299.8802490234375,3890.5,1252.334228515625,380.1936340332031,12880.638671875,1886.3563232421875,4069.74609375,902.1046142578124,2157.059326171875,384.6448974609375,3066.7939453125,358.3771667480469,298.16033935546875,2576.44677734375,11244.4814453125,1384.032958984375,197.4845733642578,1310.191162109375
2026-05-22,1348.26611328125,754.3239135742188,1253.73046875,1149.622802734375,2273.832763671875,1848.1407470703125,949.2000122070312,293.6986999511719,3926.60009765625,1284.409423828125,383.4879150390625,12857.8681640625,1839.7783203125,4066.456787109375,910.9501953125,2181.411865234375,384.4964904785156,3049.278076171875,360.3607177734375,292.9346923828125,2617.09423828125,11337.58203125,1386.1771240234375,200.8165283203125,1298.96240234375
2026-05-25,1360.7086181640625,774.0476684570312,1281.0006103515625,1143.75,2295.61328125,1851.49853515625,969.5999755859376,295.8890075683594,4033.39990234375,1310.189453125,392.1729431152344,13039.0478515625,1835.7886962890625,4145.59716796875,936.1453247070312,2174.383056640625,385.8815307617187,3106.37841796875,370.17926025390625,293.9798583984375,2634.939453125,11491.44140625,1399.1402587890625,204.50439453125,1323.0098876953125
2026-05-26,1350.0579833984375,766.22705078125,1268.4066162109375,1142.966796875,2263.78759765625,1823.9451904296875,968.5,293.6499938964844,4037.800048828125,1298.298828125,387.9801635742187,13076.669921875,1835.98828125,4092.47119140625,924.5167846679688,2187.153076171875,385.5352783203125,3075.0078125,382.4276428222656,291.19281005859375,2624.232177734375,11390.5009765625,1421.752685546875,201.4295196533203,1319.531982421875
2026-05-27,1344.2845458984375,746.3065185546875,1262.0601806640625,1135.3321533203125,2271.744140625,1829.1793212890625,967.7999877929688,291.95001220703125,4047.5,1303.094970703125,388.0300903320313,13231.119140625,1839.4791259765625,4124.36669921875,925.4609985351562,2176.263916015625,393.89495849609375,3089.1591796875,397.6513671875,298.757568359375,2648.91796875,11455.181640625,1418.731201171875,199.3038024902344,1310.6881103515625
2026-05-28,1344.2845458984375,746.3065185546875,1262.0601806640625,1135.3321533203125,2271.744140625,1829.1793212890625,967.7999877929688,291.95001220703125,4047.5,1303.094970703125,388.0300903320313,13231.119140625,1839.4791259765625,4124.36669921875,925.4609985351562,2176.263916015625,393.89495849609375,3089.1591796875,397.6513671875,298.757568359375,2648.91796875,11455.181640625,1418.731201171875,199.3038024902344,1310.6881103515625
2026-05-29,1315.119384765625,732.4359130859375,1245.896484375,1136.3109130859375,2246.58203125,1806.2677001953125,964.4000244140624,286.8999938964844,4076.5,1285.6085205078125,383.537841796875,12996.4755859375,1794.4969482421875,4061.57275390625,902.700927734375,2131.816162109375,382.76519775390625,3013.94921875,390.6593627929687,289.20208740234375,2648.62060546875,11252.322265625,1446.314453125,201.9436492919922,1295.2857666015625
2026-06-01,1313.9249267578125,730.6160278320312,1229.3360595703125,1177.02978515625,2284.8720703125,1788.0963134765625,954.0999755859376,279.6499938964844,4010.800048828125,1274.916748046875,376.7495422363281,12817.275390625,1791.8040771484375,4011.437255859375,883.6182250976562,2063.31298828125,374.6528625488281,2939.33251953125,381.7333984375,284.822509765625,2609.757568359375,11007.322265625,1504.1123046875,204.0792694091797,1282.268310546875
2026-06-02,1308.5498046875,736.0757446289062,1216.3455810546875,1243.8831787109375,2433.556884765625,1791.651611328125,956.6500244140624,283.25,4000.89990234375,1250.1358642578125,378.3966979980469,12892.51953125,1785.2213134765625,4064.762451171875,876.6112670898438,2072.6181640625,363.4736022949219,2967.140625,386.98980712890625,280.841064453125,2637.814208984375,10941.6630859375,1531.59814453125,207.47052001953125,1265.9716796875
2026-06-03,1307.15625,741.3878784179688,1231.6168212890625,1196.7039794921875,2229.475830078125,1801.4285888671875,970.4500122070312,277.0,3953.199951171875,1254.232666015625,380.3433532714844,12914.30078125,1783.824951171875,4075.42724609375,871.4430541992188,2069.549560546875,362.8800048828125,2979.8076171875,394.8743896484375,283.7276306152344,2639.49951171875,10878.943359375,1435.00830078125,201.79534912109375,1255.339111328125
2026-06-04,1297.699951171875,741.9288940429688,1241.2357177734375,1175.855224609375,2228.77978515625,1796.293212890625,979.25,280.29998779296875,3942.10009765625,1252.334228515625,380.8424987792969,12934.1025390625,1775.4468994140625,4217.162109375,869.0577392578125,2058.462158203125,362.4842834472656,2984.755615234375,396.4116516113281,283.27972412109375,2638.706787109375,10777.0234375,1449.6282958984375,202.0128631591797,1259.5125732421875
2026-06-05,1291.0,734.8952026367188,1251.548828125,1172.1357421875,2186.9091796875,1775.8504638671875,977.7000122070312,280.70001220703125,3953.199951171875,1271.319580078125,376.7994995117187,12920.2412109375,1777.5413818359375,4246.26708984375,883.9661254882812,2100.138427734375,357.7850341796875,3008.902099609375,394.5272521972656,284.3248291015625,2663.590576171875,10693.7236328125,1445.924560546875,196.13003540039065,1270.1451416015625
2026-06-08,1263.300048828125,726.6319580078125,1239.748291015625,1162.4453125,2139.668212890625,1790.7628173828125,981.9500122070312,279.45001220703125,3875.5,1267.1226806640625,376.4500732421875,12783.61328125,1784.1241455078125,4178.6884765625,865.77783203125,2088.853271484375,358.52703857421875,2935.17626953125,385.7996826171875,288.9532470703125,2636.3271484375,10579.064453125,1465.320556640625,179.7075958251953,1267.5615234375
2026-06-09,1269.199951171875,726.3367919921875,1264.3409423828125,1155.300048828125,2139.2705078125,1776.6405029296875,1002.7000122070312,280.0,3900.60009765625,1291.404052734375,381.0421752929687,12989.544921875,1774.3497314453125,4091.474609375,881.4813842773438,2111.32470703125,351.8491516113281,2959.02587890625,384.6095275878906,284.3746337890625,2684.806640625,10692.744140625,1446.2169189453125,179.61862182617188,1260.50634765625
2026-06-10,1258.800048828125,734.698486328125,1282.488037109375,1145.300048828125,2142.154541015625,1753.1363525390625,1003.25,283.6499938964844,3917.5,1313.487060546875,387.4311218261719,12943.0126953125,1781.73046875,4028.880126953125,878.6984252929688,2147.655029296875,347.89190673828125,2921.816650390625,377.8655090332031,285.86767578125,2691.74658203125,10648.6435546875,1441.4410400390625,176.9095458984375,1263.68603515625
2026-06-11,1263.0,732.485107421875,1305.9898681640625,1114.5999755859375,2123.95458984375,1760.4443359375,1000.7000122070312,282.3999938964844,3862.0,1316.284912109375,392.6720886230469,12967.763671875,1789.510009765625,4012.03515625,865.231201171875,2118.254150390625,348.08978271484375,2969.71337890625,372.8074340820313,285.3201904296875,2667.75439453125,10613.3642578125,1427.9906005859375,175.36717224121094,1267.958984375
2026-06-12,1293.0,759.8819580078125,1329.5909423828125,1116.4000244140625,2149.61376953125,1799.8485107421875,1017.1500244140624,285.1000061035156,4049.300048828125,1355.2548828125,402.60491943359375,13233.099609375,1802.9747314453125,4170.31591796875,912.6895141601562,2146.962158203125,350.11785888671875,3011.27685546875,386.79144287109375,283.4787902832031,2723.7685546875,10894.623046875,1392.9998779296875,178.10589599609375,1267.36279296875
2026-06-15,1307.0,764.7022094726562,1316.501220703125,1134.9000244140625,2150.21044921875,1818.3160400390625,1020.8499755859376,287.8999938964844,4169.7998046875,1367.24560546875,405.0506896972656,13667.734375,1801.2791748046875,4269.49072265625,936.5428466796876,2134.39013671875,344.3798522949219,3101.727294921875,393.1387939453125,284.3746337890625,2715.73828125,11236.6416015625,1389.4910888671875,179.33189392089844,1271.43701171875
2026-06-16,1328.800048828125,772.1294555664062,1323.145263671875,1143.5999755859375,2187.0087890625,1829.9693603515625,1015.2999877929688,291.6499938964844,4186.39990234375,1364.6474609375,407.1470947265625,13554.8681640625,1795.9930419921875,4323.8125,953.786865234375,2177.748779296875,351.7502136230469,3105.289794921875,390.3618469238281,283.8271484375,2724.462646484375,11163.142578125,1410.1541748046875,180.6073303222656,1268.8533935546875
2026-06-17,1332.699951171875,774.2935791015625,1325.6243896484375,1157.699951171875,2210.8779296875,1852.38720703125,1026.5,290.75,4207.7001953125,1349.8590087890625,403.8028564453125,13494.474609375,1815.6416015625,4366.17333984375,952.5445556640624,2175.47216796875,351.7502136230469,3100.341552734375,357.98046875,285.0216064453125,2714.449462890625,11145.501953125,1425.3590087890625,182.3870086669922,1261.003173828125
2026-06-18,1328.0999755859375,786.0,1331.078369140625,1127.5,2191.285400390625,1851.49853515625,1042.699951171875,291.1499938964844,4190.0,1359.0518798828125,402.2555541992187,13349.92578125,1820.0301513671875,4373.548828125,952.9917602539062,2196.16162109375,358.08184814453125,3103.904296875,361.6499938964844,287.3607177734375,2731.30322265625,11201.3623046875,1411.03125,180.77540588378903,1259.5125732421875
2026-06-19,1309.5,779.7999877929688,1335.2431640625,1051.4000244140625,2113.412353515625,1887.051025390625,1035.0999755859375,292.5,4209.39990234375,1356.8536376953125,398.5619201660156,13261.810546875,1833.4947509765625,4405.4443359375,955.9237060546876,2172.50244140625,361.89068603515625,3042.845703125,359.5,290.89422607421875,2709.393310546875,11139.6220703125,1373.8963623046875,178.75843811035156,1264.0836181640625
2026-06-22,1326.5,786.4000244140625,1341.0938720703125,1065.4000244140625,2116.197021484375,1892.7789306640625,1040.75,291.25,4201.2998046875,1357.552978515625,401.4569091796875,13287.552734375,1858.030517578125,4358.19921875,962.384033203125,2162.89990234375,363.1273193359375,3031.56396484375,361.5,288.40582275390625,2651.0,11173.921875,1398.847900390625,178.1454315185547,1282.56640625
2026-06-23,1309.5,774.6500244140625,1327.11181640625,1029.300048828125,2048.368896484375,1877.96533203125,1024.199951171875,290.0,4179.39990234375,1362.44921875,400.957763671875,13317.25390625,1863.1170654296875,4291.21923828125,956.5200805664062,2160.10009765625,360.7035217285156,3005.7353515625,354.54998779296875,290.59564208984375,2661.199951171875,11080.822265625,1379.744384765625,172.5196990966797,1293.099609375
2026-06-24,1313.5999755859375,793.2000122070312,1362.11669921875,1056.5999755859375,2097.49951171875,1853.9674072265625,1034.5999755859375,290.3500061035156,4181.7001953125,1383.43310546875,405.2503662109375,13116.2724609375,1869.5003662109375,4309.65869140625,984.8956298828124,2157.800048828125,353.23419189453125,3032.652587890625,349.70001220703125,289.55047607421875,2667.5,11201.3623046875,1424.5792236328125,172.50979614257812,1320.02880859375
2026-06-25,1318.0999755859375,796.2999877929688,1375.9005126953125,1041.199951171875,2083.27734375,1827.6978759765625,1045.4000244140625,290.0,4216.39990234375,1376.138671875,408.2951049804687,13608.3310546875,1857.9307861328125,4277.2646484375,974.4100952148438,2174.199951171875,348.2876281738281,3149.12939453125,353.20001220703125,282.58294677734375,2645.199951171875,11259.181640625,1400.69970703125,173.02394104003906,1341.989501953125
2026-06-26,1318.0999755859375,796.2999877929688,1375.9005126953125,1041.199951171875,2083.27734375,1827.6978759765625,1045.4000244140625,290.0,4216.39990234375,1376.138671875,408.2951049804687,13608.3310546875,1857.9307861328125,4277.2646484375,974.4100952148438,2174.199951171875,348.2876281738281,3149.12939453125,353.20001220703125,282.58294677734375,2645.199951171875,11259.181640625,1400.69970703125,173.02394104003906,1341.989501953125
2026-06-29,1301.0,798.9000244140625,1375.9996337890625,1036.699951171875,2086.4599609375,1818.21728515625,1036.0999755859375,290.70001220703125,4165.2001953125,1355.7545166015625,394.818359375,13278.6416015625,1869.8994140625,4263.21142578125,976.0499877929688,2151.300048828125,352.29437255859375,3060.8564453125,345.04998779296875,284.92205810546875,2656.89990234375,11109.2421875,1397.4833984375,173.49850463867188,1367.03076171875
2026-06-30,1293.9000244140625,797.9500122070312,1363.7032470703125,1000.4000244140624,2020.422119140625,1828.9818115234375,1026.9000244140625,286.95001220703125,4143.39990234375,1344.6629638671875,391.573974609375,13974.65234375,1857.6314697265625,4389.59619140625,1004.75,2118.199951171875,352.8384704589844,3036.907958984375,352.20001220703125,284.9718017578125,2635.699951171875,11027.90234375,1369.120361328125,168.4659881591797,1348.5479736328125
2026-07-01,1308.0,796.1500244140625,1368.264892578125,985.2999877929688,1971.788818359375,1847.7457275390625,1047.4000244140625,290.29998779296875,4092.60009765625,1367.6451416015625,399.7598571777344,14251.8681640625,1861.32177734375,4384.21435546875,1014.9000244140624,2182.0,354.0751037597656,3097.471923828125,347.79998779296875,286.21600341796875,2716.39990234375,11226.841796875,1327.6968994140625,168.20892333984375,1331.4564208984375
2026-07-02,1303.5,795.9000244140625,1388.2960205078125,1040.9000244140625,2056.82275390625,1851.6959228515625,1051.5999755859375,289.8999938964844,4059.39990234375,1361.5499267578125,398.61181640625,14205.3349609375,1866.1092529296875,4466.4443359375,1018.4000244140624,2210.60009765625,354.42138671875,3142.39990234375,345.95001220703125,286.863037109375,2744.5,11305.2421875,1385.300048828125,172.0352325439453,1337.2197265625
2026-07-03,1304.0,801.0499877929688,1399.6007080078125,1047.199951171875,2082.083984375,1886.656005859375,1040.0,289.95001220703125,4026.60009765625,1341.065673828125,396.0662231445313,14223.15625,1899.8209228515625,4446.509765625,1031.4000244140625,2201.199951171875,352.640625,3136.89990234375,344.1000061035156,286.5146484375,2737.800048828125,11488.5009765625,1410.0999755859375,174.09173583984375,1365.4407958984375
2026-07-06,1321.300048828125,829.8499755859375,1414.9710693359375,1042.199951171875,2046.3798828125,1901.7657470703125,1037.699951171875,288.25,4041.0,1338.567626953125,380.642822265625,14312.26171875,1907.800048828125,4469.7333984375,1029.0999755859375,2202.0,352.4427490234375,3201.199951171875,347.04998779296875,284.07598876953125,2754.89990234375,11427.7412109375,1406.5,172.35162353515625,1359.2799072265625
2026-07-07,1308.4000244140625,829.2999877929688,1402.873046875,1071.800048828125,2084.669921875,1901.8646240234375,1038.0999755859375,288.75,3991.89990234375,1339.966552734375,381.0421752929687,14393.4462890625,1903.4000244140625,4589.14208984375,1042.5,2208.800048828125,350.4146728515625,3196.39990234375,342.29998779296875,283.0308837890625,2731.39990234375,11415.9814453125,1447.5,171.04652404785156,1346.063720703125
2026-07-08,1275.9000244140625,810.2999877929688,1369.05810546875,1069.300048828125,2046.2803955078125,1864.6331787109375,1016.9000244140624,280.6499938964844,3892.10009765625,1308.4908447265625,369.462158203125,13812.2822265625,1888.199951171875,4571.39990234375,1010.4000244140624,2135.800048828125,344.97344970703125,3102.5,332.04998779296875,278.4024658203125,2665.89990234375,11125.90234375,1428.800048828125,170.76968383789062,1340.4990234375
2026-07-09,1279.800048828125,817.5499877929688,1369.1572265625,1050.800048828125,2038.323974609375,1907.0986328125,1022.0999755859376,282.04998779296875,3886.0,1296.5999755859375,376.5,13591.5,1938.699951171875,4555.7998046875,1003.7999877929688,2144.5,340.0268859863281,3085.39990234375,331.5,280.0447998046875,2673.800048828125,11293.4814453125,1426.300048828125,170.80921936035156,1261.5
2026-07-10,1307.800048828125,824.9500122070312,1389.48583984375,1068.0,2057.717529296875,1896.53173828125,1036.0,281.75,3945.800048828125,1323.699951171875,376.94921875,13716.2470703125,1935.5,4584.39990234375,1020.5,2150.60009765625,340.8677978515625,3129.39990234375,337.95001220703125,281.78668212890625,2677.800048828125,11476.7412109375,1454.800048828125,173.47874450683594,1244.300048828125
2026-07-13,1296.9000244140625,817.9500122070312,1397.716552734375,1102.5999755859375,2169.604248046875,1878.1629638671875,1037.0,279.6499938964844,3928.5,1319.4000244140625,383.987060546875,13558.828125,1921.4000244140625,4601.5,1022.5999755859376,2130.60009765625,347.9908447265625,3160.39990234375,342.25,284.6732177734375,2652.10009765625,11339.5419921875,1504.5,176.41519165039062,1234.5
2026-07-14,1293.0,809.4000244140625,1395.9315185546875,1092.9000244140625,2188.60009765625,1912.431640625,1015.4000244140624,275.54998779296875,3848.699951171875,1317.5999755859375,377.9974060058594,13354.8759765625,1942.5999755859375,4573.7001953125,1006.5999755859376,2120.199951171875,344.4293212890625,3093.300048828125,333.3500061035156,284.822509765625,2641.0,11266.0419921875,1484.300048828125,175.1397705078125,1246.199951171875
2026-07-15,1295.5,815.4500122070312,1404.3604736328125,1076.300048828125,2189.199951171875,1894.4578857421875,1030.0999755859375,276.6499938964844,3783.89990234375,1312.300048828125,377.7478332519531,13447.94140625,1951.5,4579.39990234375,1021.2999877929688,2102.60009765625,340.6699523925781,3082.89990234375,333.0,279.3978271484375,2670.0,11575.720703125,1498.699951171875,172.67788696289062,1229.5
2026-07-16,1296.5999755859375,808.2999877929688,1406.34375,1082.4000244140625,2201.0,1897.914306640625,1031.199951171875,279.3500061035156,3775.60009765625,1307.5999755859375,376.5,13645.953125,1950.0999755859375,4625.7998046875,1037.5999755859375,2098.39990234375,338.7902526855469,3117.800048828125,331.79998779296875,279.44757080078125,2674.699951171875,11535.541015625,1510.300048828125,175.73300170898438,1224.4000244140625
2026-07-17,1327.199951171875,819.5999755859375,1432.2257080078125,1096.5,2269.0,1885.075927734375,1044.300048828125,280.70001220703125,3814.5,1328.5,389.9500122070313,13665.75390625,1932.5999755859375,4638.10009765625,1056.300048828125,2143.800048828125,338.1966552734375,3179.199951171875,335.6000061035156,282.2345886230469,2689.0,11492.4208984375,1572.9000244140625,174.0126495361328,1211.199951171875
2026-07-20,1323.0999755859375,777.5999755859375,1447.99267578125,1087.0999755859375,2251.10009765625,1915.98681640625,1060.0,282.70001220703125,3838.800048828125,1256.0,382.0499877929687,13379.6279296875,1956.4000244140625,4643.39990234375,1064.0,2139.699951171875,343.5389404296875,3165.5,336.45001220703125,287.3607177734375,2691.39990234375,11664.900390625,1576.4000244140625,174.3883514404297,1223.0999755859375
2026-07-21,1303.699951171875,761.4500122070312,1450.868408203125,1073.5,2221.10009765625,1924.1837158203125,1044.4000244140625,281.0,3846.60009765625,1258.199951171875,385.9500122070313,13461.802734375,1961.9000244140625,4688.7001953125,1069.199951171875,2142.5,344.8250427246094,3201.699951171875,333.79998779296875,285.3699951171875,2692.39990234375,11852.080078125,1576.300048828125,172.99427795410156,1206.0
2026-07-22,1288.5999755859375,753.1500244140625,1428.6556396484375,1052.0999755859375,2208.300048828125,1924.7762451171875,1025.0,280.79998779296875,3817.39990234375,1238.4000244140625,381.1499938964844,13410.3193359375,1943.0,4711.60009765625,1060.300048828125,2154.60009765625,346.75421142578125,3175.300048828125,327.70001220703125,287.9578857421875,2692.800048828125,11655.1005859375,1560.5999755859375,172.4702606201172,1182.800048828125
2026-07-23,1272.199951171875,747.25,1422.606689453125,1047.4000244140625,2242.89990234375,1907.0,1012.5999755859376,281.29998779296875,3792.39990234375,1223.0,383.3500061035156,13269.7314453125,1954.0,4697.2998046875,1039.800048828125,2161.800048828125,344.87451171875,3229.699951171875,324.29998779296875,288.45556640625,2668.800048828125,11669.80078125,1555.800048828125,172.84597778320312,1166.300048828125
2026-07-24,1278.0,742.7999877929688,1420.9208984375,1040.9000244140625,2254.300048828125,1898.199951171875,1015.0,283.45001220703125,3785.60009765625,1227.300048828125,384.75,13308.34375,1941.0999755859375,4677.0,1012.7999877929688,2145.0,343.489501953125,3161.39990234375,323.79998779296875,286.863037109375,2637.89990234375,11609.041015625,1559.5,175.1199951171875,1151.699951171875
2026-07-27,1280.0,739.5499877929688,1433.6138916015625,1079.199951171875,2295.60009765625,1905.300048828125,1020.5999755859376,285.8500061035156,3806.0,1227.5,384.6499938964844,13593.48046875,1973.699951171875,4740.10009765625,1048.300048828125,2174.60009765625,347.0509948730469,3238.60009765625,327.6499938964844,287.510009765625,2710.199951171875,11643.3408203125,1575.0,178.52999877929688,1150.800048828125
2026-07-28,1267.699951171875,735.4000244140625,1418.8385009765625,1105.699951171875,2398.0,1901.800048828125,1013.2000122070312,284.6499938964844,3832.0,1223.5,385.2999877929687,13664.763671875,1976.699951171875,4849.7001953125,1048.4000244140625,2022.699951171875,340.07635498046875,3271.199951171875,324.3999938964844,283.9764709472656,2736.199951171875,11716.83984375,1635.199951171875,181.1199951171875,1135.5999755859375
2026-07-29,1275.9000244140625,748.2000122070312,1425.879150390625,1155.5999755859375,2446.60009765625,1950.199951171875,1013.7000122070312,286.25,3931.39990234375,1235.4000244140625,390.2000122070313,13809.3125,1989.9000244140625,4850.2001953125,1054.4000244140625,2117.800048828125,339.8290100097656,3221.800048828125,329.79998779296875,281.537841796875,2758.39990234375,11758.0,1644.199951171875,183.61000061035156,1142.300048828125
2026-07-30,1292.9000244140625,753.9500122070312,1421.91259765625,1155.0999755859375,2431.800048828125,1956.800048828125,1025.300048828125,285.04998779296875,3937.699951171875,1228.9000244140625,389.3999938964844,14046.92578125,2001.0999755859375,4850.0,1053.5,2107.89990234375,341.1645812988281,3283.699951171875,334.20001220703125,284.3746337890625,2746.199951171875,11847.0,1669.0,186.3300018310547,1144.800048828125
2026-07-31,1307.800048828125,748.1500244140625,1423.4000244140625,1130.0999755859375,2365.60009765625,1972.0,1027.4000244140625,281.0,3938.89990234375,1229.5,390.2999877929687,14092.46875,1990.5,4875.2001953125,1141.199951171875,2101.300048828125,343.5389404296875,3398.5,339.75,282.93133544921875,2747.300048828125,11903.0,1651.300048828125,183.6499938964844,1148.0999755859375
2026-08-03,1319.0,753.0,1460.0,1180.0,2473.699951171875,1970.5,1045.0,287.0,4025.0,1272.0,397.5,14009.3037109375,1963.5,5000.0,1153.0,2138.0,347.1499328613281,3428.60009765625,349.29998779296875,285.6685791015625,2810.0,12054.0,1649.0,188.66000366210935,1180.0
2026-08-04,1290.9000244140625,742.0,1454.5999755859375,1167.5,2460.0,1970.0999755859375,1042.699951171875,289.0,3990.0,1261.800048828125,398.0,14027.125,1964.0,4935.0,1149.0,2096.5,339.9774169921875,3433.0,348.54998779296875,282.08526611328125,2775.0,12050.0,1648.5,186.3000030517578,1172.5999755859375
2026-08-05,1280.0,735.0,1450.0999755859375,1174.0,2413.0,1978.0,1055.0,286.95001220703125,4057.0,1253.9000244140625,400.0,14048.90625,1940.0,4912.39990234375,1158.800048828125,2085.300048828125,346.1606140136719,3455.39990234375,349.79998779296875,280.44293212890625,2760.0,12190.0,1650.0,186.9900054931641,1176.0
2026-08-06,1325.0,734.2999877929688,1457.5,1165.0,2373.0,1948.0,1085.0,285.8999938964844,4061.800048828125,1256.0,394.0,13940.0,1951.0,4998.0,1144.800048828125,2079.5,341.31298828125,3406.0,345.3500061035156,269.49395751953125,2755.0,12075.0,1632.199951171875,186.1199951171875,1171.0
2026-08-07,1334.800048828125,731.0,1421.0,1175.0999755859375,2452.699951171875,1959.9000244140625,1097.199951171875,286.1000061035156,4056.0,1238.0,390.75,14037.0,1945.0,4941.0,1078.0,2096.0,338.8396911621094,3502.0,347.0,270.34002685546875,2735.0,12105.0,1635.0,187.52999877929688,1172.0
2026-08-10,1327.300048828125,731.0,1431.800048828125,1183.0,2425.699951171875,1943.0,1071.0,282.6499938964844,4080.0,1247.300048828125,393.5,14097.0,1944.4000244140625,5090.0,1102.199951171875,2087.199951171875,336.8116149902344,3517.0,347.1000061035156,268.84698486328125,2750.0,12038.0,1640.0,185.5,1158.800048828125
2026-08-11,1323.9000244140625,729.0,1429.5999755859375,1190.699951171875,2445.699951171875,1915.199951171875,1066.0,279.0,4037.39990234375,1229.800048828125,392.8999938964844,13990.0,1942.0,5128.0,1093.300048828125,2064.89990234375,334.8330078125,3460.10009765625,347.6000061035156,266.70697021484375,2735.5,11780.0,1643.0,184.6000061035156,1205.0
2026-08-12,1329.0,729.0,1431.699951171875,1176.0999755859375,2349.699951171875,1945.0,1082.0,276.1499938964844,4020.0,1230.0,390.5,13875.0,1944.0,5099.0,1094.199951171875,2063.0,335.82232666015625,3403.60009765625,343.0,268.20001220703125,2740.0,11891.0,1625.0,183.94000244140625,1200.0
2026-08-13,1317.0,725.0,1406.800048828125,1175.0,2375.0,1939.0999755859375,1083.0,278.5,4070.699951171875,1221.800048828125,392.3999938964844,13905.0,1932.0,5063.7001953125,1090.800048828125,2092.0,340.5710144042969,3428.199951171875,349.6000061035156,266.6000061035156,2755.5,11706.0,1639.0,183.1000061035156,1206.0
2026-08-14,1310.0,727.0,1417.0,1169.199951171875,2361.0,1992.0999755859375,1067.699951171875,278.20001220703125,4057.0,1217.4000244140625,391.1499938964844,13834.0,1930.0,5056.2001953125,1087.0,2077.0,336.3664245605469,3428.300048828125,334.5,266.04998779296875,2696.300048828125,11619.0,1632.800048828125,184.0,1200.0
2026-08-17,1316.0,729.0,1415.300048828125,1139.9000244140625,2313.199951171875,1969.300048828125,1061.199951171875,273.04998779296875,4086.699951171875,1227.300048828125,392.7000122070313,13760.0,1882.0,5068.5,1089.300048828125,2055.0,333.3984680175781,3390.39990234375,330.20001220703125,266.1499938964844,2687.5,11681.0,1610.0,181.8999938964844,1192.0
2026-08-18,1322.0,723.0,1412.0,1115.0,2280.0,1934.199951171875,1053.0,270.0,4064.300048828125,1243.0,387.6499938964844,13691.0,1875.0999755859375,5048.60009765625,1094.300048828125,2035.0,333.4974060058594,3421.5,322.79998779296875,268.0,2628.39990234375,11499.0,1592.0,178.05999755859375,1178.800048828125
2026-08-19,1311.0,720.0,1402.0,1119.800048828125,2289.0,1922.0,1048.5999755859375,267.04998779296875,4041.300048828125,1235.0,390.25,13690.0,1900.0,5068.0,1080.199951171875,2020.699951171875,332.9532775878906,3415.0,321.29998779296875,263.5,2630.800048828125,11450.0,1589.800048828125,179.5500030517578,1170.0
2026-08-20,1313.199951171875,725.0499877929688,1411.9000244140625,1130.0,2298.0,1941.699951171875,1048.0,271.6499938964844,4081.0,1251.0,397.3500061035156,13809.0,1904.0,5068.0,1095.0,2028.0,333.89312744140625,3424.800048828125,320.25,264.79998779296875,2625.199951171875,11575.0,1592.0999755859375,181.0,1180.0
2026-08-21,1316.0,726.9500122070312,1420.0,1121.0,2302.0,1946.0,1048.699951171875,269.3999938964844,4093.0,1245.800048828125,402.7999877929687,13565.0,1902.4000244140625,5086.10009765625,1095.0,2015.0,336.3664245605469,3412.199951171875,317.8999938964844,272.3999938964844,2640.0,11570.0,1584.0,180.7899932861328,1174.699951171875
2026-08-24,1309.800048828125,729.0,1415.0,1130.0,2284.10009765625,1935.0,1039.5,269.70001220703125,4090.0,1236.0,401.4500122070313,13620.0,1910.0,5079.0,1077.0,2030.0,335.87176513671875,3414.10009765625,314.3999938964844,271.3999938964844,2640.800048828125,11504.0,1584.0,181.30999755859375,1190.0
2026-08-25,1317.0,727.5,1422.699951171875,1144.0,2296.199951171875,1947.0,1048.0,271.3999938964844,4119.0,1235.0,401.6000061035156,13678.0,1922.0,5124.7998046875,1087.4000244140625,2024.199951171875,336.218017578125,3443.0,314.25,271.0,2639.800048828125,11540.0,1599.9000244140625,180.08999633789062,1193.5
2026-08-26,1298.0,727.2000122070312,1430.0,1120.0,2270.0,1902.0999755859375,1052.0,270.25,4038.10009765625,1255.0,416.7000122070313,13520.0,1899.5,5100.0,1085.0,2021.0,331.0241394042969,3398.199951171875,313.1000061035156,265.20001220703125,2626.5,11717.0,1571.0,177.35000610351562,1182.0
2026-08-27,1282.199951171875,711.0,1443.0,1110.800048828125,2248.39990234375,1878.300048828125,1042.9000244140625,269.0,4027.0,1256.0,424.2000122070313,13440.0,1913.300048828125,5139.2998046875,1083.0,2009.0,327.3636779785156,3330.0,316.0,264.8999938964844,2631.0,11717.0,1585.0,176.39999389648438,1177.0
2026-08-28,1287.0,720.2999877929688,1422.800048828125,1144.0,2342.0,1882.4000244140625,1047.5,266.0,4045.800048828125,1265.0,423.7000122070313,13376.0,1920.0,5169.2001953125,1079.9000244140625,2010.4000244140625,326.5227355957031,3334.0,319.3999938964844,266.04998779296875,2608.699951171875,11589.0,1640.9000244140625,180.9499969482422,1178.0
2026-08-31,1277.0,709.0,1454.0,1133.800048828125,2399.300048828125,1811.9000244140625,1060.0,255.5,4044.89990234375,1300.0,419.3999938964844,13547.0,1984.800048828125,5102.39990234375,1057.0,1967.4000244140625,323.90106201171875,3282.0,308.8500061035156,263.54998779296875,2653.60009765625,11450.0,1628.0,184.5,1154.4000244140625
2026-09-01,1309.0,711.9000244140625,1438.0,1156.0,2369.0,1877.199951171875,1034.5,266.6000061035156,3980.10009765625,1258.0,425.0,12950.0,1929.0,5050.0,1053.9000244140625,1994.800048828125,324.0,3259.0,310.0,264.54998779296875,2575.5,11400.0,1638.0,181.6999969482422,1171.0
2026-09-02,1313.0999755859375,700.7999877929688,1426.5,1140.0,2348.0,1862.800048828125,1020.9000244140624,266.29998779296875,3981.0,1253.9000244140625,423.5,12849.0,1931.699951171875,5074.0,1055.9000244140625,1975.0,330.0,3190.0,312.75,266.79998779296875,2527.5,11393.0,1623.0,177.08999633789062,1156.5
2026-09-03,1302.5,706.6500244140625,1430.0,1130.300048828125,2320.10009765625,1869.0,1023.4000244140624,263.0,3975.0,1267.0,421.1499938964844,12857.0,1916.0,5027.0,1049.0,1962.0,330.8999938964844,3150.0,312.0,265.6000061035156,2541.60009765625,11275.0,1598.0,175.72000122070312,1155.0
2026-09-04,1322.0,712.0999755859375,1423.199951171875,1130.0,2304.0,1840.0,1016.0999755859376,264.1000061035156,3964.10009765625,1273.0,424.5,12694.0,1899.0,5020.0,1060.5,1973.4000244140625,332.5,3170.0,311.5,266.0,2527.300048828125,11408.0,1596.9000244140625,176.39999389648438,1151.0
2026-09-07,1309.5,710.5,1427.5,1087.5,2270.0,1854.0,1005.9000244140624,263.5,3999.0,1266.0,422.1000061035156,12760.0,1895.0,4995.0,1060.0,1960.0,332.0,3160.0,307.0,266.45001220703125,2500.89990234375,11175.0,1564.0,172.8000030517578,1144.199951171875
2026-09-08,1294.9000244140625,703.0,1399.4000244140625,1082.0,2255.5,1844.0,1008.0,263.5,3946.10009765625,1244.9000244140625,419.25,12641.0,1885.9000244140625,4987.0,1054.0999755859375,1980.0,330.79998779296875,3160.0,306.45001220703125,265.75,2481.60009765625,11009.0,1559.0,171.5,1151.0
2026-09-09,1279.0,687.0999755859375,1389.0999755859375,1035.0,2208.0,1814.699951171875,1000.5,260.79998779296875,3922.60009765625,1238.5,414.0,12618.0,1864.9000244140625,5005.0,1039.300048828125,1945.0,334.5,3150.0,303.0,265.8500061035156,2489.0,10900.0,1508.0,167.0,1145.0
2026-09-10,1274.0,693.7999877929688,1384.5,1036.5,2204.10009765625,1839.0,1009.7000122070312,259.29998779296875,3955.0,1246.0,416.5499877929687,12590.0,1861.0,5021.0,1043.5,1942.300048828125,335.0,3123.800048828125,300.5,271.75,2498.10009765625,10979.0,1525.800048828125,166.3000030517578,1143.0
2026-09-11,1257.5,708.25,1379.300048828125,1037.699951171875,2200.800048828125,1831.0999755859375,995.7000122070312,259.8500061035156,3930.699951171875,1246.0,419.0,12400.0,1840.0,5009.5,1034.5,1927.0,333.3999938964844,3107.0,301.1000061035156,269.1000061035156,2472.5,11000.0,1541.0,167.39999389648438,1165.5
2026-09-14,1257.5,708.25,1379.300048828125,1037.699951171875,2200.800048828125,1831.0999755859375,995.7000122070312,259.8500061035156,3930.699951171875,1246.0,419.0,12400.0,1840.0,5009.5,1034.5,1927.0,333.3999938964844,3107.0,301.1000061035156,269.1000061035156,2472.5,11000.0,1541.0,167.39999389648438,1165.5
2026-09-15,1235.300048828125,716.5499877929688,1350.4000244140625,1077.0,2251.0,1830.4000244140625,968.0,258.0,3850.699951171875,1222.9000244140625,409.7999877929687,12231.0,1835.0,4856.0,1009.2000122070312,1938.0999755859375,329.5,3029.5,303.6000061035156,262.79998779296875,2402.800048828125,10697.0,1575.9000244140625,170.0,1145.0
2026-09-16,1240.0,721.5,1358.800048828125,1060.0,2188.800048828125,1835.0,991.4000244140624,264.1499938964844,3807.699951171875,1241.0,415.0,12166.0,1853.5,4908.5,1006.2000122070312,1962.0,327.0,3070.0,301.0,262.79998779296875,2416.60009765625,10700.0,1558.0,166.88999938964844,1140.0
2026-09-17,1243.9000244140625,713.0,1347.5999755859375,1058.5999755859375,2190.0,1836.0,988.7000122070312,266.20001220703125,3836.199951171875,1240.0,416.5,12338.0,1867.300048828125,4841.0,1015.0,1942.199951171875,329.6000061035156,3076.5,314.5,263.75,2454.0,10764.0,1561.0,166.39999389648438,1175.0
2026-09-18,1226.4000244140625,731.0,1338.9000244140625,1051.4000244140625,2105.0,1893.300048828125,996.2000122070312,262.29998779296875,3885.0,1257.0,412.5,12103.0,1837.300048828125,4798.5,1040.300048828125,1932.0,323.6499938964844,3052.0,303.79998779296875,270.29998779296875,2451.300048828125,11014.0,1537.0999755859375,166.8300018310547,1185.0
2026-09-21,1247.4000244140625,739.5,1345.0,1038.5,2128.699951171875,1830.199951171875,996.0,267.0,3904.800048828125,1250.0,414.7999877929687,12153.0,1868.9000244140625,4875.0,1021.2999877929688,1947.0,326.3999938964844,3055.300048828125,301.6499938964844,266.1000061035156,2440.300048828125,11100.0,1558.5,164.5500030517578,1198.300048828125
2026-09-22,1240.4000244140625,738.5999755859375,1339.5999755859375,1029.4000244140625,2105.0,1817.199951171875,987.0,265.79998779296875,3866.39990234375,1242.699951171875,412.6499938964844,12190.0,1846.4000244140625,4928.5,1008.7999877929688,1933.800048828125,327.79998779296875,3044.5,300.04998779296875,265.95001220703125,2448.5,11000.0,1551.5999755859375,166.0,1211.0
2026-09-23,1248.0,737.25,1340.0,1020.5,2089.60009765625,1833.199951171875,994.0999755859376,270.1499938964844,3929.89990234375,1243.199951171875,413.25,12230.0,1865.0,4880.0,1043.199951171875,1950.0,326.0,3035.0,300.5,270.20001220703125,2455.0,11155.0,1557.0,164.89999389648438,1211.199951171875
2026-09-24,1219.199951171875,728.9000244140625,1334.5,1014.5,2087.0,1795.800048828125,978.5,268.0,3858.39990234375,1186.5,405.0,11990.0,1849.9000244140625,4832.5,982.0,1933.5,326.6000061035156,2982.699951171875,295.0,266.3999938964844,2392.699951171875,11056.0,1543.0,163.63999938964844,1200.4000244140625
2026-09-25,1226.0,735.5999755859375,1326.800048828125,1000.2000122070312,2082.0,1785.4000244140625,983.0,269.0,3876.199951171875,1222.4000244140625,404.0,12065.0,1852.199951171875,4884.0,996.9000244140624,1942.9000244140625,326.6000061035156,3035.0,290.45001220703125,269.5,2444.0,11155.0,1548.0,164.02000427246094,1201.0
2026-09-28,1197.5999755859375,719.0499877929688,1302.0,1003.2000122070312,2070.699951171875,1771.4000244140625,962.0,265.20001220703125,3766.39990234375,1209.9000244140625,401.5499877929687,12008.0,1838.0,4819.5,985.0,1896.0,321.1000061035156,2995.0,281.75,261.8500061035156,2420.0,11025.0,1542.199951171875,161.55999755859375,1221.0
2026-09-29,1182.0,722.7000122070312,1292.199951171875,1015.4000244140624,2032.4000244140625,1771.199951171875,964.7000122070312,265.1000061035156,3749.10009765625,1212.0999755859375,406.0,11877.0,1865.0,4675.0,973.7999877929688,1863.800048828125,323.5,2947.800048828125,280.95001220703125,261.5,2415.0,10829.0,1510.5,156.7899932861328,1251.9000244140625
2026-09-30,1187.0,708.7000122070312,1321.699951171875,994.0999755859376,2050.60009765625,1757.0,959.5,262.75,3760.0,1226.0,417.0,11967.0,1816.5999755859375,4587.0,959.4000244140624,1879.0999755859375,322.75,2950.0,283.5,260.5,2402.60009765625,10956.0,1524.0,158.5,1233.0
