Date,RELIANCE.NS,HDFCBANK.NS,ICICIBANK.NS,INFY.NS,TCS.NS,BHARTIARTL.NS,SBIN.NS,ITC.NS,LT.NS,AXISBANK.NS,KOTAKBANK.NS,MARUTI.NS,SUNPHARMA.NS,TITAN.NS,BAJFINANCE.NS,HINDUNILVR.NS,NTPC.NS,M&M.NS,TMPV.NS,POWERGRID.NS,ASIANPAINT.NS,ULTRACEMCO.NS,TECHM.NS,WIPRO.NS,DRREDDY.NS
2023-10-04,-0.0017255378969222024,0.014256853812828485,-0.010900750649936009,0.0072176064797426775,0.00680141176535165,-0.0011347563649978243,-0.027697032635621177,-0.008300261136080622,-0.014805202816933094,-0.04370601424469667,-0.0028950144138666367,-0.020977383000535088,-0.015462819131370376,-0.009260965098814022,-0.014251485263649943,0.01577632856654132,-0.025083152889778693,-0.009951941815280807,-0.011040353423376281,-0.0027562279520907396,0.0009631259113920265,-0.02216174993442377,-0.009208871149437026,-0.0013565259003830432,-0.008037793247566039
2023-10-05,-2.146103066547056e-05,0.004053433341304036,0.011612201687215329,0.013223868326137644,0.01458564772385107,0.004977038727048688,0.010063889633047163,-0.00011454441812408511,0.022558018876676078,0.007734429954290745,0.007084586423022676,0.007927135333890556,-0.0041824793295441864,0.0157423150676701,-0.0004010269198807537,0.004665481281959316,-0.005528277330394515,0.010413231913569021,0.009778318818039589,-0.012060247144715763,0.011467228063565038,0.006969833741711673,0.0004977827505445731,0.004692516308490546,-0.0019473456913886578
2023-10-06,0.0016853143179538232,-0.0011068674091715414,0.004623624763032241,0.010420633029434967,0.008929263019960887,-0.0030144516238199692,0.003546346289260427,0.013989147120337275,-0.0007590520459737071,-0.0022925495159410447,0.005564320858434169,0.009000667449942101,0.007327494070111351,0.028991014663673376,0.040460328205163876,-0.007997579922713882,0.007269717567691902,0.007087407944079915,0.004599847350466257,0.00228893343646841,-0.003274770837620178,0.0022010881465304166,0.009372890389056643,0.0025811591684810065,0.0032640976510938113
2023-10-09,-0.00852037372689518,-0.011603323982596225,-0.006982642704670194,-0.0021979988347149426,0.004680620711073669,-0.0016197868440095409,-0.01539760425077119,-0.003844839439858694,-0.006141554215930878,-0.004695571745959803,-0.014106281805875365,-0.00555701610285142,-0.0037700148508318376,-0.012765197518364024,-0.017242999379047053,0.004761188296140251,-0.0036086250985716273,-0.021725818720198853,-0.008193531905910212,-0.004059922106706693,-0.013439793781743647,-0.010414328000189044,-0.003492425762439799,-0.005516665327670256,0.012894253254824628
2023-10-10,0.0044164020219183975,0.005671850104887799,0.01342423635496548,0.01335199908041429,-0.002597448871306418,0.02574221105667296,0.01119481525090782,0.00896803323449058,0.0004229834492432971,0.016060196443181907,0.021404123396998598,0.012708998755085021,0.0030718805757559142,0.0005201974034485524,0.006963400009994514,0.001951314296629425,0.005112835685117778,0.014948606879017667,0.021381750330661253,0.008662417053911353,-0.0004124364797026825,0.005943209921689618,0.012451944554555228,0.005300762287625993,-0.002966284902985783
2023-10-11,0.01587683523392247,0.009673016105780752,0.0019974421481010474,-0.0005016567235731628,-0.005235735801122354,0.007644831528239582,-0.005577865954321748,0.008663352276590874,0.004128663372443109,0.00676717918999481,0.008712353709469767,0.0035757340173856456,0.001997366687437996,0.0034565038441871643,0.0022700771034953604,0.015976292097530154,0.011869497410332386,0.011997265651947586,0.0054714245345055534,0.002778420335010967,0.003934647779482381,0.02263949233507856,0.003135892680554697,0.03286314536739687,0.016254264647683758
2023-10-12,0.0018549401993832593,0.00665763613550574,0.001206604365370234,-0.019338920948781313,-0.01865702926671675,-0.005493878530690055,-0.003909034627165742,0.005465777677028161,-0.0022500977156064694,-0.000637811231649299,-0.004262208684427504,0.016212007984740318,0.0014618380151454335,0.001371753037568535,-0.010818420463857281,0.0002347582783381874,0.012149235180858087,0.006650365362857569,0.004652985899090467,0.011335122148610655,-0.0015169787070584695,0.001048780695712459,-0.026672624228422537,-0.009616501118618448,-0.00671742726221225
2023-10-13,-4.2488402716811535e-05,-0.009097645085073824,-0.0030915122232638703,-0.02343908008175355,0.007988556517731338,0.004051100509956607,-0.016892836638028874,-0.005214160985346994,0.0025472304057054806,-0.023957996297324757,-0.001048747430785979,0.013859858555400617,0.013181170770628192,-0.0003804163180142206,0.004660385767897068,0.004868928584027321,0.0018625640599894133,-0.0026808841257153215,0.04733499271711272,0.005230436037970687,-0.003260420076159787,0.0020655301238441393,-0.0038789636488276713,-0.014504847422447953,-0.012657840736365444
2023-10-16,-0.002234627352987295,-0.0040045290749846085,0.00010521786575679037,0.0020962682038236924,-0.013106204527089216,-0.008017167494721256,-0.0008676676518577509,0.0013382462630053826,0.003981024912209419,0.010814321365421264,-0.006952300798319544,-0.0021485819321719335,-0.00873135691720095,0.005374843665954643,-0.0019437395305732519,-0.004339277395995045,0.005783855768461521,0.007744253336584794,-0.001349178574845733,0.006194058223743415,-0.011671176846602127,-0.009176706596162432,-0.007955840990797602,-0.0020679169429508315,0.006025332542284545
2023-10-17,0.004777994241699002,0.00758361407287933,0.002627671241649976,0.0057873653594120444,-0.004823905924257854,0.007501004510149567,0.0013895634070590912,0.010023353957779202,-0.011476766613665812,0.003234441935465293,0.01245883164296857,0.00432522104444466,0.0013212563271527422,0.0021355020591247165,0.007093142342657233,-0.0008405417534064208,0.010269142542452148,0.0013018970977860533,-0.015760994545464646,0.020192266769034184,0.0004821009585374014,0.0011094622593359471,0.01097415453041517,0.0029253765921606334,0.009284394298626042
2023-10-18,-0.013268249757609873,-0.013917692913437918,-0.01064046975017563,-0.0013170778081458279,-0.005645929031225738,-0.0008388929320675143,-0.006591937987061369,-0.003969506300739556,-0.006750779195574319,-0.015078577755820333,-0.010245245632176658,0.00350204493473405,0.014602256457563634,-0.007767993233523396,-0.027980905312609106,-0.003090679549098696,-0.016060311458887422,-0.00111001193906346,0.01952112159296182,-0.0031378526662404482,-0.005492282001618665,-0.0027827334669329185,-0.008767541230022102,-0.009601377524085297,0.024052643827051412
2023-10-19,-0.0076807851937111815,-0.003158432306269665,-0.008476879472151921,-0.004789889862804708,-0.006497214195849588,-0.010389933935152085,-0.002532143878440918,-0.002767615980412086,0.0028892935899906824,-0.0014603847752469035,-0.008526216628651828,-0.0015525460140699554,-0.0103172815580862,0.0005788243251279024,-0.003178013934696744,-5.872514108484772e-05,-0.01033060484712256,-0.0033653111996233553,0.0004487220809941128,-0.0033898628384045892,0.0017279038843995842,0.02902161277785198,-0.012593654898921947,-0.029819693744999265,-0.008198891007558773
2023-10-20,-0.0030569663733699404,0.005181743486657009,-0.0032059816644990358,-0.004464127778614935,0.011256909456977438,0.002386134421697106,-0.014180688327567359,-0.02686507642683733,-0.013766977186405405,-0.011145926467531653,0.017918237987792462,-0.004275065930703259,0.000613193416808322,-0.005617103597943429,-0.009226601006287805,-0.020780284883362365,0.006263077923521543,-0.007199524186760731,-0.008373229087494938,-0.014334359828615195,0.0013057056139975654,-0.006750008466967383,-0.0012371362892968918,-0.008727368950897652,-0.010939775910828065
2023-10-23,-0.01561488436635139,-0.010999554710164339,-0.0030018735049486267,-0.013032018705969817,-0.024152108653756388,-0.006242062583062147,-0.01802516124631537,-0.005475564213810791,-0.017942784091514508,-0.016371659186556364,-0.016303142425032058,-0.016036377247854894,-0.01729112198563454,-0.014221395732969988,0.0038229082589942287,-0.004668925686145298,-0.01846476772126837,0.004428109237787137,-0.023899251784653464,-0.01528220794710311,-0.01089876571600068,-0.016049979129858727,-0.01259924900064946,-0.022202472244699067,-0.0031151980198849127
2023-10-25,-0.0023197496749042257,-0.0063409758838914865,-0.0148933110101509,-0.01481329077450777,-0.005879508233387565,-0.017779209079487712,0.005877459246243832,-0.007341219996802706,-0.014264888278833432,-0.009177685658873225,-0.007295729946137253,0.003335343974632643,-0.0019153919551972987,-0.009907615377431123,-0.01339300288675871,-0.002496522258844225,-0.01902334407699835,0.0025236400693062766,-0.01467522938789212,-0.0012515764763799675,-0.003645861040563747,-0.008275999866956818,-0.011938290480529745,-0.0033928544054142584,-0.006862577767743239
2023-10-26,-0.013928537075740377,-0.022118408219492958,-0.008132207665582425,-0.0077370995003912535,-0.01573687413723801,-0.018534594014481542,-0.016540762368609796,0.003813364837210065,-0.017660662276555383,0.017374054052669452,-0.01921233129613731,-0.015554067927407766,-0.014817657214576063,-0.027306827251915022,-0.035434581736380255,-0.0003633811157417455,-0.0017238360730060798,-0.04015047367469027,-0.01771579779643051,-0.002757003845899497,-0.03283460192809706,-0.006183153140527864,-0.023376956864881393,-0.009427789298816602,-0.01666701436364404
2023-10-27,0.017651053253678883,0.003929232350970091,0.004512149715961256,0.015373964592750422,0.0042558291769176915,0.010049670123112975,0.025868364047823222,-0.001381462390531607,0.01302095302327988,0.03158268936496755,0.004631606882230965,0.013099380943144334,0.006886010035273893,0.006417709112501502,0.011506618014353043,0.002281689861550751,0.021368587629324143,0.0031207393902761282,0.023142641718876034,0.010052874879000528,-0.001739644853462563,0.0005911567813925434,0.004572217729008177,0.010839427523432699,-0.0045466357280913305
2023-10-30,0.020610826539901428,0.010856640609306023,0.01331142657441009,-0.0023907335539785635,0.008236172877114756,0.012737913443115367,0.007217272483590165,-0.007608021287410338,0.008425717095084995,-0.013512792890766678,0.008692102583887085,-0.015434561340642472,0.0035094785042042442,-0.0013619067041383826,-0.000552734301812241,-0.0012692436613571667,-0.008453286863366438,-0.008604683881561437,-0.019577245676531185,-0.0004976410210306703,0.004043828740473376,0.023318682019430215,0.005666980427095236,-0.0009154051545932074,-0.009625102543918684
2023-10-31,-0.010637840928906295,-0.005790731721763698,-0.0103255157076243,-0.006281420328215326,-0.0029005906033263695,-0.01279359315636297,0.0006191456952442387,-0.004762506535437527,0.0009226173744807387,-0.007430300000798029,0.012751109807254135,-0.0005194112783877269,-0.023852219095948146,0.023488251010405747,-0.001386158887345168,0.002057309391306772,0.005115085917623663,-0.02617173420927854,0.0002386898807316129,0.006472554281923726,0.009638935581086638,0.0024579019307815475,0.005546016350942429,-0.0005236419774627965,0.004153368717500605
2023-11-01,0.004152242408533846,-0.0013547062053228531,-0.0014202547560183687,-0.010413692042873679,-0.011309857452686423,-0.0010389717195461445,0.0015031486811296624,-0.0007002002587678247,-0.01152251479527544,-0.010235777120836786,-0.008623729714000272,-0.01583381280687801,0.025353558749001914,-0.005094562016577098,-0.0027692868984707797,-0.004730254190554506,-0.013570603380041901,-0.0027423398466230875,-0.001511176256640323,-0.00593624283701355,-0.02041252378057168,-0.0048442835705180265,-0.007104174236907901,-0.002226255450259451,-0.003931152471977395
2023-11-02,0.009924260243279637,0.0015260038403421827,0.006454886596157339,0.011815578028066431,0.008842237012089527,0.011385485507529713,0.010063410465855904,0.007124507296877081,0.007874813709846551,0.011473535678393487,0.007712890498507541,0.007416010205796741,0.0149168153201098,0.008854940226337815,-0.003051657941707475,0.01326285320128573,0.011392850122271758,0.010380832894896663,0.013939862243093737,0.010699197463027943,0.007104978151287744,0.00925262016855033,0.0021562098677625485,0.007087525447623921,-0.00148697812574472
2023-11-03,-0.00021554159244552284,0.004740065161652041,0.015055135475954717,0.013794068224859624,-0.0027381007941986724,0.007468722161025898,0.01057516349440668,0.004870551150558899,-0.0023474404348269307,0.00600238975218681,-0.0025607775835029267,-0.0026495907664325635,0.007282404301830692,0.022801751578809926,-0.005047422226631348,0.00902767897371759,0.005794120800224789,-0.0004763168917787386,0.01736185253803524,0.006400765727827995,0.009355128543949709,0.007518468823245472,0.015777828458216847,-0.00026060895626112135,-0.014133119555511109
2023-11-06,0.008320058796743801,0.007245129724372523,0.012475877290828219,0.01025897525635755,0.008758824618849914,0.009078757888029365,-0.006572666229187507,0.0048471900502742304,0.02205230652051382,0.02078170158445425,0.0040097253029700575,0.000832002569952639,0.007799520552093986,-0.0022751385877429753,0.020312974973196285,-0.0047225904982534095,0.006400631202691853,0.013138252464402811,-0.0022394047853641075,0.018591011047056627,0.017277482307578085,0.0138866843808505,0.007986864963824392,0.0028679619927931554,0.01425976393688666
2023-11-07,-0.0064984673137140625,-0.004851131178527979,0.002802879184195417,0.000712484881642883,-0.0028992107172872705,-0.00218274499148996,0.009401906098980284,-0.006087110623288705,-0.004755510076349556,0.01139290844863261,0.006349830685853819,-0.003067581320703061,0.01821729267317096,0.0009641122984485051,-0.008787321542175541,-0.00038053689399708546,0.0139919013577674,-0.005744939272617988,-0.0016253442727229839,-0.0009606240370313435,0.0013370355010848822,0.0051846153127743655,0.0059974138442815406,-0.0035097604247296132,0.012410750664689107
2023-11-08,0.005206983744271199,0.0028913519082400807,-0.013025991873122922,-0.00947086801370789,0.0032934183709016907,-0.00042689836869858055,0.0009486522779216244,0.00982206433765187,0.011869661612047055,0.000783632836972803,-0.0028550089017282954,0.006729454359200471,0.00491083083467414,0.012736199147101113,-0.004756132629888277,0.00917315593399004,-0.010244773913808625,0.005169958644901662,-0.0037983213098830015,-0.004807738614434509,0.020406554146438216,0.0015081882450280748,-0.008572853173335337,-0.0028697466461800047,0.00910378752674812
2023-11-09,-0.010852309749265876,-0.003955589364011636,0.0017097900337725846,-0.011646356955474557,-0.010084201446701524,-0.004697017894373157,-0.003360337006552583,-0.005835934115613006,0.009478008998785814,0.00019575480934652667,-0.0007445487268847861,0.007561518325500671,-0.0004251366183132266,-0.008484541585283445,-0.0098190254262438,-0.016928932660879803,0.005281077708420234,0.04346506921752824,0.010582772741278168,0.013526700962961602,-0.004862479716622459,-0.00825401640691159,-0.013343131363473537,-0.003532172582270121,0.0008067591733795787
2023-11-10,0.001882637219176475,0.003937660572423063,0.001333662405282876,-0.0043278802376355285,-0.0041822895313711195,0.0033785273398243554,0.0019885903985159548,0.004949350430494048,0.0027769604557348337,0.007143562331213937,0.0002865580063990958,-0.0011106530566425965,0.0026781773974711154,-0.008344195962989964,0.007865440017055914,0.00397702751224549,0.020172076483166546,-0.018008512619105188,0.0026180357076217575,0.006434518384650589,-0.0012175138915588857,0.00971359215354295,0.012633977675149621,-0.004070002835789066,-0.0060553856922060945
2023-11-13,-0.00012947161385568062,-0.0018103325370605328,-0.004421491335208638,0.003433478471448481,-0.0005699825486923382,-0.0005344971737430981,0.003192267117969383,-0.0012598299762978105,0.005027595970779952,-0.0037407454787906635,0.0015756175293768493,0.0009241351769793127,-0.0013142390719574903,0.002579615932428503,-0.011276216462984046,-0.0033781747970969,0.012152494790643953,0.010596475062710997,0.0033792106311312242,0.005446498540518929,0.0029744174079728847,-0.0038399752084835592,-0.00597462538306448,0.00619567863203363,-0.0009307931616215903
2023-11-15,0.01808076231826261,0.010478297920729851,0.007116462345646335,0.02690109935891627,0.021836719294223483,0.016042820174436256,0.0057624939486717874,0.01364679546205494,0.005396076720290965,0.015604458014236045,0.01218393947201002,0.00554414398823333,0.002631937138537266,0.00955663757897196,-0.018551001989147053,0.0033290576915530057,0.006512155327328628,0.002531991026785141,0.028013718366959095,-0.010127275708053607,0.00991700621537528,0.010314165699746303,0.0374775016060247,0.026202048693740654,1.847030113255599e-05
2023-11-16,0.0018035002584666504,0.002625607623007342,-0.00541921868299633,0.024388580972181106,0.027480116775173924,-0.0004736985493518642,-8.54208254208455e-05,-0.007466860812395337,-0.0045025020764383195,-0.014404395416905191,0.0018932320331257468,0.002720884266691481,0.007325052469759452,0.01213601925825225,0.01912299131700701,0.0019306053209748875,0.020420479062620567,0.01641686224841976,0.013178436958995343,0.00509342798731427,0.004524888340091238,0.0009296062860209009,0.028498264018171682,0.013915511569284833,0.02293372485059697
2023-11-17,-0.0021814467130196746,-0.002154723407434611,-0.015117524941396399,-0.005086928277501568,0.0013149061135955264,-0.002369615230055966,-0.03694529315294148,0.0013677580957500712,0.01896007116519871,-0.031178507947260514,-0.004653537710047728,0.003719724620000031,0.00424530251761257,0.0008694263101538535,-0.01921238013454407,0.015093127809890916,-0.0029720716034379313,0.009589030601007131,0.0016902468059576403,0.011100447239557942,0.012330851812305976,0.0018120775665302347,-0.003686217963626226,-0.004281124636152156,0.012138704532707933
2023-11-20,-0.002632123295775446,6.640585991046777e-05,-0.0004338418346901962,-0.0006608633794886742,0.004896658059097003,0.01488455144974199,0.0012432486630098438,-0.005577768185296095,-0.00649722064504199,-0.005682041924556236,0.0033717542697992986,0.004062388400521089,-0.0055251328071102,0.002096415475027591,-0.021105136799019153,-0.008838374358436374,-0.0021858949647081127,-0.02041598567797387,-0.010637532609997447,-0.0009546176608402623,-0.00900930961728963,-0.01472548768058446,0.0075245756043784695,0.012139750461936716,-0.0013187804328086417
2023-11-21,0.01257788610447208,0.008470673807871698,0.005046304694722004,0.0016707701346703185,-0.0026707175649188786,0.009829386525717743,-0.003991129046086672,-0.0012591089848402737,-0.004516287693680288,0.0031353795478179514,-0.0018921094415897954,-0.0029433073287209455,0.011279758300245746,0.014525454833028473,0.004887942267496337,-0.0004786625129351574,-0.004182628199467464,0.0048641725076572495,0.010974383872992544,-0.0016723363452255668,-0.0022609187818520837,0.0054089711145359765,-0.006024166170508716,0.0011244072476568334,0.00754812188432763
2023-11-22,0.00390938015463238,-0.0035573240041306686,-0.003617266226511595,0.01306458059516813,0.005683232671270133,-0.0011330261668175412,-0.004541397267012637,0.007908345118658566,0.0024228604760394568,0.006352018317717922,-0.012194334357727099,-0.0038537399687069707,0.0022472651556750822,0.010428890689218706,0.003547716968071102,0.006646005499061802,0.014600115182897833,-0.0104504828902523,-0.0007334804508586368,0.012682536689071267,-7.978795206742273e-05,0.005919677358297015,0.00904939963314666,-0.0009984512187438677,0.0032054363248645856
2023-11-23,0.003056745698208463,0.0057849269092067335,0.00027091209512675185,-0.0058650597382508,-0.006203566712199682,0.007115278747019227,0.0017890807846590029,0.0014782603070693234,-0.011890568207169716,0.0009518979234905967,-0.003637669160698964,-0.0005765714617266271,-0.004401526751594109,-0.006253964647079835,-0.007673629980236796,-0.0007929512191549026,-0.0035482971542194486,0.001555030359285725,-0.0018350470983197198,-0.0033081601993302234,-0.0032077637541740867,-0.0176542926819101,-0.003702426424639804,0.0056214993929766255,-0.0035128587115779153
2023-11-24,-0.0006679695304399047,0.007099064187221948,0.006933905049745892,-0.008176552402900827,-0.014579941618399261,-0.003583708706998756,0.0007142622025930745,-0.005790793476447731,0.0028237857717063886,0.00945897525134809,0.0027022544535453275,0.002588583613141182,-0.0027945862438593094,-0.0033593797231560307,-0.0074713561435388876,-0.0018652297911377902,0.004550012061316444,0.004754673789804986,-0.009191736025752406,-0.0021337895525967987,0.004226666030342274,-0.005699997538253787,-0.010777254614089404,-0.01614905029722813,0.00026546992969223027
2023-11-28,0.00020890580732335629,-0.0022517098966231552,-0.004196218321550371,0.0036871025778477673,0.0037747630195785753,0.012074177842752443,0.007316939646863974,-0.00582460329061707,-0.0013914954967915172,0.01254341331269404,-0.0010034114936688932,0.002082575820585575,-0.003429701096066773,0.01337963243125273,0.015204765158063127,-0.0018487214769451477,0.014375722146499514,0.008273260157388052,0.03532718252940037,-0.0011879647325395704,0.0038901803531281587,0.01990366316250136,0.0037985736609083,0.002146508361674959,0.0052514957352727265
2023-11-29,0.0026311061615269526,0.019952185475055728,0.015234960404230558,0.011714251375105178,0.012564455163041499,0.010660942687674035,0.007352276277066139,0.0044802854940382275,0.011065499230556552,0.03819214710092389,0.006428529976065578,0.005855273576253817,0.009107430532888205,-0.0038055037316104823,0.00035782639155645946,0.005775652773241324,0.0033003358947638617,0.03387492497814937,0.021290259324242777,0.004043852388810221,0.0,0.0007161247835008044,0.01605129099806013,0.023686489457367177,0.006968081155627637
2023-11-30,-0.009684649125605738,-0.00022452687053531317,-0.004948893503180729,-0.0030488432954443034,-0.00744217908962308,0.019389140859755294,-0.006771010960446522,-0.003202182659486019,0.008252921637377453,0.013299924434083676,0.0011405007054958727,0.0008916378047592044,0.01967216330564625,0.017875445448625626,-0.0011500870077183478,0.00811867682811207,0.011222885455630882,0.017695036182471702,-0.008352478503110161,-0.009950265638451139,-0.009036528506814578,0.031021302952712215,-0.0006139792805840427,0.01673839626872886,0.012737674126640286
2023-12-01,0.007087507058043396,-0.0021811640333493365,0.01256752256528837,-0.0019585196195146537,0.0068958163501520175,0.0,0.01239483396813057,0.03212469573849508,0.02619643755034029,0.02829896930115061,-0.0028197286581683745,-0.0021680986572645278,0.0044050906999661965,-0.0003152177290201008,0.019299675154673235,0.007110472931872502,0.029276808522637365,-0.01350322786277991,-0.0013448483449417514,0.005982224856474039,0.01714800774019043,0.003354108707540382,-0.00032767848417081247,-0.01307344409534461,-0.006694683194133355
2023-12-04,0.010817323940885748,0.034717877087187876,0.047005378241596674,0.00829710585440857,0.00022777407368068658,0.017936351498956338,0.04013994928867182,0.009448659815523008,0.03851893957376329,0.018965219114516207,0.038874579675674203,0.0012989508466616506,-8.09953523950302e-05,-0.0003151758514551295,0.020428877163261028,0.01507602314131562,0.0217511735720326,0.019286450716076597,0.00021256519713674926,0.0128448985277263,0.0066649128605345,0.03142626220938238,0.002744786403167776,-0.0004906126716972548,0.0011478679763652355
2023-12-05,0.007251440757797489,0.008885224007927572,0.02244762895230923,-0.007102169548026782,0.005452250669666148,-0.0017425977666087888,0.022784495450643316,-0.0050655179261280825,0.0005733009328117156,0.006085548594051193,0.005443863626005907,0.01155252098466475,0.006822602651584964,0.016311217763603558,-0.007809662171479936,-0.015006019740964271,0.03875560026253466,0.01762381526453871,0.004747755727485314,0.044152311663928634,0.009922943354692793,0.001287777653035782,-0.0026963715143103473,-0.007608350583258039,0.003552863344280288
2023-12-06,0.009578608332192262,0.0025251050131511743,-0.010064744388492586,0.013996456722397133,0.020528800278260206,-0.0064495437372333875,0.0003288779762053995,0.025456461489363535,0.023179401795585974,-0.010552228881333447,-0.003855750363204624,-0.008967764615656848,0.0006454456914830597,0.0004512790364445962,0.01051731879090112,0.0017167712768380028,-0.015239232042701945,0.009697141685511168,0.019042236031191928,0.009446709430054545,0.008152001940867404,-0.012513599152662813,0.0037685694322082686,0.03561281100525027,-0.007980657491992615
2023-12-07,-0.0016456922559496823,0.0016279702311776667,-0.0042362130240977125,-0.005697711580159637,0.0029964439095557793,-0.0238663537044832,0.005341450898212141,-0.011117055686739596,-0.01081860504658283,-0.0023650337992235926,0.0029921610846637137,0.006672595463078412,-0.0008462849929439242,0.010854581286114717,-0.00483361042354169,-0.01923933211130624,0.009605105488895704,-0.005727207968089787,-0.0006921082884073781,0.02495537903770728,-0.00023058424893629414,0.015363949842127411,-0.0015914186400596275,-0.001194058783341223,0.009554397915814361
2023-12-08,-0.0005291549068306978,0.013953221436922014,0.01186183580729927,0.01722506102204746,0.003264262237121951,0.0002499170442107346,0.004005295160975031,-0.0195371775417299,0.006809394354466924,0.011942524037530156,0.0063498665615651095,-0.007301497362098841,-0.0028243177779078144,0.013736185358000474,-0.011310687760592741,0.0016081704513961625,0.004404562084154406,-0.014237993655657366,-0.010250054759926575,-0.006086870382058351,-0.006088936549312529,0.006307232726308953,0.0016758020741229895,0.01040056482051499,-0.0036646115206546703
2023-12-11,0.0014659575872411068,-0.001330670142325241,0.006182956522255978,-0.0017772762874459502,0.004466878733954793,0.0005998891191891786,0.00016285923736125696,0.007347165004516709,0.0021756645352428716,-0.012994927745441198,0.003045989745428912,-0.0072325514672157976,0.004531524716009594,-0.0011416608136911588,-0.0020321949166743902,-0.007394108882167072,0.007893375809145065,-0.009798997294796385,0.008746827873146845,0.010279938328675575,0.0003094004937009842,0.02733831621750582,0.006529006457888675,-0.004732565909627895,-0.050382479966619265
2023-12-12,-0.014353392074680338,-0.009933481310507641,-0.0013765227706268313,-0.00836407523431748,0.008015685078128332,-0.005595190940899997,-0.0030117757852219373,0.001436681690413888,-0.01281825658674407,0.012987049993238076,-0.010683003951649783,-0.019289862155530857,-0.018849783565443756,-0.01627885945941765,0.002989358171022971,-0.0003593983382822463,-0.0135748376585344,-0.01016820249405137,-0.007491637520919747,0.0017318386804709984,-0.002551842427117479,0.019915349308490704,-0.005797485529909885,0.0038039772183446896,0.012213362723377363
2023-12-13,0.004084051943815892,-0.002263531253819173,-0.0017721137587151103,-0.018325929959639664,-0.021391190562575657,0.00467222928214972,0.012165052994207448,0.005627843268464883,0.017173324481789987,-0.014279603080134207,0.001014052214284078,0.004028521005824848,0.012397434290539522,0.008666166854768953,-0.007731286576418417,0.003655965655943616,0.03757953514626822,0.018802760268674223,0.006849257067399472,0.024205840132807577,0.0058608321130910745,-0.012607060813139559,-0.008196319384170647,-0.006039680081482479,0.010522759958902395
2023-12-14,0.01240778923904351,0.011803350244173005,0.019479174880605354,0.03619739078207984,0.020509078581669282,0.005300488226777977,0.00613070272267624,0.009766259894577578,0.009794656322891893,0.0050231654349670585,0.015140763575528293,-0.002586540660882708,-0.0014596962989389395,-0.0030397497259496697,0.029787899226357606,0.0017715801526638764,0.004591158746997559,0.022446960285221973,-0.0007636262457482168,-0.020468379248553714,-0.0007089411574958682,0.02301538833780925,0.03996371034003743,0.03514820320742751,-0.0045188620761421605
2023-12-15,0.012763098206618473,0.003878483106198205,0.0036279931094458373,0.05125043339711888,0.05283259984165545,-0.012584573841106117,0.03944513203472977,-0.004129504155815811,0.015991331271973275,-8.922375767661528e-05,-0.0017531287336103318,-0.006452109629188629,0.0036139774147296855,0.0025478029617600484,0.00546542159752561,0.002602912839738236,0.032836735820291896,0.012561911817514204,0.01757569772868206,0.022619561369002117,0.022382674340220454,0.006639304194845597,0.0327351716415043,0.02796961580395063,0.002888693108738183
2023-12-18,0.010177841437828183,-0.0005131527719984819,-0.015374977069689044,-0.008901468279015057,-0.0004662934980945721,-0.0023172776211859425,0.00038553199239510505,-0.014295079891253448,0.0010320965119163805,-0.00803325754644224,-0.001972267069050737,0.003227387107006763,0.013756830096316675,0.005290833967473096,0.00965406979818928,0.004994303875866191,-0.006227363839266364,-0.008203085062877036,-0.0021847261886590585,-0.02317256092820197,0.0054769250544877135,-0.005892663544873611,-0.01098691065394819,-0.0029112196604166307,0.00028611278405765717
2023-12-19,0.014716492003557846,-0.0016912398855731814,-0.00587399733694971,-0.003867407852803262,-0.011142130314065302,-0.001817714550025662,0.010640080312393163,0.009852832543725487,0.0021050873026942085,0.008008359037851909,-0.00021665233653556104,-0.008333587722307079,-0.00622633495060565,-0.0025279531778100717,0.005937244802169062,0.00993886832479407,0.021272782722363548,-0.006692741420509352,-0.0025314389488302336,0.007332335641844878,0.001200365451476948,0.004688896227514672,-0.007973844616806502,-0.014710726762431348,0.008299012214588952
2023-12-20,-0.012098856702907224,0.0024805739024682527,-0.008666100746901995,-0.01405375327502123,-0.009472803466787694,-0.01709752140811871,-0.028913621875963025,-0.011181807778857689,-0.022992568867222563,-0.00892658971154936,-0.010858110916516894,-0.01488727246977739,-0.010281328413165203,-0.015607377995996652,-0.018171986898387282,-0.0012496583278626128,-0.03875323932028063,-0.030835399090044957,-0.032512513891591266,-0.02740315377552749,-0.011660458215188352,-0.012942844598051173,-0.025634962678677375,-0.015386477287078315,-0.010341405803394599
2023-12-21,0.014008005188961281,0.017923849662748292,-0.0022351809034873993,-0.0002604598422394355,0.0019707740254739647,0.006536024019130338,0.011469735550661664,0.0009977871623885193,0.0016527956785812314,-0.013375256629381105,0.014344496557027187,-0.006784899487925378,0.0010954379995835595,0.007287264642129809,-0.01692027298760801,-0.0016813043848145082,0.01444643866668871,-0.007954118181032754,0.0051045172511359205,0.02289237226918539,0.0017590945984846673,0.006776345403340489,0.0012013973416737933,0.004745935539277379,-0.004418416928222868
2023-12-22,0.000975495649561342,-0.009397023387839765,-0.010055777053228576,0.01751313590835779,0.009636987636723493,0.011913188123096052,-0.010873760048677572,0.008306526042023199,0.015711830229122148,-0.006481653281817268,0.004210037675764777,0.020403884104884806,0.008228761104469795,0.01322634787861654,-0.009752714763122339,0.00877320359755318,0.0028150947512306512,0.0002448574567759376,0.022360225681589352,-0.002582284745331287,0.011610842080840067,0.0014615908062562966,0.020038423584262555,0.06601383692891494,0.013178628922438262
2023-12-26,0.0050680770292224064,0.006942588897748125,0.000804648374826078,-0.01212490485239437,-0.007439757497900823,0.010408763728156245,0.002041621261038129,0.0027461101329269155,0.0034791053226490565,0.005467160886767353,0.014162883993758424,0.005236350439972837,0.003095550224722521,0.008091287801416103,-0.01823095712248246,0.003552657794070768,0.02245699837934967,0.01713322027990305,-0.007106427499099399,0.006903944498228176,0.01258495689795791,0.004980451180164325,0.0053718749052309445,0.016102940709724844,0.0007908536745031558
2023-12-27,0.003413499193204217,0.012392722716437987,0.007185216683699425,0.014994019242407619,0.00412316726028239,0.02135325197901583,0.016456451178747056,0.0014240136590655261,0.01545819795098824,0.011057810905462206,0.00821474438551939,0.0017379258739091963,0.003967955099894782,0.008901473699508111,0.00984324744624221,0.009111021044835743,-0.011466450640195802,0.015461005990175414,0.029671334036968533,0.0029997431993140644,0.006236372120551836,0.041667165911992265,-0.001443020076046464,0.0018080924543883992,0.014621218469095698
2023-12-28,0.007228914051542468,0.0011447588121542562,0.003641786979212025,-0.0028396988118825073,-0.0029648403275484014,0.01517815649376053,0.004394502380537624,0.015313952119068164,-0.007322235687437617,0.0013557448943342099,0.009987508266351641,-0.0016427604087796421,0.007744795822115069,0.007006811188369211,0.003573930722788221,0.009776656113685833,0.025649604830200623,0.02754817216186578,0.017546285006103446,0.02157662175658448,-0.002114960215453765,-0.0009390573526740775,0.00453063144453747,-0.0031849885074303197,0.025207881375904684
2023-12-29,-0.007906275927161754,0.0023456608115854927,-0.009245536784315611,-0.012638760147276162,-0.0017107525434024717,-0.004340707321062842,-0.01435389846579449,-0.0043095629013091274,0.002259771582080239,-0.005009729635637394,-0.006896120065365219,0.0029937382632241327,-0.0021391992155607165,-0.010672714609047729,0.009519755155942278,0.011447179587493084,-0.00876081218396696,-0.002911573747567564,0.034553551709129104,-0.007946442869721904,0.0015159944191960317,0.007361234764796443,-0.010342404259101046,0.0039406590712407485,-0.010352513353228843
2024-01-01,0.002050317565037041,-0.0065232580653726835,0.0028096129577523943,0.005476748501668238,0.004666238286690438,-0.018552535413807525,-0.0010902752307575536,0.012876085621960742,-0.00015597317517435094,-0.004173204527983532,0.000550285841138809,-0.0018490281733786196,0.0006353468586484112,0.0004625261290043259,-0.003916603531180507,-0.003453518645937903,-0.004499612037231371,-0.015091862376491738,0.01365471038381938,0.0044265462456227755,-0.0018515572452545426,-0.003717879147317693,0.019251095055032863,0.012412490457975878,0.004096320861058489
2024-01-02,0.008281024461512132,0.0005888092607091444,-0.017160296788385487,-0.010926024577898485,-0.007320884688916007,0.008538596645443874,-0.0029622900873815805,0.004914001741181062,-0.024776928189290115,-0.004053693576436812,-0.023099294113342328,-0.008319352906811295,0.02852587212901847,0.005738182430966354,0.0179473811201889,-0.01542502590392647,-0.012106470356663457,-0.027652292849369098,-0.007842091089469316,-0.001678845097738746,-0.0013987126476523448,-0.02478024976043902,-0.014686174997115775,-0.016661368199529125,0.01806212729253076
2024-01-03,-0.010874114574227378,-0.015419930422887362,0.0018325257558620134,-0.02893638239796925,-0.024172496211969596,0.013213242647253765,0.006255316318426907,0.014669992814444477,0.0006544316922332261,0.004893633262469166,0.00045571292582735623,-0.011777036909830563,0.0018518068689792333,-0.0014060830872004715,-0.006090054170775239,-0.002773849678903706,0.0006536964548446988,-0.0005735564173354746,-0.0037608274871471226,-0.0033634067396695055,-0.005233886131500887,-0.009128130618832886,-0.02652352485384324,-0.028346118014399124,0.0008603632808155126
2024-01-04,0.005167804929185005,0.010729948645182397,0.0031502754631531626,0.015234837217282804,-0.006758573227887199,0.012268122187365949,-0.0010879028944006386,-0.0017810699411892061,0.005333789357307328,0.02257426554222297,-0.0012325245595625756,-0.006187098843775218,0.011050216348350572,0.007216314228229992,0.043433809669246815,-0.005371084714010044,0.03559763427263496,-0.008186041837650593,0.01829936711551805,0.018561411725393606,0.0018822142248142715,-0.00956817558299039,0.0026520588421563573,-0.007677163231404882,-0.015121662275957792
2024-01-05,0.004255436169599225,-0.005115796427613062,0.006635209609466175,0.01312229866062431,0.019390106627517723,-0.0012404877796733382,-0.0012447003229061337,-0.005142735347122285,0.018272736837075643,0.012061500965486527,-0.00858570833532335,0.00016983250194124722,-0.009710910268498685,-0.0019222566493918292,0.0007267658564789059,0.010607293034770926,-0.0067803739174823185,0.0001827268150953465,-0.006032083943100508,-0.0008282974211309968,-0.007219004398901552,0.0001246998214414763,0.0006414093766151652,0.009283957187189662,-0.0011210140702005988
2024-01-08,-0.00780367992130282,-0.011146097259336463,-0.011774135832672061,-0.006361902674341446,-0.01594455370930581,0.002340950984392798,-0.023288459644550286,-0.017828939699070734,-0.005905896155175561,-0.013149297553628814,-0.011636573609399958,-0.007018015565871671,0.003922512600047945,-0.0017508173490722312,0.003222570621778331,-0.015953846412977146,0.004762779668971762,-0.015743063008333058,-0.002339007478159516,0.004559550437688076,-0.017031500743633243,-0.008141842763059848,-0.015501081432555686,-0.013688278985640956,-0.012732189829676277
2024-01-09,-0.0026475651835438097,-0.0077850730639016374,-0.0022912880979919503,0.004268510732428288,0.003153671182369866,0.01472753794937054,-0.0025517281004509007,-0.002040800115849062,0.015666413887836628,-0.004857231443512133,0.0003011724500865398,0.007781379874960859,0.01432609463835055,-0.003251387012156437,-0.001363764217215846,0.0005817651167625559,0.010428261023096574,0.00850785913458485,0.013559694695349123,-0.00020630535694332597,-0.009368181826855393,-0.0035633785454819433,0.005451835172074038,0.0008882635784237536,-0.0020047643371245982
2024-01-10,0.026971641696151405,0.0033020713660183443,0.013574911994949312,-0.006146753978608088,0.006273902083425709,-0.0016909859217945078,-0.005836298609673496,-0.002690762658783874,-0.0029386714107801915,-0.008553205558909593,-0.003202537205194589,-0.0013865844689486817,0.0006420793631694011,0.005535986548207195,-0.005811931295372719,-0.0009109286071266043,-0.020015785774532002,0.0017793266131747032,0.010815281249553443,-0.013000469334993103,0.005921993340184617,-0.012415183919120776,0.004248905433130723,0.006322721379984131,0.0065045654696138655
2024-01-11,0.026300758847864092,-0.004196937011994306,-0.0019132642615390383,-0.016909047665653376,0.0060595145955961716,0.00014117383983891507,-0.0024929438628968903,-0.0014028826279680606,-0.011465236484029973,0.016937634328731077,0.0011258270066387688,8.988614923821636e-05,-0.006491378583080687,-0.00426713874494955,-0.0014061128027335057,-0.015985201608375355,-0.001436160911335027,-0.002541588478991441,0.008905911585325388,0.011708246541742406,0.00041070504775042593,0.014755173009064926,0.006849698832887441,-0.011904730727922308,-0.01637238610020031
2024-01-12,0.007960167005252261,-0.0047302051332679396,0.012460277992042856,0.07934026681947803,0.03941873563536524,0.012701611595611118,0.021605891113898545,0.008753879369802542,0.018246216631722767,-0.004796812371386849,0.005705249559075698,-0.004539948439745811,0.007369397544340961,0.007408211062708059,-0.0011343441600181192,0.003075518283658374,-0.0007986318000395842,-0.0025789040984217637,0.0009808702731297636,-0.010126018518327173,-0.003162784358883286,-0.011289861718819072,0.04694268074264474,0.03848736860239632,-0.0006323241160816062
2024-01-15,0.01707119668180246,0.019254185952648495,0.006327800040920151,0.02439929676171171,0.005408538440997646,0.024202311740260773,0.010258754890527966,0.0019283660721842732,-0.007215346398113609,-0.0007586334418858698,0.009954998649591706,0.012166758856679616,0.0025643512042923255,0.008816488492576102,-0.02389367238781659,0.011478089433850203,0.01487271560593717,0.006833148833200076,-0.0048992395645225395,0.006889299378232128,-0.0011898936461507414,0.014895279186595722,0.022629118657030434,0.06262752482402889,0.016593899922245692
2024-01-16,-0.013987218673823132,0.0037960176642473087,-0.0007921342377303908,-0.012438734593798406,-0.010886928281431785,-0.005896316376904465,-0.004999212674847597,0.010051421954277329,0.008594291418824396,-0.0003573071609754841,-0.0018902221526093665,0.009581803135104483,-0.01196083462193298,0.016347985882185112,-0.002854931780674752,-0.0015932720227554986,-0.01827918999019984,-0.009293609124531366,0.007877253462037936,-0.008708218329249728,0.00702529090885462,0.0015118391935722286,-0.01289585863503051,-0.0194096531553003,-0.00434010894782999
2024-01-17,-0.009493609453543828,-0.08435809981827369,-0.027055157142308883,0.005301602309842446,0.006034223244327563,-0.009717858335947516,-0.017114030463304064,-0.012068729041777915,-0.0007136380734228398,-0.032883461797767355,-0.03698604563560948,-0.012947423600673358,-0.01100149589324162,0.002552186691775926,-0.0131158708783361,-0.002413446108625261,-0.007062754175183539,-0.01397838665244644,-0.01624215634013615,0.0006274599201789854,-0.016561010916942065,-0.01152996367916248,0.004809158674554226,-0.005360845728284991,-0.018790855760437486
2024-01-18,0.0046821941337151785,-0.03339832046152602,0.004685442591762623,0.0014633755146749028,0.004633781475987808,0.0016585385458631752,0.0036740327481832313,-0.002357464959006239,0.007014926452757475,0.014044126051627748,-0.0013485557902334078,-0.012654563645196792,0.028290930960765293,-0.024895205972913614,-0.012678542797107228,-0.005813651990979607,-0.03233092476389676,0.01223632300857247,0.01675872792264599,-0.024038452835007385,-0.02419571877221216,0.0038154049495546793,0.021405727518640782,0.0005182204844842442,0.0
2024-01-19,-0.0003654929169152332,-0.01042964288698256,0.013027866497856477,0.010105842118161679,0.01740369959281174,0.03491091915557232,-0.000875348039057311,0.0128893483065331,0.013904364101888556,0.017357625803597454,-0.007286570034184425,0.011406113014558183,-0.00011231692153967909,0.020322963880677447,0.007370260391194483,0.0068288350520551155,0.030571336776290536,0.023682146725698905,0.005494091131714507,0.00835286277515146,0.0006322096367368246,0.02036444941718396,0.025642767158658986,0.004972572332116343,0.0032300831440195132
2024-01-23,-0.028428887262075042,-0.029442808304260493,0.029873919890690326,-0.010275936772898842,-0.02150627709092434,0.02933340522893446,-0.03608137828670144,-0.025874809215103767,-0.026055917148102847,-0.02445028610229849,0.011449313530044636,-0.01765845756413309,0.031970714675084055,-0.018619259392650855,-0.03393856944402851,-0.07400412015786939,-0.01896583192684631,-0.03645313704717201,-0.028049292289388905,0.010832639024103141,-0.03510916399939912,-0.02602614117152069,-0.016727734585848975,-0.031233840937785473,0.0010937774582460147
2024-01-24,0.011516085966515988,0.020002131059821737,-0.029007356447924404,0.020247875019339334,-0.004263546488424197,0.0275905877453142,0.021814790326662115,0.009362140554800336,0.010757425952343969,-0.02763380839578433,0.0022976287739628898,0.012955840314802458,0.0027570059605135366,0.007540969732904967,-0.002177921368238356,0.027825165614413727,0.020654355303328487,0.0206243824961716,0.01305524811658132,0.03467123396976013,-0.01808697618705002,0.01622418485566257,0.030219819886167842,0.019513716039070372,0.040127831375666556
2024-01-25,0.006845933178860397,-0.014424018653870885,0.010758613107528125,-0.003760416215346063,-0.008199323438935702,-0.024706897091073876,-0.008976248624544825,-0.01714847963470889,0.0011841709297775171,-0.015956261400609795,-0.011293761742208641,-0.010732607716038678,-0.009984718554843841,0.0006235581199736107,0.004280500591130165,-0.005467443857033127,0.019103237908478343,0.004545168496658647,0.0011714618943317046,-0.0028433117468668057,-0.016752945940011532,-0.002117076651058758,-0.06101054410215889,-0.016839196852475258,-0.007895561610758994
2024-01-29,0.0701919247384617,0.013763988567043084,0.0063864336522430065,-0.00748898496615924,-0.002440771226333349,0.001378674435740912,0.016646231196580485,-0.012838781453415105,0.03187743294732792,0.018229744203610565,0.03081881072335735,0.011172956171833226,0.02378857355651287,0.025582247068808517,0.014981174276419207,0.006629967350992638,0.031135572393276023,0.002751522535174855,0.03590564403210794,0.03441960345795714,0.009104071568490468,0.030563857309843012,-0.0058243114088807335,0.006382930129862574,-0.0020152170228816546
2024-01-30,-0.02791688614306631,-0.007115143203792473,0.0004920242100037164,-0.0031088726730331695,-0.0001181701426696824,-0.0030116307724495917,0.006100090521143242,-0.02612265378200107,-0.02014561900249867,-0.006737270879521029,0.00038405969077559554,-0.0039784487847372985,-0.02077312465468717,-0.03385355444122207,-0.052067230965868294,0.005829612698498021,-0.028038655260834378,-0.011981814385325862,0.02122477781365495,0.0005907106084004354,-0.007375469479179442,-0.030216969535112992,0.0026627590968282266,-0.00105715567205511,-0.0004707199227099723
2024-01-31,0.013497969345249272,0.012635947698284022,0.011063008784532702,0.005722347514822923,0.004051837099715794,0.01039995846160835,0.021938538119722795,0.007989882501441503,-0.04226180677423863,0.01294942165061852,0.0009047559922652493,0.023639272104720277,0.03404411788912154,-0.010225561984960274,0.0067035766771170735,0.009314186242191269,0.006498575160983178,0.01925522142971281,0.02951620441389391,0.020464261575077858,0.0012693997865329543,0.020449454469613215,0.011989333837130411,0.01195767877893572,0.04797174691019079
2024-02-01,1.7492727528489738e-05,0.0025981438442679305,-0.0029178594721639417,-0.0023180413320367244,0.010010672210190474,-0.016656742252801227,0.011163173139964178,0.0030574250958630422,-0.023493107043997208,0.0154531209872395,-0.0013696719266858004,0.044277417927022444,-0.007402645008297459,-0.018958550926282736,-0.017426925052993036,-0.0032037333947073643,0.014173065310002064,-0.0002423090758059132,-0.006446511738293581,0.025067567124898993,-0.009635292562542808,-0.024101737204617946,-0.015858751219663292,-0.014221321480453075,-0.02091107907998202
2024-02-02,0.02176420943174051,-0.013775678938028335,-0.0011218622914037635,0.02190632459807862,0.02909858000218213,-0.00034741358155199187,0.003088108305293824,-0.006321943575806732,-0.0064596983078006875,-0.015863374816638576,0.00010959628979567704,0.00164518484227405,0.006179343421708117,-0.004148917737151647,0.015570866542362838,-0.008489599729484598,0.03260879933060612,0.005814172243022719,0.00028451265796958225,0.042513182646940706,0.002372377699305872,0.01776306017511131,0.019504680699583332,0.02503434894052714,0.00773379975720867
2024-02-05,-0.012811220568737403,-0.0008989069513619663,-0.00048825028618726396,-0.0036318476144703293,0.001764833288672829,-0.0323686124776692,-0.010313324111616118,-0.004657999105060595,-0.010159798077235216,-0.005201282058633017,-0.008008896495546813,-0.02129446788719247,0.03328281694605639,-0.016706228957549918,-0.03505973140431984,-0.01349575186044405,0.010827179620924943,0.025771529250614433,0.05468004628234513,0.020931118189539966,-0.006453638576348064,-0.018042200757317328,-0.003998217340196786,-0.0016557380233304109,0.00909847792808871
2024-02-06,-0.007800377506025469,-0.0005191651711109468,0.0028334428032312786,0.025041477103037613,0.0409482675155135,0.01840944535187994,0.011353981942523905,-0.015180955312108835,0.02468773179409789,-0.01078663694598947,-0.011806375942830627,0.03991930957999923,0.007719525864580801,0.001998758166360748,-0.001520958783849391,0.0028310704494018957,0.00405592926286702,0.014146892578934311,0.01375698413903903,-0.030576307659230584,0.00466183830434419,0.013351752677578155,0.013731063570161961,0.035866057019902975,0.011838620215843365
2024-02-07,0.01005047344215071,-0.009798550384826687,-0.00414072781899022,-0.020642373816693427,-0.012717607357110916,0.00022037568860500123,0.03844671017304302,0.0009271629062312936,-0.008629686390694613,0.018141987939290782,0.0031337736876171363,0.008377381996665711,0.014304057181532936,0.004874806714131985,0.01683057212764183,-0.000371059711216315,-0.010472841051871518,-0.0038491416606944995,-0.006119985131281869,-0.022971720806379214,0.01712747335302134,0.017688708603607273,-0.024462376157750376,-0.008906165739628658,0.002132352029258433
2024-02-08,0.005529874015297365,-0.018811770056097576,-0.032138158067876565,-0.0009741451125850897,0.0124162932288443,0.0069206365973535355,0.035986617017491396,-0.02529757003682165,-0.01743894029089399,-0.03105422930232138,-0.035088692340791594,-0.017538952748670233,0.002272558259562185,-0.00766112367052485,-0.019905486471807232,-0.003463275359957829,0.0006046979748879355,-0.02039517433371907,-0.01017342829665624,0.0307894021056756,-0.017291967730668212,-0.022378049778934095,-0.006638914759698578,-0.012823111162887146,-0.0031877981674914846
2024-02-09,0.007326965683905007,0.0003919788800252899,0.021631501354435034,-0.013444897269013767,-9.677628441961961e-05,-0.019174322920301634,0.03673797615147678,0.002291557552923651,-0.0032828133596962683,0.014962828583169996,0.007371210836982778,-0.0010284870972597782,0.029307215035375922,0.011974876829808467,0.011991143932069237,0.002937545134516384,-0.018132420797722815,-0.02342955335192043,-0.010061631861859044,-0.011585970253402134,0.007526526703387715,-0.005191285501531695,0.001374952876026514,0.003272931179938432,-0.00068172972414271
2024-02-12,-0.005750482688546277,-0.009689365376540526,-0.014445482789300024,0.006439729343466816,-0.003144891842035036,-0.0013836304888745765,-0.02392277193428005,-0.020818248607850642,-0.0075199035304019946,-0.004470319353581442,-0.018881409384260417,-0.0021568983424863353,-0.00022811883634199503,-0.0017680518796917566,-0.01282583562269457,-0.01588188300661597,-0.026931300732725427,0.00853366900675434,-0.003715961844789617,-0.009889918823978716,0.0007284957496738187,0.0018198894657783793,0.005911260385363271,0.02242839100267502,0.028858637804257903
2024-02-13,0.00877883789938716,0.00320149928521829,0.023792803117466788,0.002648627761835387,0.006989134951456366,-0.0007598272541364803,0.007840110862566974,-0.0002457410620834155,0.00665243914534841,0.022976979298670486,0.016144579846364637,0.007918016134502714,0.005050729614410665,-0.00705668405698423,0.005251818535281894,0.0035001887488479433,0.017080499795145032,-0.00825070023119645,-0.005155678145043807,-0.00018509585272530327,0.006026234370605232,-0.011185408044863898,0.0073171344018589934,0.020241335847398956,0.0002921625625484925
2024-02-14,0.01110852800051143,-0.007458149559033123,0.0028437230719078332,-0.010893091317759063,-0.011905212508957597,-0.001789227879439803,0.041979019974653475,0.0118008810109973,-0.0037633291495074994,0.024375510394389677,0.006792658091235193,0.02162677393326251,-0.014135514793456427,0.007191166266172777,0.006488817411569148,-0.0025271646081206356,0.020059161504668577,0.0062548127693895506,0.012570306483343563,0.012581021389492797,0.0016152120184991237,-0.0065568728344478355,-0.026760378884305824,0.005668445618398188,-0.012153985156274083
2024-02-15,-0.0072737286445034854,0.02167554892818302,-0.005915753938401935,0.006091609139130982,0.0007561711159715934,0.004346525593192263,0.024616696979521846,-0.01858828520745981,-0.0026291393920579997,-0.02247351204600323,-0.005546108194176225,0.005649198800160127,-0.0069062479952076705,0.010179653890942886,-0.004077272246098773,-0.01553631204782191,0.03429889320188928,0.06517606418963617,0.0024501104130951745,0.04644245452227147,0.01348948345730494,0.002707462816703421,0.005762033634346464,0.007774564757490943,-0.000910856841282004
2024-02-16,-0.006817009904393712,0.004137042787938361,0.006491965744730432,0.015092327777636472,0.0061170862790689284,-0.0006246036814152589,-0.009190031152647937,0.0017331847482169316,0.026194515992672196,-0.003217598393871257,-0.0022998889207644924,0.02616274321110712,3.320843547127694e-05,0.009207521880657987,-3.0395849653142015e-05,0.0103791152529491,-0.00442160204932962,0.039942235910245705,0.019607863091714917,-0.02520849853486573,-0.002867563771767334,0.010382892279342748,0.0016920339360044778,0.04725171958834529,0.010315649835721308
2024-02-19,0.00919165801293964,-0.001972010983429584,0.02003415610491799,-0.0011165139046577233,-0.005934719435780389,0.019821431868653816,0.006028896382004545,0.011492797397467891,-0.013848068145030035,-0.0054268017762731935,-0.0022187603016708968,0.009046178597998056,0.013344804456721482,0.0108470216879748,0.01414078547139308,0.005009972415986219,0.0029606666199137877,0.007082321538994574,-0.006392540868977004,0.006556238521928659,-0.00325797949695128,-0.001411888407611861,0.005719548829218324,-0.01298343839661431,0.015829914225800268
2024-02-20,-0.002018250245764741,0.026250764107825786,0.0047904150702111625,-0.008530698356875144,-0.01782492105213307,0.0015320615313307862,0.00111949518228327,-0.007696944881916745,0.005060059343009904,0.024130860889278294,0.017962355756732995,-0.0032132578834462855,0.005620466558721171,-0.002259805978343188,0.0075676104717656845,0.007100558517510347,0.020516766320350488,0.0027588946181125173,-0.006701676483920838,0.04179464453805393,0.004519398649588169,0.007750846609152262,0.008053421104162739,-0.007463346330811693,-0.00641248743779943
2024-02-21,-0.0022603421318484473,-0.010417344205750023,0.003051189245612207,-0.01762344558943041,-0.009712947940223482,-0.003540307606747506,0.014998060095001042,-0.006771781670425692,-0.017978714876269897,-0.004041830552003578,-0.0093047993454628,0.001694724197133901,0.0030545731983371294,-0.008232338160407027,-0.01105911670847426,0.0012479216869110132,-0.02776982161343522,0.0032368720287172525,-0.005721360616022686,-0.027092518633090812,-0.0032705581884163726,-0.001057185678318362,-0.01813651809499972,-0.019832663871623746,-0.0042111420168954306
2024-02-22,0.009572788452789194,-0.013619168901611745,0.010219183162325729,0.015583906628579003,0.02395093918591873,-0.003816111517934262,-0.007258535737809213,0.0275195051630599,0.020431405581377904,0.015402957799475647,-0.012227282426052866,0.016740992270511734,0.009491965331330565,-0.0011759392211189157,-0.002070725141874896,-0.007893262522927658,0.010264796098147011,0.027263162481855785,0.012214315017172517,0.008925185688917425,0.005196689523758513,-0.0007223348192908485,0.02429433593486685,0.018507766342954923,0.0023310495843811285
2024-02-23,0.008014184592298523,0.0007397313886878809,-0.0013172213505239228,-0.0026764389936646538,-0.008563615242045963,-0.00863020745896892,-0.0089438322922899,-0.00735905405559556,0.007194293949287056,-0.0037241368885395643,-0.0004349599818164185,-0.010482232781627965,0.0020538943938352983,0.010925339698782288,0.0034308009394907746,0.0025123500959429723,-0.005301101760436189,0.010259742345926082,0.00547034415491332,-0.00230007118163833,-0.010422748758856848,0.003985536379513377,-0.004404649831235896,0.00960364793159485,0.012288029320328908
2024-02-26,-0.004218038408665636,0.001196676765356175,-0.0066901669553215415,-0.009959070268748427,-0.012598364775229243,-0.013946284787221375,-0.00019748517990891834,-0.005347701464718968,0.024262474140664736,-0.010576363326824656,-0.010266749958457777,-0.005946769005641284,-0.0027542436523372293,-0.018811254747043704,-0.00815192070893267,0.0042396295189670585,-0.00044405688066850857,-7.762037729608373e-05,-0.00048003766213611243,0.020748363347346865,-0.039350942742075734,-0.007084482626798172,-0.018150958888441204,-0.006061726036293069,-0.00021735664209854288
2024-02-27,-0.001126091703419485,-0.0015116483869103137,0.005691633929525208,0.0020781235625382255,0.025830600615324162,0.015720081651207085,-0.011925331780767157,0.004765414748292729,0.010460704156595835,-0.005667023390298231,0.0002636901610979514,0.0029345165021132935,0.016570942545258927,0.008654351759516121,-0.013096018744119697,0.0004366866284675197,-0.004443212481826109,0.010778322165018617,0.027482873322377532,0.016330735587748446,-0.0031026839080318114,0.0021198058559750432,-0.0016945666960723749,-0.0027210007538871483,0.0013740273782172352
2024-02-28,-0.02021009316342781,-0.007569684636121066,-0.013205161974949142,0.004598301168581509,0.003545096917781043,0.0011086130664716976,-0.009801945675344537,-0.0069317778114119655,-0.010338178223469718,-0.004494683740326244,-0.013563762492248221,-0.030246194185892805,-0.005623188008341717,-0.016188455459165807,-0.00877779984706839,0.006755981232804631,-0.008330910400255687,-0.02509479109998769,-0.004830309556696388,-0.044273531423282164,-0.02280079303890814,-0.014686822995910731,-0.007870037901252402,-0.025872607090843824,-0.0033412279943193512
2024-02-29,0.003555305238528872,-0.004257064693109935,0.005735156235050942,0.0015857508629806283,-0.0057903830701326875,-0.004784087050508479,0.007542208366525527,-0.004898481704818769,0.002118141262027695,0.000837815542064968,0.0034747374747439164,0.012153944671576378,0.002605153594853693,0.008262078217046609,-0.0005155287385054663,-0.003819880735211556,0.006900751121711846,0.01617011976905336,-0.008193677172248504,0.011804905444029457,0.00985913234229674,0.008919102550543068,-0.009332441008072179,0.0017383372207568915,-0.0005912068619461364
2024-03-01,0.021443669898941753,0.019488318100628454,0.03297852151011993,-0.01147028154327423,-0.0001830864883467509,0.004762678859862479,0.02813789229845476,0.00787599677096118,0.04484480108551914,0.02246311433568593,0.0226404736562531,0.029464090837114876,-0.011850899909556123,0.03904103757250521,0.011716139133191472,-0.0010777564074814228,0.02353990894968172,0.02098420866058981,0.028625519063226967,0.017146791341400958,0.0034904767546595217,0.024574302932013348,-0.0016091319015130168,0.0009641375743365543,-0.03591083407060136
2024-03-04,0.010237097069856427,0.0013629182346182045,0.0050141267651548915,-0.010575901175459479,-0.003333937685541799,0.004252623396812982,0.0037703962020374515,-0.000976774204472508,0.0030135056985156616,0.006822618486935106,-0.000289419098450594,-0.0023061891315857563,-0.004585548387158744,-0.008895671671546923,0.004717384535351421,0.005104343083747631,0.03013108129112485,-0.026305723681023685,0.010026709136487622,0.024156953810106074,0.0,-0.015499987459557052,0.006486887471724767,0.0026970483752248864,0.0228544638456063
2024-03-05,-0.004776469739736444,0.005688507477972893,-0.003936263818329344,-0.018751531188014203,-0.016810684783504115,0.03123068772994353,0.01541358846907448,-0.007210902836467636,-0.008739209912172363,-0.005375911353185381,-0.0066580342062205755,0.006593752107803663,0.014238864375347271,0.004916447533821922,-0.04213588059881179,-0.009145374160001163,0.012434652643961597,0.009473980084201417,0.035149838523311994,0.0011880641636929923,-0.004008123110537554,-0.014035323960679968,-0.005898401859198765,-0.013832837019266297,-0.005019686546368529
2024-03-06,0.0018664767112457348,0.0012145420865774526,0.008317495085236715,0.006878425411906974,0.013010560103051905,0.021216479394002397,-6.37923342494684e-05,0.004185573772979456,0.008193575298986122,0.021983804659939654,0.025674603348223135,-0.008872636818752166,0.01893006925907592,0.015996817788211715,-0.0020557608436082564,0.00039589818264240684,-0.017585512780423307,0.016191879180828872,-0.0041589109934742075,-0.004406779999837851,0.002446615027905885,-0.020054195040214662,-0.0011787287234834576,-0.00029219568733274137,0.001800732722139653
2024-03-07,-0.01601793214046021,0.0024262258980238816,-0.008340119875751784,-0.0006801054298536391,0.010899759563743228,0.005026400889279747,0.0052939505635416495,0.013975729654188918,0.009540905011304224,-0.012044349222281037,-0.006648748399709081,-0.004927882032238151,0.0010600486617702298,-0.006258718177157618,0.017397596488010425,0.007809990212798379,0.0007101425157838293,-0.037094327764581436,0.0212746070418941,-0.0035750511426744236,0.015297187930367162,0.003329589263115773,0.013493334761508269,0.004579476811072736,0.001504362780067936
2024-03-11,-0.008333895107949685,-0.012654601131373178,-0.008502379635873858,-0.00980542794387984,0.0033467187878664095,-0.0025839995745917665,-0.018209468380545824,-0.010035020023297037,-0.009885873936163803,-0.0057131828937435625,-0.010526002138362522,-0.009947769053382682,-0.007535682634116081,-0.009704466051291716,0.0019779608048091646,-0.012275141229817321,-0.012066795695202304,-0.0016865072751170995,-0.010872782162945183,-0.02426119312923991,0.002194697871650053,0.0025587233580595115,0.0006598243559490236,-0.0018428454182222165,0.010009170123938649
2024-03-12,0.006017406118389745,0.02223701807115419,-0.0017148956169656948,0.007715886803536298,0.016956320298034955,0.006393150529540037,-0.01809482415528585,-0.012090853460234974,-0.005205246094515559,-0.0073297237421507955,-0.005376825031185528,0.010034649995477984,-0.00583583384032238,-0.0003599818964006296,0.0003574188394765976,-0.004895731788491897,-0.009196904996654931,0.0004224382761741641,-0.01118683257060027,-0.001400779245841699,-0.0002433699199154704,-0.00849683883186203,0.002560193415374501,-0.007190773816570628,-0.013354194740188174
2024-03-13,-0.029313565099640226,0.0005823272459013484,0.006593211754846395,-0.000961104543421909,-0.010316609635193652,-0.029478930997682617,-0.01638818729192093,0.04450495944070454,-0.022945299386768148,-0.015132103201834002,0.005347653583750667,-0.010404089407610173,-0.016221655305590166,-0.032837148255950965,0.003123185744016155,-0.027563430543998013,-0.06453946381039777,-0.021871727634501292,-0.042597046047577525,-0.07311946223965238,-0.005562982240962855,-0.002282730174243519,-0.011684672778742855,-0.012626026775922283,0.00026174831099323725
2024-03-14,-0.0004887609143089389,-0.0033895343010850176,-0.00032284959029726945,0.026002325376459856,0.014123613333281382,0.02211753638910441,-0.008297025295129434,-0.006628069451776075,0.019683199794757744,-0.020501840941186456,0.007429778886109739,0.001268622090141669,0.0074424988934285174,0.003985451555230224,-0.009092128036584768,0.00951321361028823,-0.0020154388212426655,0.019879236966607428,-0.005600144880902547,0.007756424976424592,0.011223149247208575,0.010778057522790263,0.012644871547478509,0.026863660621174068,-0.0014593113037001393
2024-03-15,-0.009256217833324754,-0.0019237562569377475,-0.0029991871308027163,-0.011673691082319748,0.002769026725726542,0.0212624921429847,-0.01234729378165278,-0.001310642566175746,-0.019691284780643303,-0.011197638045559954,-0.002352968277130829,0.006317688256308074,-0.014010942899019052,-0.001909282374717436,0.018272771924511266,-0.0029555657348240283,-0.017244095572733986,-0.04816067772615529,-0.022629796730469387,-0.0015016936720804175,-0.008540053818616555,-0.006599984395724401,-0.00862094740825814,-0.0018341283278262566,-0.0015411591330273255
2024-03-18,0.014983453782571932,-0.00454340256630148,0.0007868247959832431,-0.019185886357825366,-0.015820449092319167,0.004344279557630726,-0.0012979870414383532,-0.003937004255360366,0.0067992846574855825,0.014287169320228,-0.00023019387488643073,0.013910788683768383,0.014888230516171719,-0.014725329997688608,-0.0014890109183012257,-0.011921680393015555,0.0026872746985435736,0.03142549092215119,0.028122880217467117,-0.003948267051935961,-0.007340667884799701,-0.0022423619056715083,-0.00744812254367766,-0.013152785350606488,0.008934158439888984
2024-03-19,-0.009882018608837861,0.0022820255641522458,0.0025433087477069183,-0.025707550249783884,-0.042191378676833535,0.0024890967761930227,-0.009781808002503944,-0.018924363950441503,-0.016707894166623882,-0.009940202451829805,0.006760901576953193,-0.0033731572142611244,-0.014510819489473081,0.001033592976718234,0.01408220770981905,-0.014348193981406854,-0.01166629443436007,-0.006546218955246319,-0.015116523644635893,-0.022272479159301417,-0.011031091238957513,-0.016449282123550346,-0.016029693049515847,-0.03008630938973922,-0.03251037211961694
2024-03-20,0.012980164045918174,-0.012626399896278229,0.000507532945490663,-0.0041627692841750275,-0.0016092650978249967,0.0028087139004451256,0.017200853093219726,0.015016474530787471,0.002284574474370693,-0.01527409220885867,0.009001892384084442,0.029671497850349837,0.0005813398526310909,0.001981409446162763,0.008072814432591668,-0.011028090630944454,0.0006378728843943193,0.00027123924544536493,-0.018063166829191735,0.02181456246277902,0.003481200746858315,0.00331111411322782,0.009622823110046586,-0.002728008962678663,-0.005150757537674133
2024-03-21,0.005004333289521323,0.010272214714400318,-0.0024896531721619874,-0.00016083475966277572,0.0005163293844736572,-0.008929906885340344,0.010933785608483904,0.013350838707938184,0.01433171707866876,0.0008213915621824164,0.0038235472264747106,-0.002763630724183508,0.010229967986518984,0.010318912507511824,0.009963279173538675,0.00017864501930020538,0.03618691389779616,0.01162970107123007,0.02599821198912977,0.034385044535849785,-0.001327457288760936,0.012251500846344854,0.014593044327173565,0.014083026940035825,0.004079612603369531
2024-03-22,0.002791288774545597,-0.002005971621175884,0.007857354838963326,-0.02949117260243539,-0.015618115571651159,0.012532527118679804,0.003224545369927334,0.01744807165077611,0.016235987733457247,-0.002220876021923779,0.002398184772434364,0.036072066206005005,0.027919910524703218,0.02181907946569117,0.006723007664243497,0.006332469826856313,-0.0007690298037879018,0.006940526221984822,0.015441996168563232,0.007306098759880975,0.0072133148845621164,0.00843677034849688,-0.015669535670658985,-0.026675983305057716,0.012238624308132051
2024-03-26,-0.009243953128739935,-0.012094038729833945,-0.006053546205052385,-0.010736709328828198,-0.00854017200145607,-0.01860682054732088,-0.008905821671595149,-0.0022163560968337936,0.014456299136402784,0.007016375450572765,-0.012778662495910087,-0.007063851122028342,-0.006712652396598351,-0.0022931335528695307,0.022068002539860743,-0.007334134327575903,0.013394645330357502,-0.007903957045204524,0.006531945268935413,-0.020671012926860688,-0.009449228273154198,-0.008371396343408777,-0.006573438162084555,-0.01488402389831478,-0.011018637603316006
2024-03-27,0.03556884737295585,0.010733823622926408,4.6296943051027384e-05,-0.005895494804735502,-0.009439042932650632,0.00964479733589485,-0.009121088149125378,0.0008183832762220788,0.009890659313740002,0.011820506666387676,0.012487900176466837,0.02120724683629316,0.0037857599387223217,0.016548576172484397,0.016302268170572454,-0.00013401447814531675,0.0075966542549896765,0.009227763309302528,-0.007655629110553952,0.0007406503808100595,0.005631312955132417,0.0023695706445585607,-0.00043857393998714134,-0.0157341027016068,-0.014792599251030492
2024-03-28,-0.004689041202339594,0.004997599333016245,0.008811943827436997,0.00956971798433881,0.009216495959092574,0.003102459127111823,0.025978467007055972,0.0008177958932000795,0.015513756114565513,-0.005366270353195479,0.005575545216763178,0.0071940414524236385,0.010223472652809429,0.011278386266305951,0.03168273266487298,0.01100601083944408,0.012665752778744821,0.021369866589145525,0.014458717694692202,0.024606732044989643,0.0057409340471676895,0.013061893389104684,-0.004545995633672528,0.016514913653393082,0.01882833179194443
2024-04-01,-0.0007234527913171362,0.01560879925730152,0.00580817027930669,-0.001735577806462385,0.010435352414472687,-0.009156786090499192,0.00790859383512399,-0.0038519863396204723,0.019687050532992467,0.005634059882495324,0.002912383369316318,-0.0024404463749191363,0.005368491733215519,-0.01667632464875657,0.0007865661327095541,0.00951706592770063,0.019505688605097937,-0.002810556631415606,-0.0005540289929467646,0.011737091979283187,0.008518602140581422,0.021053139133883514,-0.0028443147764942722,0.010102131004739556,0.015013286961410577
2024-04-02,0.0014647607470079649,0.006562326584267142,-0.01677809242753492,-0.00842556149594309,-0.008412737441822804,-0.007475182763868604,0.010681800527635232,-0.001992079610306452,-0.007972895331466279,-0.005602495089668702,-0.018596025683285444,-0.001364333929757322,-0.004296358063319405,0.004694539447957391,-0.00600607416052934,0.00034997157463068085,0.007156231421331372,0.02922834968113408,0.01249695278789753,-0.0021417282907642,0.0011145394965701438,0.008413386143951707,-0.006227116517309561,-0.007732747994586231,-0.0020478730362488706
2024-04-03,-0.010323074649119857,0.0014526536207473129,-0.0036998210611376425,-0.0014836812482038608,0.016349939599253904,0.014442333723124756,0.006067280186280888,-0.0015264198842134258,-0.006552999405620041,0.015326601252820815,-0.014936930519226843,-0.009926443085097603,-0.001479612729590185,-0.011568241230829002,0.01413130566143983,-0.009402279719308293,0.018706661199807906,0.008798406671491454,0.004479107259484749,0.0019677186324085216,-0.0016873788981111026,-0.003611199209565874,0.014836566482723024,0.004156221484953315,-0.01814012347740357
2024-04-04,-0.005894959922180698,0.0305606388803219,0.001531907618153694,0.004086029470441677,0.014186963146238352,-0.015379018077539941,-0.015238916570310623,-0.005761939278297157,0.004071480745613476,-0.0002820712476755416,0.010397704199089475,0.011216842708128949,-0.0003086195880113163,0.018922571950721334,-0.0035366349742758096,-0.00011032306762459587,0.009679728966851986,0.0067359834128406515,0.0024277653474558125,-0.008747046908163414,0.01705962810882866,0.0003198167473235092,0.01920086080428396,0.00869201445150547,0.0029552833316599525
2024-04-05,-0.0019310927466680283,0.014368904588213605,0.004217580632366769,-0.005112033955131934,-0.00600762897504814,-0.013133306262416933,0.007177656656831566,0.011354164751070428,-0.014416082589898904,-0.0036221444315270857,0.0205814965781439,-0.011589756140690355,-0.006391429804263327,-0.00748137280480321,-0.014793921286946343,0.000883021762776437,-0.00028193096249773397,0.0052929027420911545,-0.004448458282885093,0.0027013246792140233,-0.011941914950811316,-0.018140646954535433,-0.012390022927386335,-0.00482148468003607,0.0059912383188212015
2024-04-08,0.017721365828398783,-0.0019037653994998793,0.0034612210091993223,-0.0016225836999027576,-0.0016836167330381846,0.011502889376546532,0.004642041584804968,0.0036253509186852106,0.01729849283211382,0.016004269253174108,0.0018204247486113267,0.035703949204283214,-0.005779978488163695,-0.0014782597278116816,0.00040423747493423257,0.0008822427232517693,0.025243405153216658,0.03218596551301944,0.006057086640053333,0.012033010639209252,0.002965267982536046,0.004086955209127385,0.0013852282571049646,-0.010617396689059144,-0.0007686569874985061
2024-04-09,-0.015023706655197921,0.0012608270930112297,0.018304754464640194,0.012290967439610778,-0.0065449348849103695,-0.00020755573625796941,-0.005336518132460277,-0.00640872934748038,-0.005935127910604354,0.00367072588149453,-0.004361405888030689,0.0017800145198740847,0.0017816327927722142,-0.01855211941050583,0.002096410306096308,-0.0021156292179148606,-0.001650846168821829,0.006159377006720312,-0.004638808460821764,-0.0019521211701192254,-0.01205060194248797,-0.009590512513626082,-0.010868342084539795,-0.008543475274715884,-0.0010771892660914606
2024-04-10,0.010880322529483566,-0.007878314137259257,0.0021228274302802497,0.007994120359654744,0.00965398535879114,0.0207149287280457,0.019432010983966963,0.024862175916583018,-0.008467138080562986,0.0072223762463063945,0.02546908205773124,-0.01592559854240838,0.0009360092227963523,0.008656489908867693,0.005094874876488964,-0.0014352050530096472,-0.0011023542570508527,-0.007030358316444829,0.004957869749680821,0.004800836249144735,0.013859968794935895,0.004985066588024001,0.011906555934324325,0.003152595810227421,-0.001621306608001416
2024-04-12,-0.008397700983963752,-0.011325650134338061,-0.004506992757774775,-0.014633602156540082,0.004203603724291405,-0.0031315281586232757,-0.01636597157812636,-0.01567684102120237,-0.019703152769041332,-0.01319200933820941,-0.0070649617731268766,-0.032816212166012715,-0.039930280967855114,-0.02476290846452245,-9.679625024894278e-05,-0.012649772613221866,-0.0020687823721460274,-0.0025287227760062425,0.004933410542787842,-0.02583608582917052,-0.014585315797464915,-0.01683671199507719,-0.019110754926797036,-0.013723037246184178,-0.012025109014878743
2024-04-15,-0.0015847512239508532,-0.01596498077857267,-0.023587489414490292,-0.011180325596047425,-0.015044670017912543,-0.00081599618417727,-0.011483695898532265,-0.009765228231626177,-0.02132224603531152,-0.0144393068868236,-0.008218155566074303,0.012741866337374841,3.255936272417159e-05,-0.0051667192643640725,-0.02120463986677068,-0.01713486406931186,-0.0016585642229395292,-0.008450202827004039,-0.019342182567249955,-0.004359650613773192,-0.0035383695559280115,-0.015156547322446756,-0.018798804619672205,-0.024216687724078145,-0.011998956319220322
2024-04-16,0.0006315330845154676,0.009734483233895697,-0.010478934226892167,-0.0365766922100903,-0.017355148477514293,-0.0066147724117276985,-0.00765676576641805,0.0,-0.01592707533858273,-0.005718611424037512,-0.0030864825983228927,0.0064277363735278925,-0.0016232986565812846,0.012581189695808126,-0.01724085881697135,0.012191933165795588,-0.005261084416486761,-0.010786659408057342,-0.006007185060806219,0.0007296605551194713,-0.0050624199316100515,-0.004465546307838353,-0.018830809044777852,-0.023946819635147665,0.006571398779956494
2024-04-18,-0.0009722404490967174,-0.009640636618370113,-0.010871083162678152,0.003393493325861252,-0.0027886413712111535,0.040527838238135105,-0.0091792294118056,-0.016553159257577055,0.0021166064966875453,-0.026523412857991535,-0.0032633688005841988,-0.007814265961961664,-0.013755697029570246,-0.033133031867051965,-0.008778625545203811,-0.002701729418766008,-0.022546974101194328,-0.0031261320728830366,-0.021605620937728776,0.02133114608708775,-0.00787984440472067,-0.008564294565173936,-0.013505627944862875,-0.008921631239633743,-0.015404096900096698
2024-04-19,0.003961000316043073,0.024486618230647794,0.011180114209954573,-0.005636756347907501,-0.009269736789678795,0.018368501430789053,0.007585889190466988,0.014086178022990614,-0.00918055594790812,0.004980386334394016,0.0033020043608886773,0.024663424997095396,0.004220532378814701,0.010765571148982467,0.032829423033126526,0.0075854517432556445,-0.0017086306489193515,0.028617931318078327,-0.00839030527625495,0.005533530911815632,0.0003027156263761821,-0.0020035956349224726,0.011867915136222651,0.018904080841422255,-0.002400418335363419
2024-04-22,0.006614921658523842,-0.012473167836969723,0.018177599916717524,0.015234668465816004,0.010035996232644395,0.006633104107588883,0.020854118980263348,0.0012949056518682944,0.02681643185015803,0.02414720876040377,0.009650538027237143,0.0058650025603117495,0.011360674635684465,0.009458150229236795,0.024257215928830345,0.004436135186229873,-0.021822742451762522,0.0037208693710619745,0.01074538763188837,0.00710087901076939,0.011856658405162479,0.021497220295687347,0.012063892531670062,0.020430587058650085,0.012325703151091272
2024-04-23,-0.013869624014868687,-0.0030419292725942793,0.0033128157218045295,0.0067354318273284974,0.0026134580906191918,0.03452647204679282,0.009006693000786603,0.009169951687042266,-0.0007058947172156049,0.0017080583270803196,0.0017127028380590215,0.016483471501155034,-0.03600418287712426,0.01007853595095165,-0.004429363015819421,0.009480274419959578,0.01239425317032894,-0.013416851378407757,0.013558713571550252,0.00599350787052888,0.011629756023794124,-0.003314001307503478,-0.006456592006463535,0.0002165222282377588,-0.01063805708336163
2024-04-24,-0.006270052120062264,0.00271964756371168,0.005961901257896862,-0.008076895349792945,-0.011265291679131373,-0.0044324367122882125,0.0001293919910358987,-0.0006989148787603927,0.0068419222401858715,0.007103963015303361,0.016408934461094482,-0.004016560947178838,0.0007408265584556428,-0.006399596400578078,0.009538645010131575,-0.0011047653907153565,0.012962664342606178,-0.002012099315385818,0.004965754736046879,0.01769761941748338,-0.0024870167218598027,0.013142951647638457,-0.012122675932666693,-0.004760890213931668,-0.00021843346538585884
2024-04-25,0.006757890722983495,-0.0006284386714442425,0.015500385476161727,0.005381749232835187,0.005520472618272931,0.0017210520747910074,0.051222346040117106,0.02016790914381761,0.004800693465697448,0.05995769046369004,-0.10872050858036497,-0.0016648105272071279,0.023153378360623922,-0.01070710556563137,-0.00467308288835544,-0.013007467996409283,0.021470233315770137,0.018654889144885445,0.00968077135297829,0.009986122363054406,-0.002196840566824232,0.002578073270127046,0.0038796058941417133,0.002391832358233481,0.04502749979154941
2024-04-26,-0.005085633263730904,-0.0006288338549566008,-0.005252506415941771,-0.00570047841179655,-0.008008383595789037,-0.00948683247799953,-0.014027347352195796,0.005599306067332943,-0.012895933722509967,0.002928139892320436,-0.02067028731542675,-0.016958822110996086,-0.008946517163108236,0.0038363541176684723,-0.0772731529089683,-0.003675786858187924,-0.008908772240851626,-0.024775305252316415,-0.0017477382293705768,-0.0035798153727647497,-0.006045902297050487,0.0017711034707981188,0.07430915388624171,0.007808993992581614,0.005362863929513351
2024-04-29,0.008588217363141082,0.013048153538086193,0.04716123808978501,0.0031462317505175363,0.012783486573822556,0.004864227539456367,0.031448915237377584,-0.004090955939908714,0.008071689299992801,0.02561270109198044,0.019832049975661237,-0.0010626878054891264,0.00998973382456425,0.005593029670271532,0.014172762416458484,0.0015523890318311917,0.019662965773938,0.008386712192234524,0.001100505275139163,0.004961453948822081,0.008455928271549285,0.027167520722096272,0.007468320765479763,-0.003551348125313547,0.00719757228004303
2024-04-30,0.001348149172575308,-0.006145903529752084,-0.008404091795239377,-0.009897120686541583,-0.012802969858505486,-0.007617427581668501,-0.0003024628853321998,-0.005819240951754456,-0.01100630742708908,0.005736425467846029,-0.010027922372461195,0.010059281321054048,-0.01281547149021145,-0.004327473728323428,0.014201755716156672,0.001953960391760212,0.0005510698304955763,0.04573131508463901,0.007295659430615942,0.027749397716157143,0.0026846159524558377,0.0007425646350125437,-0.01925037764835713,-0.0011880728411555186,-0.014737001544990691
2024-05-02,-0.0003067085032111283,0.00799288887338312,-0.009518433685932415,-0.004294146669012733,0.011163078664852444,-0.013801773355983205,0.004599076425209514,0.0076896692506556175,0.0014467160557225522,-0.013766203234822139,-0.029742211775777516,-0.0009480033547996092,0.011251099513793328,-0.005795203102678226,-0.0059000135167534,-0.0018605393792695546,0.016106752090386367,0.013355824222548218,0.01974401500056855,0.03892649719592889,0.03459786842233359,0.0011633479048558382,0.002690998080014717,-0.010813114539302005,0.013410074382268267
2024-05-03,-0.022195003295895632,-0.008255821644699624,0.0022819653583121546,0.0013080064378603318,-0.005151142482459403,-0.020436337738615418,0.0016866722842492354,-0.0058087160095625645,-0.027698223287567658,-0.007261874319132722,-0.018373513889807125,-0.024458477696576497,-0.005167955049293349,-0.009682070404231857,0.0070902769713878655,-0.004154890328505134,-0.011109543592985993,0.0035923849143679742,-0.014010537359133934,-0.008768981726456238,-0.015342475443366421,-0.01674274709821788,-0.01298444175074942,-0.0001092778869716815,0.009868841665291228
2024-05-06,-0.010094119657954703,0.002007143164551195,0.003721251151969751,0.006778214353488243,0.020203477485941423,0.004697052293560988,-0.028444316225301414,-0.003894915667930765,-0.010429119072099646,0.001883525428772348,0.050171429748667506,-0.004230608529248392,0.011911387681493357,-0.07180440403395061,-0.010337010683904024,0.017658586692762546,-0.022331983235629238,0.014569067851982975,0.0027629529133215147,-0.012867910934309501,0.0008190134166616847,-0.00401374402634691,0.00943661396049511,0.0028423995294919457,-0.008835259643530491
2024-05-07,-0.012715546989404691,-0.01083637004209359,-0.01256214519160026,0.010554579200079628,0.014766536563482813,0.0021428161264149814,-0.00730373364879211,0.012880853135510684,-0.010264812138833013,-0.013946614904592702,0.012066709120829078,-0.006049395861422613,-0.009024696542131783,-0.002820144654710033,0.0018514377792160364,0.054605091306241915,-0.021440569068921,-0.015034047819055929,-0.02720922871743814,-0.0378036272878749,-0.006530861137267752,-0.00966559451160054,0.023925483094575206,0.011446568215597974,-0.005696474475283209
2024-05-08,0.01218370953242398,-0.015602707334695265,-0.007862850609154592,-0.00947276174219902,-0.0005026159633977345,0.0019048430197692312,0.011098610552005894,0.001476077969935874,0.017241603841404496,0.0008424475510209195,0.0027069871823486302,0.014517875113892131,0.004223539416902566,-0.0033781456904735663,-0.010636575289315053,-0.016117496005644383,0.01804385237397388,-0.004152376179722417,0.023822815311629775,0.02286212165042878,-0.023927284921145264,-0.016834704631338404,-0.004216798335946237,-0.0015088801622078485,-0.0321608387724176
2024-05-09,-0.017218421926975425,-0.023707561259000087,-0.006500522639970252,0.008582479721052971,-0.004211808995812971,-0.010204950062176033,0.011100143159194609,-0.03605442663045633,-0.06062781366913317,-0.01151817782060438,-0.0031850043267545036,-0.003101180486618116,-0.01780848505831467,-0.004340715629819969,-0.028575741963837498,-0.006578299874115623,-0.026445324302473594,0.013815097892335482,0.01798244685705641,-0.019370969895863177,-0.04684691209838754,-0.007700115145672148,-0.013908309886648151,-0.015759913604110998,-0.02955574699244068
2024-05-10,0.009540091317467692,0.006932751683361271,0.001210015655068064,-0.01017670190791542,-0.0167415640837012,0.020149729299214325,-0.0029885814131571653,0.019407263970868227,-0.0012211901527819924,0.003988691231734176,-0.009220432711604776,0.013662932439260755,0.007961716731922586,0.013602610133716775,0.011960340351902854,0.01586656104993045,0.027308145278513773,-0.008813358824692252,0.01586909974919881,0.025662631889167953,0.02256364246607001,0.0048273839666863605,-0.0037034393462411774,-0.008883521132579286,0.0074267211524923216
2024-05-13,-0.0033572841312036195,0.012066211712099095,0.009802610430296399,-0.0010177585290730429,0.01384230605761605,-0.011681836080935426,-0.010460599425959782,-0.003461431512118085,0.006847103034025359,0.010624112536151253,0.00813898438009475,-0.00013029911865869437,0.01227983607235994,-0.011003596939308746,0.005176419304363966,-0.0008041886881874349,-0.012939454769434033,-0.004012596134163826,-0.08302675262979975,0.009218042227357115,0.038971535842787786,0.006300161903958212,-0.0018584981566890368,0.00022131313235829175,-0.002102662167937863
2024-05-14,0.012386827299672554,0.003916848593604971,-0.006604590203501792,0.0008782783288032725,-0.011804134709889835,-0.0012831206429696485,0.011622170881186777,-0.00497858587726141,0.02598786392983321,-0.008082998582013556,0.0031076839125248057,0.01107408895070372,0.013245387885748139,0.010834060462501016,-0.006407510258255256,-0.004680873587719403,0.013964187439599263,0.039212418789389636,0.00510545322220235,0.008807774670249513,-0.004549698900396915,0.011427817655943917,0.010657257535612086,0.009735623202501875,-0.006727479769626732
2024-05-15,-0.0026758565755491404,-0.015366691060426096,0.003391132920440798,-0.0033341199104232055,-0.005331777163391949,0.019933000727921923,0.002566571759566205,-0.00442160904027733,0.009424643627972795,0.004631025626802954,0.002733376411261146,-0.0036600955646239886,-0.01155150902377644,-0.006187437361012016,0.0006441854472694075,-0.011193476519852585,0.01559841141118179,0.014273812688792464,-0.017985822975336352,0.018108305100188016,-0.018299892099361337,-0.004818640779294281,-0.0007840054173310351,0.00427294215300722,0.0010563912251828622
2024-05-16,0.006407604267281597,0.01511988175404233,0.005959132575704906,0.023522048673075835,0.012602559114108347,0.026872339427990832,-0.01017911838692187,0.008531973823208805,0.014451942362490477,0.0099729196598497,0.012872466891058476,-0.021120259752463233,0.00582687975545948,0.019993490572113304,0.010052398754849756,0.008543951277633521,0.0002769721933528757,0.03016534271572735,-0.011506252771916858,-0.007463849046048909,0.0001244607743662307,0.009881203951054518,0.026245563064748012,0.013419239958147866,-0.0041873445356397365
2024-05-17,0.007261382286290585,0.002636598551020608,-0.0004863977868845293,-0.006226992615306792,-0.01713687331803193,-0.00048331735165196843,0.007266323272807629,0.011241199854582495,-0.002846298641419054,0.0017993075571132167,0.014652708355608723,0.011510147340934918,-0.003189490051811239,0.008173655052031714,-0.0029271791027907224,-0.009730381638966334,0.01106642009568426,0.06022993978632596,0.009931616465005622,0.0020801051742105336,-0.001474734788845189,0.01866813980642079,-0.0019495074137274582,-0.007428130378519415,-0.008691651440343562
2024-05-21,0.0002960990307985245,-0.003620009473082497,-0.008447651487809904,-0.007027698078072353,-0.003625366062498525,-0.0001114022589208119,0.015650929845745898,-0.0034380272590919247,-0.0028400336975569207,-0.003241684827013147,0.001001947910989065,-0.013305396671119074,0.006236005659351784,0.0047155964554119745,0.0022965377747647953,-0.004159089916421221,0.01792304762201602,0.003201326316416564,0.00592148954414351,0.039916822037724176,0.014911497673306684,-0.010206873986368104,0.014171833930247235,-0.00021699189380286477,-0.003405356905268886
2024-05-22,0.017077215786275746,0.0002741553257172846,-0.008787168497187303,0.014398988731852747,0.003088840144662486,0.0026777746938031477,0.0022032553062236726,0.011729490566850798,0.005783337896908103,-0.010240477901158562,0.0007655930382721721,0.004653843556267301,-0.0010706398058326627,0.002028501349013334,0.00025216098185487645,0.02432169303145293,0.004973245774841706,-0.0006343492785915172,-0.003994603395527818,0.0003070472577118011,0.011904871204253542,0.010771817066859812,0.004909780949465814,0.0008678701923952037,0.016081909720728094
2024-05-23,0.01738947961730397,0.022889315389068132,0.021060249711895906,0.01209784809687453,0.016035947312137866,0.01940058495029673,0.01630531213915254,0.003296212794314579,0.03598821824592213,0.03485797987005368,0.0055897727161078326,0.03220336437453031,-0.02871445161796371,0.02015449996274188,0.012172769409774409,0.006590900024628699,-0.004146106860014376,0.03496561031676593,0.015672843271896886,-0.0179584607694544,0.006237523883521501,0.027862870290058073,0.005336525626173261,0.009755073526908298,0.004248450332559051
2024-05-24,-0.0039030100181525196,0.016481356277241233,-0.002247698069776427,-0.004958092994651442,-0.011288108783110595,0.010516406915587417,-0.004206234367539863,-0.011668721056216746,0.011295819233318793,0.00750917947284413,-0.00327670503397981,0.005067603975246193,-0.005618309825197065,-0.011485916091828252,0.0015014889355928762,-0.0056452906068442665,0.0071179332267010675,-0.011286946770535877,-0.0018703686553730448,-0.0034386380387965154,-0.009987169992313083,0.005953539874137048,-0.011775665104076682,-0.004615765905680469,-0.005417376806732377
2024-05-27,-0.009457826453420637,0.006920644115276486,-0.0018992788642747671,0.004266100517410942,-0.0006364664630000849,-0.0029888922106825477,0.006155017336611834,-0.010774939340639222,0.00719820434628371,0.011073245221398631,0.004432226035254061,-0.007257434624134862,-0.013889760487059921,-0.002637460872198183,0.008571069923196006,0.006521669439940148,-0.01413542526880085,-0.011881027750849982,-0.002134213165268184,-0.0026661857173466696,-0.0008521980641065241,-0.000547313804356464,0.006014802399548547,-0.02415609343710068,0.001184884235283734
2024-05-28,-0.006854253936252164,0.0018327000548690187,-0.0025227202632134293,-0.0029225838042781227,-0.001858581183525776,-0.009607396489347497,-0.0030586063988439216,-0.0057937057999548625,0.0016977118417924597,-0.003032999513021273,-0.004295913787331518,-0.006779733977830937,-0.0007845123095945317,0.0017629086965091911,-0.003255685945497966,0.004801697169952268,-0.011497161731206074,0.0014514904900839731,-0.011424125353332593,-0.016197533367728667,0.01354310851385776,-0.004557198089202741,-0.010979948857510635,0.007956634446460997,0.01576790117025806
2024-05-29,-0.010592644620828318,-0.014504945080545228,-0.022139288154805814,-0.010974364827134986,-0.009440331762562648,0.004412693374716392,-0.010226837269015188,0.004545472726632971,-0.006396538350403547,-0.019984787833078888,-0.009274085533442666,-0.0023363966822649296,0.009591149209448036,-0.008505802835180876,-0.009653673939200469,-0.009411649807982592,-0.0021893584762567864,-0.007501582108150107,-0.0041686011823548474,0.015665165454374685,-0.003795653716624825,-0.01527662212715386,-0.021785378733637284,-0.011511899005580362,0.005942606055760802
2024-05-30,-0.01105306884443924,0.004342587096262562,0.01061702186360347,-0.016196364474939884,-0.017759237038563525,3.6405353589286094e-05,0.0038898103318742994,-0.016475305163327292,-2.7528714208302496e-05,0.007070531969589622,0.0013329535786164026,-0.014907777281619627,-0.013421609209981922,-0.03211158951624371,-0.027950283925808672,-0.009269403045903513,-0.013439388208305814,-0.01584663427351518,-0.02082442141386398,-0.03462407944906054,-0.005672159740296445,-0.015419015823389004,-0.035446285019323676,-0.03072315473755305,-0.021164026098150712
2024-05-31,0.003895159819125249,0.011024139532223032,0.006599743519312806,0.00532366538105844,-0.01743815146232186,-0.003194999542674437,0.0054489323286919245,0.006134242964437764,0.009519332657998758,-0.004965875647450213,-0.005739316575546494,-0.015772348474438425,0.0004797368867144325,-0.009153879034400236,0.012279954198186616,-0.009504962638226422,-0.0019460793962251532,0.005113324582234791,-0.0010282626909700054,0.010759792364966714,-0.0008668392895322397,0.0047270012402949035,-0.009993309262045447,0.002860786702401974,-0.01394338911401749
2024-06-03,0.055875984996647254,0.02654175873373954,0.03474408094374093,-0.0007108446312953376,0.008690065615143405,0.013367128382810733,0.09068470706739773,0.009145306227090755,0.062096252838135024,0.053134262921024744,0.02240540300552296,0.006197973452539918,-0.004623925905084092,0.005953327711143208,0.03252598550007901,0.011528319778898899,0.09136484240073273,0.05097246842607395,0.02973995026481746,0.08919344254949158,-0.005119479273925087,0.0559275064823368,0.01375727883734812,0.013464141996645695,-0.0014762243182486756
2024-06-04,-0.07485139657931561,-0.056640327834704185,-0.07633626236988356,-0.008713371371776413,0.0032813369815711813,-0.06570328481736576,-0.14404019893146525,-0.017420321505908443,-0.12674643454445889,-0.07570062913228293,-0.0466225302326726,-0.024053912748994044,-0.015966420746372334,-0.006822641404477081,-0.05870811929874031,0.05959495192831277,-0.15454291532295095,-0.023196662868477214,-0.0489767837042383,-0.12350056253010955,-0.0030698929599562996,-0.052697926619525326,-0.0048581146380638485,-0.013397891982744214,-0.009077832617603532
2024-06-05,0.016800579588873044,0.046286584690063304,0.034719394514274526,0.026154445392841286,0.008465570802465905,0.03435402331837456,0.018769273160395672,0.03636807682844334,0.001704292690899667,0.04707162788343178,0.048933071827203856,0.026818966930999943,0.04017892503313969,0.024297988931467396,0.050249097134383636,0.04264313013190635,0.029433786947064444,0.06531545785246151,0.02881961343900974,0.009629920569483863,0.036428402403146265,0.012078605574471935,0.022270656309427928,0.0304690840689974,0.016289069713394833
2024-06-06,0.007636714874355022,0.0050907998708780156,0.0015785090735211948,0.02947348213868972,0.022407754425567417,0.01952621336341087,0.034441332166824434,0.011852203811973272,0.02157527895364031,-0.011439335674539586,0.009661886146692611,0.013669279492989572,-0.009816367870088327,0.0012056492259120422,0.013040013566846032,-0.02042060022966785,0.02565976073917109,-0.0149948001173138,0.008925145101187137,0.005522080757484282,-0.01922838097062829,0.0016786358912732613,0.03990049728360967,0.021040972187226448,0.011469503285335803
2024-06-07,0.02678814369268001,0.00875165291931812,0.01017647562558599,0.041670904338408477,0.01659103802290529,0.039873041407945786,0.015912892039317894,0.008612768406655258,0.014342847464637876,0.013536082495773094,0.010952838872439807,0.010841469643853241,0.023188647115628847,0.03684912270495322,0.038349372275952254,0.011060508202320518,0.031022232090815782,0.05837360076885911,0.034372508170720684,0.029622305141278282,0.00788346819558794,0.040597068052511176,0.04565647122684546,0.05108452019970966,0.028917411949998417
2024-06-10,0.000986523838947706,-0.007658625922126627,0.001872128827091979,-0.022072326187110414,-0.009052460438860654,0.0005614002010452257,0.002229000110888668,-0.005123470598925484,0.0031847868551171388,0.01112239177819796,-0.004590267500771517,-0.007286802058572017,0.004147702510697737,-0.006344262724488181,-0.014259978798754958,-0.004829712425879484,0.01192452268079447,-0.017463148028838305,0.004791359567422271,0.02085008196614546,0.003364425353139966,0.034702724507143845,-0.027039773726289962,-0.01919299568699706,0.007399212275737366
2024-06-11,-0.01000748777380378,0.00224169497884974,-0.004982977582111969,-0.002667084611811088,-0.0017103758936179991,0.0008413641436846309,0.004508283258018775,-0.008926579257479306,0.015506100465009665,-0.004500009126256255,-0.014693722666581532,0.01148808179376215,-0.0088228410933201,-0.0033603821916164955,0.006947508675844594,-0.0035083434423992532,0.006851086783890903,0.009973184808359292,0.018521391118913932,0.002374889331941521,-0.002388809746597498,0.009910973892228503,0.006789155294430582,0.0016832609382169128,-0.01095599851941842
2024-06-12,0.0045651338338099645,0.005975118661678769,0.0012073102805323366,-0.0070533655664415384,-0.005308876843862387,0.007812321624964369,0.004248642695657834,-0.0016167475318372704,0.008781042236570613,-0.00560857005483506,-0.002470986417279053,-0.0011116466265655989,0.004734038629296222,-0.008326733503985828,0.011158434687244645,-0.010816116188764546,0.010615143917346304,-0.01692801107354769,0.0016209031040510524,0.02558838792234952,0.0011542676675933006,0.010175195864562836,0.01567307087436376,0.0017854982597720337,0.003443986495446527
2024-06-13,0.0013156074027589337,0.004192805957029755,-0.010897392627546743,0.005891474901685623,0.012135794024140667,-0.008794590191231855,0.005720556999694315,-0.004626315809149517,0.02020487270908089,-0.011154222251934298,0.006177991183201614,-0.00019464499885324393,0.002621409571551103,0.026579517744091286,0.010695795407078323,-0.016332528647649114,-0.0036358306051531564,0.026600399097201022,-0.0028826064246539884,-0.009856685351106509,0.0014452899448305079,0.011679623984041543,0.013388201512144038,0.011952232496741377,0.005907663844098021
2024-06-14,0.008394474272240382,0.010216631216784178,-0.0015351671577499282,-0.003380244078900918,-0.011886980570286032,0.001157306069259345,-0.0055694240997820055,0.0019753806203655078,-0.004279581831572732,0.0054484005642676525,-0.005300050608091356,-0.00012832618856251088,0.003441877837031093,0.016660906031799927,0.006388074912483388,0.006637172021119797,-0.00405459232699279,0.02337771566861413,0.007658447001912316,0.00015542760324938065,0.003986355410537268,0.006175172270342921,-0.01259929113076308,-0.01056779402902952,-0.0017388996482115004
2024-06-18,0.00235186640515872,0.006825686975135747,0.015556447017992081,0.006246131165788871,-0.0044233833978815085,0.0006654829809247254,0.006792219121384502,-0.005566497622891742,0.0003796591377691616,0.009186903316731998,0.0012811771163798724,-0.02212892262920041,0.003265191541009793,0.01669956431820796,-0.0009331562546971428,0.002621276431793218,0.0032567210984555395,0.01137060384552746,-0.007549879685918248,0.032037465580683655,-0.0010611002755549492,-0.011007093023287062,-7.300235712637271e-05,0.03005242515924933,-0.015447253575791908
2024-06-19,-0.015107785783289307,0.031129541791229842,0.01923674778419371,0.008777260671206433,-0.00351231523046458,-0.025203881961689323,0.009113373663173885,-0.011895051129736767,-0.026902811178040387,0.02915496701305953,0.015877548562027943,-0.025384197987802226,-0.011144296966938527,-0.0352883762267564,-0.013736102081319146,-0.011764751572552967,-0.01934261340622978,-0.00947021051621999,-0.008672316544244163,-0.013562403407100354,-0.009182846133801492,-0.011107007384258849,0.007146351633991133,0.007929206582603321,-0.005850136259293981
2024-06-20,0.010317713936087491,0.006936602286246041,0.01079126937898045,0.0026796956045893605,-0.0038009257434169497,-0.00804396840095245,-0.010379984123776831,-0.0008260929132949402,0.009124132079972869,0.010475764669172882,0.011192543765288665,-0.007564034706509237,-0.02194151180409909,-0.007624958105016955,-0.0037116583087037913,0.010256318505677875,-0.013379155517965535,-0.02135424360229965,0.0009209449920655199,-0.008402132409334628,0.008230543870710427,-0.008398842062907086,0.008652157549926542,-0.010791733406943615,0.002451117790093882
2024-06-21,-0.013232038129220913,-0.0021564187492032483,0.001599224377258679,0.01141615766459636,0.006204929949297222,0.025268909121729966,-0.008829595396912637,-0.00874085229889665,-0.01653928413992012,-0.001653951882774507,0.005322045323773006,0.004280006497962008,-0.002549373658422449,-0.010535641524485051,-0.005138752964698345,-0.016477136449165264,0.006011485552765539,-0.010883967830841557,-0.016815813725184037,0.004313836610233324,-0.008454820943023966,-0.022085250107183874,0.004809441380607904,0.00030590737626878806,0.006808234654474665
2024-06-24,-0.00875050909627828,0.003992140899659047,0.009882168578474682,-0.0036209918904728244,0.0015876475079705799,0.0026481293774811565,-0.004304630541632992,0.008817928509581074,-0.0009617925380271952,-0.007555876025568842,-0.0017457868602599458,-0.0014835261779886366,0.018572236524092123,0.0037061407865146556,-0.007344734301943601,0.00036855977954286523,0.008198997669454755,0.026708265743654147,-0.003898933751491418,0.021475531654095326,0.0017987262113412505,0.011592159069546915,0.0013572501767045164,0.0,0.00723612277453789
2024-06-25,0.008793131420791411,0.023289908110065705,0.0238013514068387,0.009691183042215501,0.005672242826316731,-0.0034159354234957195,0.011468686173173648,0.0,0.01591346017675299,0.035298418414684285,0.005274867773957137,-0.005482869368578225,0.007159553766633797,-0.0029012206073992797,-0.001044995625275047,-0.0040945941348273784,-0.00523770092073883,-0.002195011227213106,-0.0031835106625933696,-0.01666926277252101,-0.012983212356433071,0.005581376730864562,0.018584600302695042,0.012842703960738833,0.0038729237396002425
2024-06-26,0.04117521720062789,-0.005755713328143508,0.016737055861102856,-0.000810627413827314,0.004533142644265409,0.03148523476075371,0.0036805393027083966,0.0015354409701662242,0.004222621756676093,0.010971740826126286,0.0091194130451977,0.006738718776235553,0.010596571320230064,-0.008728986537822947,0.011838350154572463,0.005509381410395475,0.011639084712909309,-0.01990093530865733,-0.003298450315260215,-0.002138042537299878,0.0017141757035765703,0.02737345589508644,-0.010295844958390088,-0.0033208337334516003,-0.0013736932575383332
2024-06-27,0.010914635166324516,-0.0031442759121885766,0.0015598558337786006,0.02119169304783064,0.02030681373779597,0.01116821224446607,-0.0015968895369020686,0.0038920879344057635,-0.010699597856061116,0.0027617877177934513,0.01801853917225049,-0.001598608834898374,-0.0032213381385821638,0.005607258896162204,0.0011944904623759633,0.006767145405674357,0.033146207447711795,0.013133475599401478,0.021274393850757134,0.014845535253257491,0.006111828567497479,0.05147595466444921,0.013587689991482632,0.03150226202582651,0.027322667452811533
2024-06-28,0.02276964031814055,-0.007281138383671393,-0.016640617251649448,-0.004194857581027667,-0.007625573680492992,-0.021513835205905996,0.0058649522224591966,-0.0016447773713277325,-0.004474776580543516,-0.01838709328312793,-0.015323293883871658,-0.011897735456059877,0.0030339083536088385,0.006980982889833287,-0.007144080186959001,0.004427165653170029,0.0031817673278267122,-0.007719125794696247,0.01815658733240344,-0.0018096972062540129,0.012565720544710723,-0.004165058468115657,-0.0013267767194468094,0.007928734601083454,0.026692113841842113
2024-07-01,-0.0033538119265674737,0.01270923783935718,0.010211610323606735,0.015350257715039284,0.018967045551065986,0.00689038338107717,-0.008245497211171848,0.00976701385716483,-0.006171717554200762,-0.0026475525032794156,0.003106825854910511,0.006215829975973808,-0.0004931458225554408,0.008004734308581618,0.02265455070897171,0.012959615495068633,-0.022730271915715305,0.0032093681461429213,0.0124273488847082,-0.004078953347144365,0.0036851532652610874,0.020290775514918646,0.029188794715989008,0.02427900081478951,-0.0075987382926472335
2024-07-02,0.0032208997154759,0.014895657674093732,-0.017535197954844706,0.019015678857269736,0.009853684109400795,-0.02410586440613971,-0.018765935608866857,-0.00827420647985222,0.028342155132427216,-0.006735940205997659,-0.02129305085166522,-0.005454875362909561,0.0025985598748188288,-0.009267201137291736,-0.015274629145403673,-0.007963687080005055,0.0017578877412731675,-0.0037207864042996253,-0.020707559435812817,0.0036406081781781285,-0.0007514086037009315,-0.004258859694977191,3.382560686593372e-05,0.02057448488392377,0.002604858318137282
2024-07-03,-0.008146097436494082,0.02198662685196151,0.009239084401880815,0.003917047202521617,-0.012980938622724425,0.0006342026738621609,0.016703979873347707,0.006580575830083424,-0.0033502955668911483,0.021222316224285276,0.023225671289823557,0.00673048362835682,0.006495807609320892,-0.011589432090222007,0.013006568258765228,0.010140244030871326,0.006074586858642261,0.004467542187309492,-0.005757642863707613,0.0131500015895758,-1.721621624384273e-05,0.0015310159006609592,0.005196732880751176,0.0014864414526771785,0.00873588219125887
2024-07-04,0.0010306439714371507,-0.02346420080274736,0.026131854529188203,0.014286623992380232,0.014047004867506319,0.0022537882833728595,-0.0007739219104039297,0.0017511408266617234,-0.0113575890906783,0.0007031105111914293,0.012784913409606968,-0.0028087812227238773,0.015613373528999164,-0.007216718783026654,-0.020905595902097285,-0.005736373784188786,0.0008050255965317277,0.008634648163264647,0.023112790898002666,-0.00044771119382580604,0.0031960495433276392,-0.00943800550122642,-0.013954648042689866,-0.015398696089337194,0.008317886208204728
2024-07-05,0.02226477856019149,-0.04576909350840774,0.000324411723430007,-0.0019386265498450017,-0.002275580166824387,0.004673060998515499,0.024365552922213318,0.010721373792525135,0.015070126314618237,0.0048012923175979605,0.010279125609364392,0.0011952254253260186,0.006739768831397264,-0.019978936129457447,0.004354692144270311,0.020453254387268638,0.018367080452988738,-0.000381698460632407,-0.004558164650834029,0.01313447356533537,0.00034068450057977984,-0.0059437622577444005,0.0015076164992475771,0.008290777627476986,0.006273774840029667
2024-07-08,0.0077268379751467275,-0.007736160732784048,0.0013378024130352717,0.00861933055775932,-0.00463638656767551,0.00381202117423296,-0.004070959732811796,0.02294466862308675,0.001337161517270813,0.0006214897404754893,0.0002698095440640813,-0.006646423838653215,-0.007651038159201873,-0.03460935645418084,-0.005568740194477839,0.015763523994809514,-0.006187503024528196,-0.010154137980868616,0.009007152437387589,0.0,-0.012858031101460443,-0.009174498759302652,0.00427679499105782,0.011399777649661935,0.002170215172395018
2024-07-09,-0.00663697862976842,0.0007031424538310738,0.01068781679452413,-0.0027081147626055735,-0.0019283486712962095,0.00027867642409673543,0.005897780829865695,0.020288607653023316,0.009388805190016614,0.0012035369372869198,-0.0028868364572675054,0.06687679996919571,0.018632627473671004,0.018677493910570497,-0.004254501262335508,0.0011596346566447036,-0.0010599461985575376,0.02600526442483808,0.012317971018745544,0.005156120952181986,0.0023635823173551174,0.008365728052962096,-0.0012603482195855387,-0.00036948956777571595,0.007453077007548048
2024-07-10,-0.003804370034202087,-0.006355037019879384,-0.004045748035387042,-0.005370751854321565,-0.019156912395114634,0.00661765970559669,-0.01428070701929074,-0.0025407640571267764,-0.004377995347260022,0.001745104308155776,-0.009741041681364915,-0.004279845129047777,0.008294451289963867,0.003063621593026644,-0.0018534905014949699,0.007837376545868358,0.011537043208086573,-0.06614253362028122,-0.009310801559681114,0.014363080883826651,0.03148017506877587,-0.0038998540556012262,-0.0016375296793219585,-0.010074123035657356,0.0014736750832637924
2024-07-11,-0.00225658996090794,-0.0025826974814581183,-0.003820744254089403,0.0026999550821642515,0.0037220546070237948,-0.0049133773200397135,0.009069588006956453,0.015948501702282902,-0.007931322677886543,0.003948419968874184,0.008005987663002978,-0.0045095755790447445,-0.010509442268447744,0.0073178784437322175,-0.014833475159216958,-0.0006128476859353915,-0.01127412473583822,-0.012426769699825702,0.01521627477730525,-0.009391707973929297,0.00854362310498713,-0.006815958203548966,-0.001879225145652419,-0.002707414312657863,0.00033359304609881235
2024-07-12,0.010169922858401792,0.0004930943527785558,-0.004481366534927145,0.03572938657653957,0.0663279803850163,-0.0032683991268115387,0.00350171090354201,0.0008721355430432176,0.007801435789070332,0.016631301564409284,-0.006316014334659892,-0.01200922021637163,0.0003487784160176588,-0.005771706214186767,0.007769466761957222,0.005136331193674293,0.00013257333772553892,0.0021867046073986707,-0.003967397619561552,0.0008752489293779586,-0.007577844045076776,0.004097735952434123,0.030432853308032692,0.04877383710711358,0.01890908741201902
2024-07-15,0.00031312594239540914,-0.000369696626328353,-0.0023927431423015344,-0.002745687269626429,-0.003525623915318521,0.0030349624066396963,0.025183248080521414,0.009476069043687474,0.0006165125964732177,-0.007477493080898623,0.0058378611688159054,0.006483667771633339,0.005642517433037675,-0.0017493451175411012,0.008487546296970239,-0.0007436197109030873,0.02253748282351853,0.010022417148797036,0.00757300763967228,0.0021858268925554203,-0.014220622633924984,0.019939997683791733,-0.003986661793073054,-0.0008035646055362111,0.011206152849063677
2024-07-16,-0.013132167320425991,-0.0014487853300366726,0.008089714501488432,0.011130295650522815,0.0022186711802831827,0.020102958098981327,-0.000737568189638993,0.004639650037995269,-0.004121520565457448,-0.0026386771377086005,-0.020747986515192385,-0.00034809251985556955,-0.004350021912760127,0.003055022251455375,-0.0006582401431490803,0.026008432604090803,-0.013483796194327713,0.009410212204646884,-0.0032211633656467065,-0.004071419002572352,0.00607132567903923,-0.014784120941476186,0.011440509026189538,0.0,-0.01609233730730808
2024-07-18,0.006613799016347954,-0.0030559014023976427,0.008387968042895322,0.018539479277564386,0.032811284292581844,0.011694613461125325,0.014590750173858691,0.010095507929204217,0.005403517664546165,0.004141201409729955,0.011881734910821118,0.0003560969134630554,0.009466291374085944,0.008673378189417269,0.007210485770328345,0.018579496516125893,-0.007096858971605724,0.02274420556125034,0.0033296189656923936,-0.0035042865300751735,-0.014422791581817695,-0.0009820491792924546,0.015268449077539659,0.024120206871031558,0.0032275621512418695
2024-07-19,-0.01986854795816262,-0.004644594116136158,-0.001319819518258325,0.0198514340951077,-0.0007316069841704076,-0.014760945302652484,-0.004700433462745068,0.009144131545513634,-0.010311220387023257,-0.013021343263498908,-0.0017263033107788317,-0.009470859759460604,-0.016057678929402797,-0.0009503006611811804,-0.024992941160520976,-0.004163072558183711,-0.03467890307481214,-0.024880735084322092,-0.03372215873432838,-0.02652007037635762,0.004946250680233799,-0.03339417341727724,-0.013199991328020744,-0.027913561250425545,-0.00472448638755163
2024-07-22,-0.03502879093942579,0.02193118118801518,-0.006006406512967577,0.009983557507546648,-0.003498184424326811,0.0024970015745806595,-0.014111379422581005,-0.01685814049184664,0.009105934762828394,-0.0076216640732567065,-0.03516138920720624,0.009337770323862182,0.011920967374002611,-0.001396200684719573,-0.006931295551693695,0.0030436922889991447,0.0242698398782093,0.02016881701094242,0.013282854273816813,0.019265535246625554,-0.003988357648606611,0.02286313488510361,0.0027825117792068532,-0.09224702882726299,0.020328584153663565
2024-07-23,-0.008512851601945037,-0.014702720549230719,-0.011602232723895156,0.014385544261362293,0.003498696523779321,0.00020467143520597197,-0.014712540379715144,0.054978117698268214,-0.031056151611135396,-0.015009848243618618,0.006457796464263144,-0.0009651221633513174,0.008977292095909917,0.06526446760884386,-0.02282736742241509,0.011351551404702898,0.023962473856792066,0.005918468245444952,-0.0013457959191756075,-0.012847077724259082,-0.012677752987419466,0.0026137669253627482,-0.001437647016273913,-0.010379535517396787,0.013897674315000774
2024-07-24,0.005242268948590256,-0.00886676247847229,-0.0030568676102581405,-0.0016060397330992515,0.0009064700190890562,-0.007163830114543801,-0.013774771466586788,0.0037586376464984195,-0.0052570974613447286,-0.01899864098386539,-0.012832808332920997,-0.011228052782503162,0.011145100178817868,0.003331583672582461,-0.017830906193752605,-0.017821247790462125,0.026539469801165394,-0.0056178022294567365,0.025853408584675552,0.008676051379208571,0.005419309217524981,-0.008002763695152737,0.026717647640626563,-0.0008989813014387282,-0.0065331394373588925
2024-07-25,-0.002206367739850834,0.007823865144781506,-0.02052331108163863,-0.004961898494081685,0.0037735683257031916,-0.004157434025173878,-0.0041080643890607504,-0.008298771070301747,0.028328277826450643,-0.05111958521821924,0.01657889038286431,0.0017577899416436615,0.028620798015851046,-0.020871685341198654,0.0061447469175264224,-0.003625218065788527,-0.0011463008020891063,0.002102954347701136,0.06154525022594726,0.006822077819982564,-0.0039137837608791415,-0.0010391097371399427,-0.002152307491397054,0.013497313830636237,0.00484595431830015
2024-07-26,0.011139841643223125,0.0009588478080193585,0.007763553474412044,0.029618895381150923,0.015118566622368101,0.045026330066871845,0.01644087836475072,0.02500260723819836,0.01678570416932401,0.0012330865219349896,0.02180091910492199,0.012350925659669887,0.02908518758196421,0.025941057268900503,0.021360675811354257,0.0014221741656506026,0.010582692530006321,0.027175153356975956,0.02507004170128302,0.013993069047581796,0.01680206461459921,0.02023769386973484,0.007287619977736082,0.035414775382703656,0.0037135585700602824
2024-07-29,0.007339147452146255,-0.008095648987968107,0.0045560194822975575,-0.004151396049735467,-0.0015381791406163803,-0.02182380119678584,0.010609196699808532,-0.012246174285868605,0.025829486818168768,-0.006200314481312974,-0.010998731639181969,0.006937164639995608,0.005250055812305865,-0.023596603899137314,0.003343296425845299,0.00020273192278907892,-0.006056117743646672,0.01565197187684575,0.005096969526083406,-0.005374526903140775,0.001542313030043374,0.017197745774580442,-0.010252063789306765,-0.0007620722668625346,-0.005611597445163152
2024-07-30,-0.004572067977327232,0.006541931509411514,-0.002680006722714734,0.0032334629966708217,-0.0035950136939335575,-0.007425733568916737,0.0013768125796149722,-0.012397933065510292,0.0025695498162958685,-4.274002205972849e-05,-0.004348050474612397,0.009575316148973112,-0.012563506220135467,0.01657527669927772,0.0016366003482537472,-0.007449614273632665,0.03313038882244901,-0.003716222661335644,0.03367428341890499,0.021761074324929464,0.017040753671698772,0.0002245406347185508,0.008325919417231598,-0.00553021086621075,-0.005248449882314543
2024-07-31,-0.005105313731040506,0.00012369973209547247,0.004506267342689441,-0.004741305059195455,0.004581254144206737,0.014418480040281567,-0.0004582339040802852,0.011124813473953665,0.008019264538492,-0.003333341693597114,0.012205363478359876,0.018809667065281088,0.010431375013335353,-0.0026814469499727434,-0.002439932563867875,0.005294787246928667,0.022238533178058573,-0.004893815697111892,-0.004475535743115544,-0.004573769524499949,0.02642212032468616,0.006839434957332857,0.010630323414735798,0.0009587760398299672,-0.007884914908490304
2024-08-01,0.006559685357006018,0.014265820028954046,-0.003951041889694862,-0.008376815011341465,0.0026795661999421405,0.009352675405309041,-0.01117600688755771,-0.003331079848941765,-0.009357754519815575,0.005316981048588909,-0.008435179595558284,0.01854634552858947,-0.002413745898899089,0.002717635459694945,-0.005186089494083945,0.003658899987781794,0.01790870400382083,-0.02730591133750626,-0.010590931883515453,0.037047512376582326,0.004830806573641322,0.008185347832571743,-0.00640114458394192,-0.0008621034415633444,0.020361486921735228
2024-08-02,-0.010542560853573302,0.012417647935952125,-0.011197373955357692,-0.016949203631162035,-0.025937576981731603,-0.007771489730061698,-0.017156566685211705,-0.009317410431588069,-0.03005848522278809,-0.009767218807729128,0.0060245556020599444,-0.038359308618878596,0.009590848689891018,-0.001729849512796755,-0.006888876905112529,-0.008469567002580392,-0.008855881759371687,-0.0278426198777757,-0.04172494597299481,-0.007892572248550667,0.0023713693435105654,-0.01835703979251091,-0.023794909217405014,-0.03719681889847093,0.011062753759435662
2024-08-05,-0.03468226286875775,-0.026157996012066143,-0.020015927333215222,-0.03805171695188936,-0.029885164946545917,-0.018811169589740495,-0.04269620855670497,-0.006338127880943345,-0.03756449532299455,-0.023560387818257422,-0.016523786072145774,-0.04129611907767916,-0.006525635471126834,-0.024954246763213894,-0.01907814245145334,0.00867195680064703,-0.015368098537906216,-0.025712303979554152,-0.07313184048485977,-0.04312635580912516,-0.0042810161785155065,-0.029516833682691646,-0.034058518199878374,-0.034153095134287326,-0.021840280720938354
2024-08-06,0.006028488266833332,-0.00900514516341333,-0.004903535665176761,-0.0004567017667042039,0.0038867900996739646,-0.015112144776819991,-0.017187159569840738,0.0006173092815016101,0.013662138903972165,-0.006528413137813938,-0.0017479125175781096,-0.005716762045459345,-0.007440333579496694,-0.012100300175121537,-0.008845159319086138,0.01257416137406464,0.004234792765452022,-0.017170921460569866,-0.002656311982037751,-0.0059801349649523106,0.002699239711863921,-0.008053590827134638,0.018573931998909998,0.009278382011487452,-0.0006827191567965185
2024-08-07,0.006026472118986215,0.013927088046046254,0.004799134296519902,0.02315685288158753,0.007012440261801922,0.004318877138828725,0.013727017019721233,0.013057670612534045,0.017350844508468466,0.009501922414810515,0.003388810055679592,0.01981681495114551,0.015753497223374158,-0.0026535468998318823,0.015110818782255064,-0.0021817941919350936,0.011050204940401764,0.018192523848572728,0.011393373329138035,0.03316207303386287,-9.670749952594981e-05,0.019240114260010488,-0.00657280015819528,0.01613883700898655,0.017473624396662446
2024-08-08,-0.010717929475600685,0.011826243317269558,-0.006695362857484954,-0.027070029183930644,-0.006642235126227414,0.006970759000356264,-0.0007420349015845318,0.004262696813743583,-0.023280444340580964,0.0011875179079550158,-0.0021389661278967687,-0.012338822707940511,0.001499167296546755,-0.008944076881215013,-0.008279315870241888,-0.003954114456061308,-0.020658039426963093,0.0007832996507062262,0.016044031671071046,-0.02670057931365133,-0.030969331190501603,-0.024707256097714625,-0.004885872632734101,-0.020305526564105114,0.0017253054557240244
2024-08-09,0.01737261909430532,0.004565709777808014,0.00601069630631379,0.015833403177051064,0.01346902664230476,0.008472132399572674,0.02011013991787247,0.002324513350627111,0.010834265317663183,0.004041537999599276,-0.0017487136923729496,0.0004378602749184335,-0.0010074687253434078,0.010678031963518686,0.005469340741815154,0.005122331479868292,0.007235663918585322,0.02467437031456332,0.025293934832409715,0.009776615367905084,0.0117121963514637,0.0037617486167460523,0.027447256781638174,0.008208455954966887,0.01083841838914168
2024-08-12,-0.009275608270023716,0.005999177967204172,0.009641904903886944,0.015050140979104842,-0.007827321795585429,-0.003756564858228395,-0.014193924815942949,-0.002621649923303937,-0.005595700329812381,0.018858133450086578,0.0016387563852999776,0.004012506263041393,-0.000835734709257574,-0.0032565704551640318,-0.0015185439754090702,0.0005458987850746055,-0.0238644920837644,-0.011458132532273013,0.007536802436658441,-0.014017255780072735,0.0041439747699156815,0.00022132180945400037,0.0038495390140786956,-0.004579668689132399,-0.018100840387977102
2024-08-13,0.002053901312930373,-0.034274942732290814,-0.003794354912067588,2.7744526091666444e-05,0.00030984081873142166,0.0007541117891898264,-0.01852076030238503,-0.00930038706134062,-0.005641190183084954,-0.004036877873338951,-0.01156518988522004,-0.0079033360271632,0.0036047540760009156,0.018880692483174588,-0.02165502704949851,-0.002655713972727347,-0.011600490449898637,0.0001472362547085826,-0.021093789653883643,-0.012311308220429806,-0.009711091932094962,-0.0028001571800152503,-0.006016597135832247,0.0029649084275817916,0.008981288578221225
2024-08-14,-0.0012127812353841527,0.002869207368422666,-0.005734604528247034,0.014353781445091363,0.02342176954657793,0.008220839743790176,0.006833487601916044,0.004489816598279628,-0.0018582317354034483,-0.005605325254056326,-0.002368714935463867,0.0024145279461527114,0.000890806310112735,0.005497142187473214,-0.0010130879494144596,-0.007058402391687202,0.00037858041904614836,0.01000720610333894,0.008448482147392022,-0.010238848780962151,0.0007606824799666345,-0.02383066929831612,0.013968344737872895,0.00948018834574782,-0.0212064076646451
2024-08-16,0.011184353027407612,0.01511381650716781,0.022037554044968433,0.019580299241674703,0.028124075421387618,0.008052009843481533,0.0113324480766821,0.021231181923944353,0.006530061697955114,0.011924368265192387,0.01682016115038487,0.0006267862960156467,0.0006315833209173949,0.012521487829791456,0.020500054532617273,0.009624971680414873,0.004289170371319484,0.034677963101545695,0.03388720383621746,0.023733904575946374,0.007369731813553271,0.026639153571286878,0.039950238868782906,0.04261335959629342,-0.0010953536628137694
2024-08-19,0.010317737644652603,-0.0003369752812102389,-0.009559813904657655,0.003147083779674986,0.01674575036685555,-0.009369397798110413,0.0019702495748321613,-0.0023873767224922293,-0.0037272580394017707,-0.011655281556834596,0.002278752787093996,-0.0051993206244996815,0.002897727678093709,0.005835029318142837,0.0038614436506163585,-0.0020738449686699134,0.012686814486602138,-0.026509898738457327,-0.009696426902289446,0.005020706178766821,0.009235141243769673,0.0017396093740220664,0.005897942708019466,0.00677961993716214,0.017332516770637074
2024-08-20,0.005072557760318563,0.00376941363648986,0.003018894437119668,0.003968085118977394,0.007416311179095025,-0.013948918533495225,0.00811102558266441,-0.005284628832087801,0.004964729374899557,0.01278996378636621,0.013641345367646718,0.005362226644857637,0.010613343448257817,0.0029004832744305986,0.015998244291027364,0.003099257877323014,0.007814501073610813,0.0022242072096654297,-0.000735351267473705,0.0005876812275711352,0.008744311856869524,0.0030357284339119772,0.021289846454305428,0.009427641381044127,0.007813234346499609
2024-08-21,0.001821661683359288,-0.0072662332376471905,-0.0039001190061123125,0.0002670541657294745,0.00623455029335207,0.009867811916563385,-0.005790543968526518,0.013231679124698026,0.006535654106560429,0.005479382362236329,0.004042880089332623,0.0004913012577851816,-0.0009624597071624663,0.02460507662821021,0.001956020245177159,0.014594317002072588,0.006646263433728761,-0.0006855861523801243,-0.0015642996127170905,-0.01130710185199324,0.015580710253412011,-0.013110415102768447,-0.014705795470676297,0.003240203527558938,0.013940360364469662
2024-08-22,-0.0003670710938989963,0.0033829651629315727,0.013831623892006206,0.0040317186741201105,-0.010875483085693194,0.015647935628915866,0.00582426965806615,-0.0016817806259742385,0.0029060017953026485,-0.0037892519590191354,0.004715961467055552,0.004533106287770705,-0.007933550892166852,0.012358190734268915,0.0012249882184443006,0.0005732525129524824,-0.013693617621258425,-0.013161778499114929,-0.015434825879752867,-0.007871516983789295,0.011121504621657285,0.009686655344156359,0.004112969186317761,-0.013964046106412886,-0.013224706049570933
2024-08-23,0.001234922923336823,-0.003831359433338788,0.010410515495483663,-0.009652976059740803,-0.008462964577869214,0.013724942663194906,-0.0060344018936232535,0.0024775455819932013,-0.002204336547479091,-0.0034188673739892206,-0.001921350802867705,0.0021138300786642805,0.014337532327682645,-0.009543946177490104,-0.0011491803179551896,0.008163872482766621,-0.003470914150134008,0.009531883869913438,0.015630203047985347,0.006736436800730106,-0.010026396992456443,0.002864861006492081,-0.007975248477541719,-0.01271667887854433,-0.0020878726528950065
2024-08-26,0.008416767308946804,0.009168993148214177,0.008142930325228726,0.007545272857612195,0.008635862453030496,0.0045130948242930735,-0.0003679298562290212,-0.0001978280115898512,0.012046432470507407,0.0037309332093953262,-0.003025366378080263,-0.004755182616583142,-0.0018584347710891569,0.01686279227183718,0.00630950882663428,0.0019711726157718434,0.032093439410502134,0.012359602314307772,0.00668095980224348,0.0059479836969162925,0.005293900936385931,-0.00041450066198089885,0.026120023401677184,0.014832018199744557,-0.001610510053511205
2024-08-27,-0.008032478302011592,-0.0013415256919463436,0.010755776296620612,0.012765445817735088,-0.0011772074887438366,0.00607837356650287,0.001042994192765212,-0.010084969324131388,0.016694650503794373,0.009356497863977964,-0.005048262991596331,0.020671697852008286,0.009563133721757655,-0.021748081374101558,0.012576724418159602,-0.019229806181567555,-0.01253467990016821,-0.004403810385338991,-0.013868491949517558,-0.008573455964787091,-0.001623985962093899,-0.0032415752390957397,-0.009480877672070953,-0.00548069298886944,0.0028300608547655592
2024-08-28,-0.0014329035251872124,-0.00039686263499894014,-0.0020385412044174878,0.0205252528621509,0.0019788942103233786,0.022065299456700105,-0.007966723594030833,-0.006592085362528977,-0.0036865015430983528,-0.008719620133802786,-0.006682009446493109,-0.011154845748638231,0.012545985723015907,-0.006687791762015283,0.005303349617584496,-0.0009215674894131887,-0.0014646804255246115,0.0061853260106981,-0.0025063320926322907,-0.0026838435235900793,-0.01285457114639088,-0.005800601473520461,0.0016926459419916995,0.033742581479330624,0.005220437818315604
2024-08-29,0.015100440192906905,0.0008856899877620616,-0.0015932757055203695,-0.0029652342425218192,0.001276223702816992,0.006136255594722417,0.006300943649768964,0.01568471890292078,-0.001518017401554328,0.0038004165254841293,-0.007843420340542528,0.0077928945448366704,-0.006981830469179995,0.001615804236959173,0.023702998052115065,0.007560514866181478,0.0020779225264146994,-0.014438838184275604,0.043832325616645074,-0.0034385410575539233,-0.0030873990003688068,-0.001139307778587284,0.012289917342799273,0.007669311427432213,-0.00973668112294257
2024-08-30,-0.00742968766443719,-0.001006946387300589,0.005974141023067814,0.005353376016327349,0.00929796518772874,0.0147837486538267,0.00135053583705802,-0.00633538944335954,0.005755430285628194,-0.0001276364547606601,0.0019974303254317594,-0.004079035781590079,0.012477858419936982,0.009042737568556447,0.019338723327946283,-0.0026029825735552903,0.015369648373072753,0.017333834746488863,-0.009183003646041299,0.01230122076345852,0.003514209967363513,0.007119948742374094,-0.006586313733828786,-0.0005568369801367545,0.014456471711269625
2024-09-02,0.004388480741684075,-0.006078731469999377,0.0006101545418719656,0.010701252865780608,-0.007181030998463345,-0.011138804517078937,0.00803089259166856,0.01623826434131459,-0.005816929463735687,0.011529529607426703,-0.00030892523235992453,0.0019672425813803684,-0.0031290540972664926,0.006283119600546394,0.03331874736167406,0.003977776842767788,-0.014896636394933216,-0.010123333583609506,-0.01682627541411663,-0.0054829927649071575,0.00772350193225102,0.010883119616447168,0.0062023683156737786,-0.011051330077375576,-0.022641357832702824
2024-09-03,-0.004699072739482779,0.006392417964909969,0.014431552320012475,-0.011835032216272912,-0.0019241423837463856,-0.006841137472065384,0.003223230014300915,-0.0012744259639346778,0.0019140650202456033,0.00235527987924522,0.001994150526173355,-0.0024382594689646986,-0.0024505606861762175,0.009365661551070437,-0.01159263795610399,0.001882249530530844,-0.008780502090648068,0.0028268949316936354,-0.006909935541807188,-0.002682243951733554,0.0012378045547598582,0.0031422309110942237,-0.001548693390135858,0.006761097339765154,-0.0026629208642269253
2024-09-04,0.0035947909186186955,0.0027178828534422106,-0.009096747894731583,-0.00968453788704915,-0.0073355508133153835,0.0008330094074155969,-0.010063045614759902,-0.00598740107709772,-0.010663479865629433,-0.011664998928762271,0.0,-0.00490838380585612,0.011785766890939797,-0.0037142720288707576,-0.0073839946957576785,0.016802117108039916,-0.003198707845583071,-0.01265788647426258,-0.004285278728453856,-0.005229296175707665,0.024343348825357713,0.010439981590142589,0.0007299552354753658,-0.03152683494164732,-0.00972460875515102
2024-09-05,-0.014245144871990911,0.0022230919201513544,-0.0003234802947924553,0.005565780619088967,-0.000736500147077046,-0.00941163552344182,0.002755703710500379,0.009578261630433405,-0.007299794427472861,0.0024200450745075486,-0.0032795663687327226,-0.003051936999213911,-0.003464519389599907,0.03191796094634003,-0.007479978265611753,-0.0009854530530756245,-0.0045668675797814196,-0.00963768790999675,-0.010458558829551379,-0.00495626665651594,0.002042430803600226,-0.0032641220646909552,-0.0035251746880651247,0.010979396103087291,-0.013473786823687828
2024-09-06,-0.01885502353919355,-0.005165797598507216,-0.022492868885859996,-0.01619117490277877,-0.004289808540258067,-0.005138255509770651,-0.04427479355925312,-0.018583637568518552,-0.01363074309873813,-0.01846611240469287,-0.007761762603504141,-0.009143304555957132,-0.0010675231903110038,-0.007346575360816954,0.00997256159653781,0.0001761761188256994,-0.02095477122484546,-0.009180697120374504,-0.018519402259981055,-0.004377510768933446,0.01094717120371369,-0.009512626147007208,-0.009911625083649067,-0.008097611244520575,-0.004271319486832348
2024-09-09,-0.0016214031264586426,0.005834073973000065,0.022224036183391416,-0.0037856950151885504,-0.0016154614483846474,0.002208821130186278,0.002236426486936116,0.020031926233690767,0.0009930702255245283,0.01044236796940834,0.014738060158834942,-0.003315264107586091,-0.001479924524326326,-0.002963038012114616,0.004140987807738972,0.029183338393327762,-0.012537943498178938,0.003984274526441789,-0.010149266338549623,-0.003790169008375921,0.0021535238418182168,0.005379277292060891,-0.027136819366728737,-0.011044892383991978,-0.0016873388857907567
2024-09-10,-0.0006324396587149561,0.0023383498153908278,0.0018624467278662848,0.009315650937877784,0.013102406489971852,0.02281783768602863,-0.002040216280382756,0.0036150491994610956,0.0049883789691049785,0.013964140455729579,0.0008100377664295166,0.009686552013038474,0.007959090077719555,0.011629597189490637,-0.014372381453754635,-0.007940402109393285,0.016544772524200946,-0.006958741828190229,-0.002791772261467651,0.017044551004891773,0.004358822334383339,0.004062862389457633,0.01785702376515097,0.02117135266571757,-0.0008264290122180773
2024-09-11,-0.0068593037362743026,-0.003908301608769871,-0.0007678762831900832,-0.0011243206946177642,-0.006322256588691011,-3.16764045937834e-05,-0.01795188093509259,0.0014601729297327726,-0.01646199590508557,-0.0009264915086888426,-0.0013117012946014528,-0.0016961343795023343,0.00509157440209429,-0.004372970499684992,0.014319592199337983,0.0019147290722356658,-0.01678019863003377,-0.013289936766137878,-0.057443630559603,-0.00284303340131542,0.02197232739887789,-0.004644231725866144,-0.002986162426172001,-0.021683382211306945,-0.005698888272977043
2024-09-12,0.01949710400793836,0.013808620248827896,0.012779679016041934,0.021097806888130677,0.008561373011071849,0.04370005081024653,0.024915545032959452,0.010012770753443645,0.024046119202571603,0.014543407094274041,0.021349705991247747,0.012926188409341455,0.010673379994383003,0.014321810901624321,0.011265247960875024,0.01799146046967426,0.039009394553103593,0.03264569651710536,0.010089156453545023,0.015006073225073635,0.0046919830073888225,0.01939497361730469,0.02536501945285674,0.030524002807546635,0.010790161454676594
2024-09-13,-0.004848599618861527,-0.0003899926732994219,-0.001437689457095881,-0.0032556538163430737,0.001084819506974366,-0.007469238136044942,0.003935175015838732,-0.010875902127669757,-0.0024848091395910377,0.011717327104142639,-0.0038852058459045713,-0.006838221874173378,-0.0062452417665814774,0.000730591580770712,0.022912352176058803,-0.007931960833456264,-0.008521704927808793,-0.0006566253286982571,0.006033526360690322,-0.0028089874147025906,-0.007448485576551089,0.0006575944494540131,0.007789478048632947,0.03876984120081772,-0.00346362678614498
2024-09-16,-0.0008658534199453838,0.003001201159895661,0.009997259774380707,0.003163483521870125,-0.0020675810336161504,0.0006118181798078215,-0.006701596159305323,-0.005351764273440196,0.013631279837578836,0.011170961986631811,0.006015432635846807,-0.0021963096008035254,0.004962893828627912,-0.00699496720281656,-0.03326302330103037,-0.022451642147080064,0.024165449540179296,0.00668087913959603,-0.0037294280521761314,0.002965076817321055,-0.006625745825216578,-0.006426052895275314,-0.004257128989257453,0.002361188455885621,-0.0020417085391227774
2024-09-17,0.0006457687627332565,-0.0012866060650673639,0.004157273868790279,0.0011792192129163048,-0.0016838559322674973,0.01608121574869026,-0.0033734052795176828,-0.006554479277652958,0.008997221808902056,0.0008527682589840602,0.008381878123295827,-0.0035193963948783047,0.0016908895126674928,0.007151165425459682,0.002688589681915765,0.002232130196309745,0.012648863388323717,0.01097056292407883,-0.013607801199800984,-0.003991058446028872,-0.006895006238865742,0.00025770887166243206,0.0015463287131660675,0.0,-0.0023244854041063467
2024-09-18,-0.006011048005007624,0.015580121039799222,0.01596871465840577,-0.03093379149151465,-0.03539991319230795,-0.004122137312970731,0.012581385259060163,-0.0007877990494130627,0.009539391351196969,0.0067771350361993665,-0.0037635175796281173,-0.003401228998689221,-0.01612991454950452,-0.01116151837028967,0.03605992507603806,0.0008178747142213449,-0.005164452017222487,0.007371786808574976,-0.013231516231589135,-0.0077174402286569466,-0.011516040581093345,-0.0012665986508902938,-0.027943360950181684,-0.024913927429906835,-0.00962793443169363
2024-09-19,0.0042536826716885745,0.008083479095088997,0.002833101221360934,0.0010833088827004733,-0.011504578184109437,0.006012376175357881,-0.003532016454706466,0.001773928430046201,-0.012532033946228038,0.0018138510921104078,0.01753000203460009,0.012077932677393877,0.005473881870067032,0.014924726451568393,-0.005339994926397584,0.012483226683001947,0.023662967271335766,-0.003810264991682688,0.0051452679445318505,0.001794784046152298,0.005863326761586851,-0.00029237086213540486,-0.006260157347055206,-0.008919537180422266,-0.009934887678068383
2024-09-20,0.011056847089535138,0.019139563602785792,0.0359520148213921,0.006097576443208075,-0.002618616872881785,0.0281707908237272,-0.010443687206268537,0.01210033396258714,0.029915602879276193,0.001850808374575852,0.017388302431077696,0.021293025383888775,0.01067142371052121,0.004297910207439193,-0.00104076366410355,0.02261528164054627,0.0,0.054816908940820364,0.003981375486727723,0.01776646914395208,0.003977065540771374,0.014689399435544592,0.01673613329768986,0.010780919167708403,0.007473914730546483
2024-09-23,0.005013723772059109,0.010682288151857122,-0.012365074575074853,-0.004879897631997143,-0.0038273272440839667,0.0226084132591986,0.025777092063660856,0.004957268293830808,-0.0016341911858743785,0.0014458170201792075,0.015857174067578583,0.005438087669858316,-0.0016347058242576207,0.006030752301265929,0.001668342098383624,0.017111156681012707,0.010378565348173163,0.033532666264556754,0.0009785779279465334,0.0008802425023290983,-0.008920546671041918,0.013879050563806228,-0.009185952062468528,-0.007790666872459995,0.015768387874300238
2024-09-24,-0.0026785427929117978,0.004688054088072047,-0.002496375600832934,0.0011335804831871243,0.000655955174159617,0.00354192599943004,-0.004489571234366885,-0.0032884768217559257,0.0010296680920021117,-0.005814929588514484,-0.010337487179483129,0.004375946687110055,0.0028990280369540766,-0.009214452742141721,-0.0053849934310596925,-0.025755081856573492,-0.0005836347817849141,0.008033345420561666,0.005659549435788724,0.02608813255837772,-0.008863592427971523,-0.016752897094220676,0.018635513710200335,0.008693027129382802,-0.000616218091044729
2024-09-25,0.0030717162285438526,0.006249811497701208,0.003981505688759102,-0.0017380491168166312,0.00080773252702393,0.0021348398873632934,-0.006451604194574911,0.00446379086010662,0.0005934484420748731,0.02303247298455391,-0.00874815359116432,0.003665994825905239,0.0013114440733730248,-0.012589476370812425,0.00922659518908664,-0.0005422068317544326,0.018687144534750955,0.005448404569722509,-0.014018184083839036,0.039137367291666836,-0.0011236046477532957,0.0046463933198888085,-0.020982187355424897,-0.006208685959957716,0.006180201105396632
2024-09-26,0.00267751209611089,0.0024449943429418752,0.00392795368877108,0.0026117498251045923,0.004152447933494896,0.00607807271158034,0.011032600551833749,0.010047330289066236,-0.00835568840706602,0.007097399050562503,0.002292006848849004,0.046811636958354885,0.014888699508247782,0.005431854772415257,0.018953690414276414,0.012597810229607376,-0.003439577774564606,0.029132455395448176,0.030666256470033737,0.004673480730199131,0.009954525740109466,0.021047150073371546,0.002620432101554826,0.01063027423893148,0.007913055141513636
2024-09-27,0.01884245948180774,-0.017269752152090256,-0.016891813690790847,0.0034206621718009256,0.003773901164879634,-0.0206086237663472,0.0009977176280469013,-9.56409813843706e-05,-0.015018024830919297,-0.003093054437930398,-0.0156916184776964,0.008353290319562445,0.026495914359858208,0.015741610088815916,-0.0015964324415815856,-0.006647541511607735,0.005292340459670086,0.0008015411980684117,-0.00015099685737796076,-0.030647166341169263,0.010283645986738588,-0.009341073786287568,0.0014313578545135375,-0.00018453652015393285,0.000815401361776269
2024-09-30,-0.03249960872518631,-0.011753666975321542,-0.02571549308638421,-0.01633675234631471,-0.009329997736707507,-0.014441375112022148,-0.018376599953125128,-0.008704819621880744,-0.008122675444162675,-0.03216425544632573,-0.009880001121278625,-0.019087689093258864,-0.011289548592242293,0.0018994779702330433,-0.006833388874119661,-0.002680151689372745,0.014419816815352426,-0.027876808526261065,-0.01847934327950307,-0.003952048212640169,0.005542572701784376,-0.012574859794806215,-0.01991623860024705,-0.0006460274175739134,0.00025192104679017113
2024-10-01,-0.007957616967555259,-0.0033775924089126663,0.0010997800439911387,0.015328330494766451,0.004544836675472563,-0.006346717523424861,0.01148624254109798,-0.003763377709469329,-0.0059991218320591955,-0.004504161675906948,0.013727370358689317,-0.005438864461084436,-0.003503428602662506,-0.012552466040425703,0.0,-0.01167904365337935,-0.0069945251639701445,0.022811759114213404,-0.009695849381421429,-0.0058098755452887785,-0.015544781124202878,0.0029782722333362432,0.030560534221966584,0.009788686056368956,-0.0003703249677121656
2024-10-03,-0.03949272356471989,-0.02560532920513059,-0.014163653527217712,-0.005749954122706513,-0.012861677217424039,-0.014864341531770298,-0.003576153051874642,-0.006683430809608204,-0.04265770485617937,-0.041535927747690216,-0.030115911413702956,-0.039393163517444596,-0.0047396415699489935,-0.02674825187337504,-0.034940908327412146,-0.010397576639303518,-0.010793144181393433,-0.011262030421065439,-0.040924141733663766,-0.018956663813895602,-0.03907121964105098,-0.009491310327767288,-0.01313524880145589,-0.03036132507440792,-0.001992894087020969
2024-10-04,-0.01453472549048096,-0.014476767574050475,-0.013212899505619657,0.013071785146009152,0.004606876174767294,-0.01945074262598845,0.0032112122326177772,-0.017942488355079833,-0.0010579296705485186,0.0022965581059464224,-0.0075708673768830614,-0.0032891282651231757,-0.0004186489157097517,-0.001319664532451359,-0.02993058996328557,-0.015414566664942453,-0.011255221498310819,-0.035912290978110994,0.005455331676642583,-0.015400231158775424,-0.024386329574982213,-0.02341625669693259,0.0077304992708682185,0.0064132388598412415,-0.0152025771416332
2024-10-07,-0.011395360443265057,-0.024040072325749895,-0.0047186255129572086,0.008419551476762654,0.004844623684520766,0.012889207339726427,-0.03263667894730726,0.013206288776576702,-0.0073268233077044,-0.02774955261986245,-0.010364846803255112,-0.0062074975611199346,-0.0025131408225932406,-0.022029363246519607,0.008049782042905962,-0.005388462370049307,-0.03484731862233981,0.014167577845525692,-0.003115833210292407,-0.029216385454921334,-0.0033360744414968613,-0.019204793355554695,0.0012991517506735217,-0.003935852807399276,-0.0035201466802331494
2024-10-08,0.01942397970975418,0.02055255365350872,0.00218812903054566,0.007367028756387395,-0.004587134240665924,-0.0027676432759339287,0.01401416228754071,-0.004410115093247513,0.018466889930781605,0.006633595625683775,0.00734540839959541,0.00035520385183285264,0.0062459845028322025,-0.026718675679876958,-0.011342032090070564,-0.00515283032150704,0.013238731699906081,0.03452396547481551,-0.008675967521131533,-0.005472021218392187,0.00842510059514745,0.014198146667838252,0.006518098451740784,-0.008467367142248827,0.006981842869493438
2024-10-09,-0.016280789607546198,-0.01084149934540124,0.006105459542590674,0.0021554239192540514,-7.06189556846093e-05,0.012458879800991252,0.02041078359662274,-0.03199135515511764,-0.012824065555977926,0.014610242977147525,-0.0014417717186010481,0.018253366058085918,0.007146046589453281,2.862332630892972e-05,0.015792356989958067,-0.017684717460717536,-0.005939022345904488,-0.004058982183038351,0.021037259020125543,0.007947442397430171,-0.0029790961037265973,-0.003481113826118154,0.0182309439665449,0.0079704223185324,0.0013221268142213916
2024-10-10,-0.0025826049780599547,0.01791004363846227,-0.0005223599783119592,-0.01728338197173951,-0.006007545701816275,0.0,-0.000376291654488603,0.0007119036941158896,-0.0076710925503883365,0.01204967073665264,0.04181481438992707,0.01437222326010379,-0.022321745655530356,-0.013224723460518728,0.0026369705883324546,-0.005146495061770895,0.010156604904309807,0.013098672544070933,-0.01134005042577979,0.013949909485658551,-0.006414780234170858,0.007039471667219965,-0.023571315978070273,-0.011578781489422929,-0.012265809029507357
2024-10-11,0.0007658406340240731,-0.00685739705336641,-0.01648573363594641,0.00838983639832569,-0.018498503613302186,0.005542061540532162,0.003324604226183414,-0.007824461261589644,0.006415496423475275,-0.009964047740041893,0.0033580252472209526,-0.01293638719964263,0.007522048615993704,0.007875763218677001,-0.0024181534900262758,0.010346052496978286,-0.0004731790637936273,-0.018767761236047398,0.0023694450421982705,-0.01286082609727024,-0.007159050728669403,-0.0007654854414758105,0.016885992656951787,0.006285798687233779,0.0024455793800644
2024-10-14,0.0003097629900348231,0.02247116033503116,0.007154488301332362,0.012299120395589558,-0.003024542008871922,0.0048595093674947965,0.006752079195146088,0.01792300269758207,0.02081806857166124,-0.006908667474388119,0.015087163676150261,-0.018690383958676837,0.0041011566785016385,0.006735026450926052,-0.012763608260673909,0.0021199274550234293,0.004733574756233594,0.006556290970372025,-0.002632480873797971,0.001969600015751194,0.000642081588940524,-0.010594268939601137,0.02759475184135529,0.04022321284718533,0.00919814508476402
2024-10-15,-0.020764648005787145,-0.0023695317773917424,0.019281492100022612,0.0002041875552856176,-0.004798706521806806,0.01276831564158365,-0.000620958661613713,0.0032196105704191957,-0.0008861663628438876,-0.009017873400717802,-0.00816416520663954,-0.007266006287397597,-0.0059170661497969235,0.0030590101975200845,-0.0266201858478472,-0.0027429695916475483,0.004947162477527689,0.00028534824270010084,-0.01179645342091662,-0.0025703712953950575,0.00919668973646992,0.01031839774382104,-0.010132865467999852,-0.030206458744949982,-0.007244801027612935
2024-10-16,0.007477475917652132,0.009322530196006484,-0.009836697599777455,-0.020007157036096235,-0.005307476566432601,0.009724781815699579,0.0009941669395421293,-0.010731089944754468,-0.00543359016958922,-0.0005634211756079255,-0.009946225576110246,-0.005049494433748691,2.6393769498644915e-05,-0.010688239071701466,-0.008629312487820506,-7.18049733074988e-05,-0.0055086869550428075,-0.02782187024251548,-0.010737947763537092,-0.008033888948758228,0.004890651764424714,-0.008285986927930034,-0.00898326908914604,-0.0015009604812563637,0.015011369218092208
2024-10-17,0.0017355593812362624,-0.015678354199355926,-0.009572394972728882,0.024998650695774227,0.0034311631083354666,-0.018916274046714143,0.006952571643334737,-0.008718628495191894,0.0106719928019412,-0.018513576541510757,-0.006555224773574064,-0.019392154478974022,-0.0047142743561890965,-0.01949009781854727,-0.00817236816498157,-0.01531693619980612,-0.015321227175334573,-0.033702696570760526,-0.017466564001169083,0.01207206856515497,-0.008516946519827928,-0.026938016920169283,0.023309048864752935,-0.0063892590107925695,-0.0010206324144601542
2024-10-18,0.0021195106263276475,0.0051997908537921855,0.027005008920464535,-0.04496716696976766,0.005867097555325884,0.003938523714851039,0.011528347518600102,-0.004499777996698318,0.002100612370217192,0.05742806651659027,0.0037552314479596394,-0.0031826654913804653,0.011007901139520992,-0.006434853791713491,7.343606919896217e-06,-0.007868802386814644,0.017235216601436232,-0.00011811056978028311,0.020805341467578176,0.002717686726409152,-0.02084534835484364,0.0047198337144711555,-0.006533254171130265,0.03763612381378256,0.00552632129724806
2024-10-21,0.007283123146972992,0.02785612095248946,-0.004309890685562312,-0.01428496908322674,-0.01047750791044122,-0.008958588613419582,-0.007861991387209333,-0.006266797924980527,0.0021801519930642055,-0.0054726513519604,-0.04374549098081659,0.005848876580146323,-0.006988203428378581,-0.005382274052927238,-0.017196809996402607,-0.008667389253039559,0.00011763066012560053,0.01145312876873228,-0.00752628392297261,-0.002710320923211773,0.019066548377994597,-0.01806797775518565,0.007879537245118584,-0.0010027938873561348,-0.006482575270833957
2024-10-22,-0.018879541745163153,-0.008185269410595719,0.0067113009511610144,-0.0006207426889078826,-0.01577276789816151,-0.00017732589458074877,-0.028932987316865333,-0.003825154405336817,-0.02055445316992277,-0.01222390639072779,-0.014559598467740242,-0.020746030023808593,-0.004981551532683759,-0.009945784466317109,-0.015189763147911983,-0.004399272517263242,-0.021764702594112006,-0.03702220826529745,-0.02634780540662074,-0.025366188123028044,-0.01388882869411534,-0.004061881649652044,-0.002733311927663573,-0.004834751093643397,-0.005225860677740335
2024-10-23,-0.0035917690672500058,0.012394011997394871,-0.01254439104480709,0.011773592580968106,0.012638667825304317,-0.003811488881764191,-0.0055668593683178,-0.0030093978827663292,-0.016088174772099895,-0.013055392605507699,0.0026373526801108937,0.002759430954645703,-0.025535781686295222,-0.012373072125836493,0.04760492608075273,-0.008353045906409617,-0.017919528072400936,-0.03245353902398118,-0.0021034834829790627,-0.018125524124579795,-0.005703717653661622,-0.006660526051773252,0.023223560946011634,0.0032084011962383308,-0.008180336279622558
2024-10-24,0.0009525988259191376,0.007978911092340502,0.0009188725074555926,-0.005364558146963461,-0.004512883592204253,-0.004359957886518329,0.010877921090135523,-0.018007737655593048,-0.0036898801251625812,0.005989213914751712,-0.003167803653824963,-0.01610048814072218,0.005192102520652941,0.012862542729153992,0.006446636022571672,-0.05798511867309264,0.008817140229989251,0.011759439894069468,0.0026775962003877662,0.007100039628080479,-0.0059202535137874435,0.027020224204398646,-0.0001151971909262306,-0.000548247461489626,-0.0038134363694836138
2024-10-25,-0.008919403815719762,-0.003572126587339297,0.002155204425075885,-0.0006975688724683016,0.0023840164625554827,-0.0074175781334121504,-0.017116632159890233,0.022471933865211735,-0.03376759764261339,0.018846069328598558,0.003773672399975281,-0.022174244587450653,0.006219873548762189,-0.019319008740412036,-0.018570045260130397,0.009161201977938349,-0.03156105408140364,-0.037327304825504615,-0.0178409198634899,-0.010496686513412734,-0.004710714492762946,-0.004382513930143328,-0.011119158031749898,-0.006308214008094337,-0.01033025587555425
2024-10-28,0.004895123245520772,-0.005277089775018173,0.029790204607939685,0.0017721648761943598,0.00820692008173185,-0.0015906180988862761,0.014213465596061736,0.003835718516536968,0.00432906909343278,-0.014924029022137963,-0.010741386668378428,-0.0017039196479409213,0.022844629479020773,0.005051137122578764,0.0001735606271144885,0.018888201387305736,0.01253446797606017,0.022107082216307417,0.01637161055322034,0.007916492186189839,0.01482424901562096,0.008858332529213309,-0.008098069797039531,0.027877208440207912,0.006569807633664215
2024-10-29,0.004234317022260736,0.01017765276378313,0.030165795294581077,-0.002737993171029518,-0.003813415983191959,-0.015781430998511037,0.05132255981570166,0.007848869437661499,0.012003051316457514,0.013016373549100901,0.005914803221619858,-0.038077162550052,-0.016448706387716006,0.00010663632657381683,0.016082281891326877,-0.010928690060597934,0.020425924546679797,-0.01226182745323734,-0.04063978809019164,0.007068606601714711,-0.0029980254049282173,0.0017579906942029044,-0.0023787732898004066,0.006444823822187029,-0.02805957419773597
2024-10-30,0.0029105164135998507,-0.009846745445990623,-0.014791375815806695,-0.020225241033232866,0.0023066500852537697,-0.0022905853334017623,-0.012309402958638027,0.0073777556035217184,0.008119231413771466,-0.013860159286906315,-0.014543789769601467,0.019052190658023216,-0.010418787671960472,0.007629258815882389,-0.009611940408820296,0.002865491266684783,-0.008856059414607875,-0.014270617175131561,-0.003025715599673684,-0.006550998482695136,0.0012696171428223657,0.008369237333518242,-0.007977725783579803,0.005425104761895838,-0.019494736858439166
2024-10-31,-0.008817616322833066,0.0006341258456310506,-0.015166031175916972,-0.024887563101359533,-0.028447905181564592,-0.012703986432801795,-0.0027356905113894436,-0.005594486309335567,0.06277228342947883,-0.0092703482990798,-0.0020178710344594952,-0.015990805860156998,-0.0017277821693444384,-0.012513363654853893,-0.009381754454980795,-0.010450391817589222,0.005295599797547235,0.007700216890054623,-0.007319704055856691,0.007379431867922115,-0.020356097110434512,-0.012445142275009369,-0.03670753650246328,-0.023794774778721273,0.019482342905812633
2024-11-01,0.004954743276563756,0.0009218923232954257,-0.00034817313737212086,0.0020486691359522524,0.00396868622019686,0.0023874507383945254,0.0012192063837359601,0.0030687250050123183,0.0011181058269271738,0.008624037536764773,0.007683025113899955,0.0030289127086422507,0.005138182724445883,0.008157135207257138,0.004913099050473102,0.003658645914071501,0.007840303843045016,0.03265476316881988,0.011270344944400934,0.00389650179804657,0.0014307641384680991,0.007243023071299426,-0.0031082828958003406,-0.0008155454771180404,-0.01145812332433438
2024-11-04,-0.027266285564600312,-0.013354149407211025,-0.011302139009703116,0.0015901111218303843,-0.0050324401781717265,-0.015589688515429523,0.01053336628547874,-0.011625521697810948,-0.014311991141992997,-0.02590744805546996,-0.008627582120724786,-0.005179972639118846,-0.02663581202576315,-0.02176880287770322,-0.011540288646883723,-0.005004877201762903,-0.025282607806973,0.023530272561792742,-0.022941572261908738,-0.020493587064804086,-0.008350781330442314,-0.012915150897342298,0.021669363886123838,-0.01913494638997204,0.006907057985485965
2024-11-05,0.0024190894752966763,0.025523628875443682,0.015267813193357904,-0.005358232462558399,0.0018164137863081464,-0.008075336175345726,0.023317462322707483,-0.009079623832903838,9.794400429208316e-05,0.028483573150584807,0.016075348295083502,0.010644647149224973,-0.002929987143716506,0.0025605655219520518,0.012661310156458994,-0.0013664068812883068,0.005362218325369206,0.005374532766955209,0.014015328971847207,0.0036456487882858823,-0.009604495999594898,0.015860910362112124,-0.0035095289373717753,0.005362627631523953,0.003074846476987858
2024-11-06,0.015360331365554813,-0.0014789926451739266,0.004357270338073649,0.0396191810750568,0.04237842215090826,0.012924443204853864,0.006594381322296172,0.0018740811116511047,0.019763331434969444,-0.004437972784872013,0.0031016570155188994,0.01648601282812745,0.013223446099625225,-0.016469401050876575,0.010944621318117242,0.0033501963477287067,0.01438842087140313,0.012105782835248435,0.004846504456432532,0.0060011572304221605,0.0034634417551950847,0.008773166315642511,0.03730132050319601,0.03715284426936494,0.023502660597886305
2024-11-07,-0.014863940136967457,-0.004956575864178192,-0.018159571167762456,-0.011322974288075605,0.002717586097104263,-0.014385824040039408,0.005615339806285924,-0.006651435422976526,0.00030176046962426817,-0.005657909218118595,-0.008907304595766719,-0.004764710582908727,-0.019973031189397528,-0.017689296967348,-0.014515746249247785,-0.010077094640438489,-0.012472487962203238,-0.014721193661326737,-0.02375846448149921,-0.017425476889452618,-0.018793374348419323,-0.019832632202130718,-0.025124791506872635,-0.0008866265948505037,-0.01132796419256299
2024-11-08,-0.0167731862886642,0.004523147267709859,-0.0155235739231665,0.014919070154581604,-0.0009394674401842495,-0.00374410198738917,-0.019136776413983703,0.00031392208846625635,0.0037706291469312703,0.0009051838138756096,-0.0006296651658245223,0.0002521698696711372,0.010413379856001326,0.020955816220858736,-0.0012382915138863249,0.013007403493114245,-0.015230250275543034,0.028896523755890025,-0.017444351705595107,0.010544750689318372,-0.025819087460108525,-0.0006742402999688757,0.01838283847960609,0.009939333979412046,-0.002874066269367148
2024-11-11,-0.008607733532774997,0.006754314161092179,0.008301354072035805,0.016475837407829985,0.01246691846779946,-0.005955786368477156,0.005337204694857878,-0.0023009892455547742,-0.008592100281889503,0.008656819157924156,-0.001031082089228419,0.008555206868299914,-0.008289109427636387,0.006386840911744018,-0.01698814472202237,-0.006639546770402571,-0.012825429197386384,-0.014891180318413078,-0.0009310780314596423,0.042845914695916365,-0.08173101639208469,-0.006601207005206833,0.013560484172600917,0.007908813580743246,0.0033109132338295932
2024-11-12,0.0012179914460044294,-0.027232173690765027,0.0010241174329141955,0.004677262211501443,-0.0003097987625406695,-0.0031398991059917725,-0.024715505709925534,-0.008596305629568257,-0.01033387319510859,-0.010973499191574199,-0.012958643951199611,-0.022509344054134406,0.003482658002388339,-0.002541679825571519,-0.020741083062501664,-0.011862434240152209,-0.03120616976845003,-0.010936401479424096,-0.024667713749339182,-0.021528132381930742,-0.02683744500009222,-0.007151028571663609,-0.010063614554405076,-0.004969358911821042,-0.01863500762484327
2024-11-13,-0.017421984911027644,-0.021446859106704297,-0.013300882267026415,-0.00021409593627907952,-0.011209234739166019,-0.003342720019536616,-0.02183365937191284,-0.0013746147780795415,-0.012084648033006462,-0.01640544674133959,-0.01948998818112435,-0.008390841396213378,-0.012133156096028275,-0.0033140474131918563,-0.010876651542805149,0.0014015477740543236,0.0027610794521839566,-0.03436198917294997,0.001783862121598645,-0.01456478916180648,-0.0017576135547318072,-0.010080785677425319,-0.006757572248365484,-0.0028917663709427943,-0.014953665380743164
2024-11-14,0.012419639147505102,0.006780333718533482,0.0025923005536949706,-0.002060599238257299,-0.0010722312199421546,3.2236198566071295e-05,-0.005441223499313419,-0.01323596298614138,-0.006116131385069612,0.0013605582367439695,0.011878912896464255,-0.003941406943318904,-0.006070848653090266,-0.0013018971878080432,-0.002566147053805534,-0.030730775560280255,-0.023207171356410372,0.0029475964006182576,-0.015198747046565209,-0.004465702037153463,0.005120335246107999,-0.004980392882676377,0.007101948929093327,-0.004042020158250392,-0.01469888782509765
2024-11-18,-0.0054039379248916886,0.007295762919392823,-0.0027844596871149374,-0.02847878914048174,-0.0304878210709415,-0.008706869296396524,0.012496118605945128,0.0012876709619535909,0.004509004991023913,-0.01271158826253238,0.008694947841244138,0.007986659971407795,-0.011565349643458012,-0.0035806594846152784,0.0028706026737193024,0.014105078461128517,-0.015570311517588253,0.014142139674779841,-0.003099521039226505,-0.00016021211632610832,0.0002214149530104237,-0.009097236281938592,-0.01582225605369758,-0.024439793569319357,-0.027023641453624236
2024-11-19,-0.015149758756049403,0.021787620615456138,-0.0034703514846723404,0.007342223637379686,0.004988113415210327,-0.0074821264951825395,-0.013876923555922294,0.0017148094993091334,-0.010233963008501101,0.006881559656613634,0.0029023494516144943,-0.012137341319203632,0.016878838112520445,0.01651793994680295,0.004164128940390421,-0.005179654626799812,0.0,0.03584600846315067,0.014639216657849508,0.009613856698760692,0.0017142056295817998,0.01304215189988045,0.023392469455561837,0.016550807993045424,0.016672786301822562
2024-11-21,-0.015020367381370248,-0.0006026835116792473,0.001160845358396223,0.005096698650919329,0.008243424806239297,-0.00022942572893525082,-0.027708696308688108,-0.021825197413272823,-0.0063892069861613,0.00458593179619271,0.005411741781771395,-0.008928408157049206,0.0015472253169603878,-0.01434242866517077,-0.01965793620806422,-0.011429894565985643,-0.028770202536357536,-0.0043065913921132015,-0.011938363089751713,0.0344390706738944,-0.022365901155917967,0.017205884639748703,0.0015295782014104198,-0.008630009437608055,-0.014916023189820882
2024-11-22,0.03466896418556509,0.002527033282716973,0.021990313533031047,0.03718539946890109,0.04216965372135051,0.02894802715199929,0.0452129436513804,0.03828061888393286,0.03444812766324623,0.0028529218943400547,0.014017643932533908,0.0186116106385108,0.008595642483691934,0.040979122803261214,0.03376308804895545,0.026208565701669295,0.026112577588069064,0.026121716935853634,0.022161971955819926,0.033906121503405995,0.018141444547607355,0.038380268120231875,0.02655307408774843,0.026025336708156876,0.01597855061522191
2024-11-25,0.017069586263143144,0.022914723027816386,0.01791791540151233,-0.006597554825666374,0.016609369658802553,0.006021761514162671,0.03480179937582473,0.00452968258028541,0.04148749145496855,0.01181718237068008,0.01663395354902364,-0.003475278149320471,0.0020052431075048283,0.0001209571340243798,0.00021687423947258644,0.010714640832674593,0.008072290450532593,0.010836655398964057,0.007079656573094617,0.01721313680606462,-0.00505620506019222,0.0072218206181569045,-0.008498042282913287,0.018892742748208846,-0.004240528285661238
2024-11-26,0.006759889878657832,-2.79622204341079e-05,0.00307465221244807,0.01823056209184082,0.00871338433059754,-0.0009500661825229129,-0.005980194069209244,0.0004194322318380461,-0.01342922454171025,-0.00960284991489102,-0.003992773630056234,-0.0073650174107633415,-0.020734925751485944,0.005560311258047124,-0.010089120052127254,0.003135832303554631,-0.01832250321854656,-0.019831963513570305,-0.01707245007237157,-0.011524381262976391,0.01841686619696925,-0.029360840659167553,0.007387831279662249,0.011245552872901188,-0.0005375114060165442
2024-11-27,-0.0019293973968529388,0.014981336985099514,-0.0032568697888990528,0.000181845008127679,-0.004629279151748156,0.00025358664286678767,-0.006314058310972981,-0.00010481409554963239,-0.0010534009427450863,0.004236474888905439,-0.00022418760306908148,0.010453178800212237,-0.0068972521803549736,-0.010773840098528442,0.013183867739680943,0.003105766888867656,0.021153004577361578,0.006565716983892189,0.0012132697544573467,0.0013282756308552468,-0.00522957805946167,0.0016949713445513215,0.006531393778449246,-0.010356627144539887,-0.007239440883882953
2024-11-28,-0.01732131069906484,-0.01056667073327977,-0.011032536923663683,-0.03525597187192375,-0.020230589757752715,-0.010934010635930247,0.005694740740774584,-0.004298188861923902,-0.008827356679068976,-0.01491751411492026,-0.013458992359263955,-0.009811550005085157,-0.008688319473845296,-0.02409118073565364,-0.029201269476175185,-0.00993202405857263,-0.019631686736297005,-0.03531012402709932,-0.005740232147691149,-0.016507064542079397,-0.013583994804063027,-0.012755903952411884,-0.024732447382730616,-0.01835638718173338,-0.006625743181001731
2024-11-29,0.016839707555085237,0.0016172947223125345,0.0106892515084136,0.000646352730300892,0.006113225971057901,0.042777521550391606,0.00011930823588746087,0.0038955602907138065,0.01602540281887177,0.0033554029069218227,0.0034390315422736517,0.011356373638250927,0.026899219587533496,0.01140905561381178,0.010216010956411559,0.013788493864832274,0.004419218625953736,0.023251805651678836,0.008980704565040742,-0.012737883055022103,0.008767167623080274,0.018580994056784483,-0.0006128357961089348,0.009874058963993848,0.008683363253493503
2024-12-02,0.013117210209329766,0.004816110336528956,0.0034997332668735837,0.011814753848985449,0.001358083274700439,0.010109610982316442,-0.003039466143092695,0.0009439658060503842,-0.005570826140697371,0.0007040439431884593,-0.006401367465175389,0.014908512732049406,0.015525857777077157,0.01780547905449703,0.011367296658855164,-0.006810440508642213,-0.01498685718231707,0.016958153577598445,0.004577493440738767,-0.004705537537331939,-0.00022195483685871764,0.03984938861682874,0.01965189630492592,0.011594801462672777,0.016177378753202687
2024-12-03,0.01080860395911376,0.011968698493762586,0.0028743413641207916,0.006543218562434561,0.006102902347984385,-0.014023965206376277,0.020982686008423013,-0.009744345671785393,0.0224079348658488,0.02057860878879847,-0.0023090021594601717,0.003554459801151433,-0.0046998727391363015,0.007832214008698823,0.003728920764707544,0.001492480002075025,0.025823545121209657,0.003613638548423781,0.014176417482653303,0.005490361676622868,-0.0038925524197293004,0.01749578572718069,0.002033281364645534,-0.0021384887186890467,0.0022508741678874955
2024-12-04,-0.010844222992581254,0.018507379103985144,0.005846831576474365,-0.001506207856548425,0.01200394619907219,-0.022492486263304134,0.006733387456948625,-0.01153319583067891,0.0007525738399840609,-0.00090471583788998,0.004343082532210163,-0.013245594518074277,8.330253810262533e-05,0.009511647695587211,0.009669764777797463,-0.00739078269033111,0.01442373446386025,0.0014699555752053506,-0.01641196489930974,-0.013954320872129777,-0.004029329949635674,-0.007217970351748981,0.005773016695306499,0.008057687487722065,-0.007309083669457372
2024-12-05,0.010008081942164404,0.0030375058442828617,0.015538937313291035,0.024136494632441607,0.025181269124983086,0.019727353175903017,0.006688425917051433,0.0008563583151008913,0.010989793793971803,0.005994226805167369,0.010042699693335377,0.0047080380376864905,0.007360195312295037,0.022767529424032373,0.016379752916197532,0.012213530553904173,-0.009657922435984845,0.01314431380854697,0.005646525295477156,0.010152337288351632,-0.002947816084857724,0.014107447867281131,0.015543339446595805,0.018027047459050927,0.019990897695693288
2024-12-06,-0.007942161610169252,-0.005306228100804722,-0.005798711613990926,-0.0064346308045879486,-0.004155362474073776,-0.010833531633782756,-0.002079784542582508,0.007807574342264978,0.009173749502471296,0.015560661505531703,0.0010139481227864344,0.012135479327091803,-0.004742230112455004,0.00844220522874961,-1.452189021611261e-05,-0.004329387030969634,0.0009480435322088976,0.00045574172228435295,0.030597418903729467,0.0016751155733165657,-0.009175540270432436,-0.007064511834946052,-0.0023223258133043823,-0.006515170067600606,0.011170737879514059
2024-12-09,-0.012504334774722237,0.007624538993577179,-0.004854235693140141,0.0006502953781071241,0.0014960210086873982,0.002941404060990971,-0.006484195063504394,-0.013159489772735511,0.02084469925560528,-0.01798148569437319,0.005233655193984887,-0.0033708370967916457,0.0009973164011600755,-0.0005476285700550809,0.0026349044563005464,-0.03343677840338766,0.0009473183076733616,-0.007077813789080012,-0.022098359689014857,0.0006080168822806264,-0.01557778251999764,-0.002844284681361109,-0.0027765371192697286,0.02152353228308379,0.0011565609169579272
2024-12-10,-0.007952826815636138,-0.001016019302685356,0.00616343733283653,0.012944189305748255,-0.004402341823519174,-0.014913704411983808,0.011013368152046343,0.001075527341564797,-0.006118207001879372,-0.008252793027443084,0.004730596962116973,-0.007234103750665466,0.0018265802420740496,0.002176909472839439,0.009878674984225011,-0.0014159840895867637,-0.001892670942790442,0.005129075331169686,0.0014397266485421945,-0.0036462738647369264,-0.0012334318732866167,-0.0058400903709127094,-0.008043367659250067,0.014320982354629752,-0.011791487877181539
2024-12-11,-0.005175666490439101,-0.0026765039429555992,-0.0022172136524044594,0.013137914228606551,-0.0011506352859910196,0.0046558085611483335,-0.006801229987604018,-0.0004297339550107804,-0.0016312820532335959,-0.005547539604767393,0.0,0.007103669736696627,0.0022374844000878635,-0.0007623237210332423,0.025792184646999283,0.0016683983826049076,-0.00988755467262803,0.0016792360023527575,-0.001000159696536218,-0.0010673478311328255,0.011888266363519806,0.013000325027335391,-0.00042535249964925637,0.0029212463656751453,-0.001451070402379795
2024-12-12,-0.011969914156727657,-0.002066430767380112,0.0013182395974056238,0.0065090751760295,0.006211327961621604,0.015479243323963443,-0.009168903265635575,-0.009994556728094683,-0.01451462484642041,-0.0013946482637610114,-0.01448709762053102,-0.009784671106293108,-0.004713307009458267,-0.007874866270517145,0.001503851072804041,-0.02348686619722362,-0.027086176598791423,-0.0014974375264255047,-0.015955426002984496,0.005037424471882712,-0.011479628219078553,-0.003491996549216614,0.015202972023639516,0.00032362566452759367,0.005530544608275401
2024-12-13,0.007878642465797059,0.006723109944662742,0.011773598992114165,0.00639156800010432,0.004253644000925094,0.044208462699842466,0.0091952449335575,0.020408079470653595,0.007020962711147716,0.00218219462802538,0.020891069072297652,0.009415752137898359,0.004431029492288241,0.018312460166085565,0.007999101662964136,0.01925424569747869,0.0043587674027441015,0.004547774330835974,0.005023190330897265,0.014125090625602965,0.007574490177944648,0.019140710533987804,0.0037998122740510176,0.002749874937895136,0.0007628448026246737
2024-12-16,-0.003574610687712587,-0.003499425878066398,0.0008922065440162275,-0.009826456459751887,-0.013120436350221532,-0.01141662564498902,-0.0006963997325636351,0.00021275031358358731,-0.002354005624827127,0.0023951127814745288,-0.0006645191761792679,0.00039483645200166784,-0.002012667567173443,-0.020134904391551967,0.003564144493060306,-0.01002057880003171,-0.011899836424711818,0.0011197107508049697,-0.006959398234990033,0.0034446202527091963,-0.002242868522766006,-0.011701564139391385,-0.011606499668508685,-0.0024197001003914975,0.018935275364026616
2024-12-17,-0.01813443510820112,-0.01712946287032957,-0.009174633199441895,-0.0017424053234635917,-0.019636773977814492,-0.028420198693692833,-0.012079684306511074,-0.0011699509776277317,-0.018218911707230556,-0.012729177084591536,-0.011305440417759383,-0.014937476631043722,-0.01146528461641938,-0.009336183271213327,-0.007713288270005503,-0.0012256554114289386,-0.010909494335167969,-0.014052638970108888,-0.006434761426073243,-0.015522401474817982,-0.01925271852182131,-0.014029714815061434,-0.0027033933726944293,-0.0011320104110880136,-0.017559711546698442
2024-12-18,0.006383925574390714,-0.012300600860076782,-0.014695339635051874,0.0012901974357415469,0.004470264321115858,-0.008295619716180869,-0.014578790719579793,0.002023284653134283,-0.012883421589361399,-0.012321257456517243,-0.0022701310081574277,-0.009551259969293069,0.006707401826966386,-0.0012331908591683982,-0.01095375936507903,-0.0017137293914580853,-0.020913947772401853,0.0031892216165203546,-0.03084321029785042,-0.02501519293645249,-0.00447800080676708,-0.0009341735927717032,0.004602506471330869,0.012141803885244995,0.02224173318084799
2024-12-19,-0.01819275722362368,-0.009499070103680562,-0.020735856670544783,-0.016648642574698003,-0.01746842421703565,-0.0009988934209197442,-0.0063831409094539104,-0.008395437102298176,-0.011122496900247025,-0.011895678867550163,-0.010056145638215996,-0.004280906098542259,0.012353963220325781,-0.013242495434188761,-0.02203712623855658,0.00027564264448298736,-0.012728682405046765,-0.01197887859921809,-0.015416125489523536,0.00031100731803612724,-0.02285272124733906,-0.007918277788007133,-0.013800620881969983,0.0004797953996522608,0.039360247673577264
2024-12-20,-0.020439499828989516,-0.012266503456425215,0.0011655946383417604,-0.012357382025073194,-0.023783321195447904,-0.013872394501169172,-0.024975995450551847,-0.004072368542756832,-0.02327547818026865,-0.03341162626946692,-0.01052721165236059,-0.00495640303838607,-0.00792527780308483,-0.00017879662334197022,-0.010160931427645181,-0.010996590274699236,-0.012299829516583483,-0.035924565408021136,-0.02687992818982976,-0.018187574310576604,-0.004145115199229998,-0.021249655548587043,-0.03893180757921766,-0.02414061212747487,0.013616494901508291
2024-12-23,0.014104307375446101,0.0166525198471974,0.00651971135534124,0.0011185919942882094,-0.002877516679910097,0.005576296408156711,0.011268586743966802,0.020660746646048445,0.002933918490123366,0.00681071316454207,0.0010323248812940111,-0.007251667764683556,0.003178828886884144,0.012126672428026897,0.0026939792748199576,0.002142302894896364,0.0012002117964493575,0.0010149910985057797,-0.002555091125153952,-0.001583248984338037,-0.0013801854018155035,0.00435967168494189,0.01562827697321567,0.008846687517052976,-0.0017117671223865205
2024-12-24,0.00036817478984829677,-0.0016101756284158109,0.0003470471481916704,-0.007924955177864956,0.0050982390675200495,-0.0018904522617801955,-0.011082119281156988,0.00885601685879811,-0.00020600378694290988,-0.00023158741274820205,0.0021199491962711203,-0.007891331374373922,0.0024247704817150773,-0.012820401553795158,-0.008519321942023206,-0.0014321650348977366,0.004945237543065195,0.006668282805626369,0.019246694131166864,-0.016492245636392622,0.00210606719691131,-0.007169138631725747,-0.00437982702843942,-0.008444328091908204,0.007119724099285962
2024-12-26,-0.005070584497742225,-0.004087676685072039,7.69779581983876e-05,-0.0008643575431018791,-0.0024882705315560916,0.009849143892277201,0.0004925927275953867,-0.0031351089440118107,-0.002816079126128801,-0.002039211935362162,0.0021439868496306858,0.014846482892691082,0.012286941979016808,-0.009050424831633319,0.0011089616791526424,-0.001198910785034868,-0.0019383845146211387,0.016031011811993734,0.006384981498141595,0.0006450849843944173,-0.009457166531508743,0.006171903668190204,-0.003636660207607001,-0.0008189233525274231,0.0031459988537210215
2024-12-27,0.003699048513918557,0.004188240241702168,0.007862334610527322,0.004901971674011518,-0.0010193705556588162,0.00021881145792801426,-0.015754738295312154,0.0034594440117987624,-0.005896099650967157,0.000696570282794573,0.004050673005215666,0.0041345016535994095,0.010807376933503754,-0.0041679016347120346,0.0134982268471604,0.003643688601585815,0.0010457799518033273,0.02480129064760206,0.013094062162253506,-0.002900443268085362,0.0039781443563480234,-0.004720562459973987,0.007623569409620723,0.013276611159546592,0.025310828615709102
2024-12-30,-0.0084764870077213,-0.011316580586575586,-0.009865879182446524,-0.005608448800772936,-0.001452757223818102,-0.008094564457118092,-0.014193773290554379,-0.003343053821578734,-0.008079120653590066,-0.006960854103834291,-0.010909658787415566,-0.012987784624090892,0.012169223877298796,-0.01566837540134769,-0.00282292776582338,0.0009611493539625204,-0.010746240963520282,-0.015265092591271179,-0.02245168626045957,-0.0059792673042246,0.007418355676911181,-0.010362420988166421,0.01705944779759294,-0.017470132101375713,-0.009032272644608708
2024-12-31,0.003923367267915978,-0.002840447680699576,-0.010041317178742237,-0.013641193279194996,-0.015389004439369858,0.0005356634852025088,0.008435892786860633,0.013941283922209724,0.008019085286714578,-0.00490686734019774,0.026052661098703966,0.005505152644127875,0.0013004452163691838,-0.0012895056774226976,-0.00947275687616278,-0.007104861035117427,0.005884164767397282,0.0013987530145860294,0.008859768542258895,0.003739185436455461,-0.003015416151904704,0.012224992524448197,-0.019903966003023466,-0.006091612385884626,0.008424698238358008
2025-01-01,0.004771917014613658,0.005584140575397134,0.0015605246026291208,0.0013297865982782042,0.004310489972854992,0.005007106693982966,-0.002201401003172343,0.0006203087594849332,0.016589742942474173,0.006668804199609024,0.0013157774109369136,0.03222393318256067,0.0019083886445041554,0.00021530838867467317,0.016459152281390388,-0.002041278516099587,0.0008998648814735333,0.024907684306170852,0.012294780888281398,0.005507103211620734,0.010213156711464721,0.0018071305257967296,-0.0013774081795855375,-0.005134963930459091,-0.014044025470811183
2025-01-02,0.016827100720942623,0.006170341640737265,0.005414236021687557,0.0400265549556007,0.015392186172338729,0.00877353587328944,0.010085738808315536,0.010538356398658744,0.012542650405117373,0.013808348208159016,0.027258996144705172,0.056475968924806885,-0.006322797880659814,0.04151997803134222,0.06544765444758904,0.02062793161888754,0.013037792191956665,0.04188842625738998,0.0210877616356977,0.015302680639317945,0.01674888712117162,0.030636892243802727,0.013557561209111002,0.011655051271480144,0.0044193838111126205
2025-01-03,0.0075293538610903266,-0.024836335149771127,-0.01979703633174812,-0.009755542180898469,-0.01816445167082048,-0.006740328403047058,-0.00973536108197226,-0.015233690049112791,-0.014433892812462212,-0.0015644248682228357,0.0008165523482270842,0.007849696986843346,-0.015095851626710899,0.018501290431134798,0.002442822622880536,0.015295272847128283,0.005473311963583027,-0.006399741144856308,0.03313516937752703,0.002855807004080946,-0.003115453757532749,-0.0009917026609030932,-0.021714555883944775,-0.030776767690452678,-0.016290382294804506
2025-01-06,-0.02649555953674909,-0.02212426793723632,-0.0007509342060827429,-0.0004642693721362834,-0.0011950803176966618,-0.0065047255750443345,-0.02142686125945159,-0.04547800300414995,-0.01549219122067691,-0.01981749493889884,-0.03208880250170676,-0.014965318830825525,-0.0012164339582435568,0.005432174582356897,-0.007816618729520997,-0.012488315397370386,-0.03633969286721517,-0.026594191590918692,-0.017902383489853957,-0.0317987458150677,-0.029452636714015212,-0.0239607118146018,-0.0018645161014740896,-0.0005095937709010956,-0.0017003778028358285
2025-01-07,0.018760110007393527,0.0016952939765633168,0.011984821653049371,-0.0036122489668852786,-0.016288120639676884,0.0015108703413524438,0.003026773590461662,-0.0035016843076087767,0.011129009023890468,0.0038555967321538542,-0.004270480381749819,-0.0029220186898258893,0.003247774591951913,0.009998897758187297,0.0006258504659617525,0.006144322608701458,0.0033588973268632305,0.0010143002157279035,0.021900181066189184,-0.0031046069779857577,0.011225523424806871,0.009992643404575619,-0.008984185742255235,-0.0008494203310411841,0.0008887602316598464
2025-01-08,0.019865530979382928,-0.011147307975073906,-0.012116536976960357,0.001191224559295767,0.01988426884129124,0.00524876866298718,-0.009759146335756141,0.019156698141242767,-0.01288665004058176,0.006978888435829278,-0.0019186626253104855,0.008591167747403095,-0.008444007049306923,-0.006005537674741546,0.00019711537694022674,0.004266260996458993,-0.009738344147457889,-0.00731776774486681,0.0021430685254533177,0.005245062553277613,0.018210825433789157,-0.01850488452928578,-0.004428098002975944,0.011902666302959775,0.01420589018959384
2025-01-09,-0.008494666485831082,-0.015640693684079388,-0.001068173456763244,-0.008199062394971146,-0.016928636041790512,0.004908827815594652,-0.01387545721791561,0.00122343101288247,-0.01903321475656361,-0.012279662695151572,0.01218440691129219,-0.006889670891307098,-0.006203215575052656,0.0008610624202911588,-0.01059760979603086,0.014327316010554592,-0.015519262065045836,0.013090913486333067,-0.01868043850979384,-0.004565352914680965,0.006789854768018966,-0.01260573407139609,-0.012591985916767134,-0.017643988941812183,0.000620034146520565
2025-01-10,-0.01024109342998425,-0.006625557373826418,-0.009941432316995402,0.02589576438158736,0.056154490663278045,0.005506943360245264,-0.02261816471187561,-0.011553037255183418,0.0023385079887385807,-0.019825807613592872,-0.018992358623682093,-0.009322453189013591,-0.022750281794934213,-0.013421116059297189,0.0014565475484449308,0.0027306195730019134,-0.03777132141406114,-0.010762840404824892,-0.006986262676092814,-0.018181986081727164,-0.012530771941348773,-0.035044990196134274,0.03822741912697425,0.028224353368620392,-0.012540092477909326
2025-01-13,-0.0016507150421680716,-0.015632938696571452,-0.01608189107921132,-0.00241490516047993,0.005966294874037992,-0.011572561937191028,-0.018499811023665047,-0.013149041497441005,-0.020318649210948392,0.008263692832227276,-0.010135527245388909,-0.011469146056352741,-0.021234861314035403,-0.0167138754767181,-0.01881160552186234,0.0036649221121767273,-0.03260330165310388,-0.03013409782079579,-0.03052992885420336,-0.040373561037777894,-0.02934403452158596,-0.02301386162702146,-0.02694072303517503,-0.028946920967361622,-0.014249840404781278
2025-01-14,-0.0008871995398558319,0.009657464656221082,0.008578994088809022,-0.011288265819444199,-0.013528166825174548,0.0018156758525023076,0.02556544862760446,-0.00558012938805319,-0.0004907822996594868,0.0022397119894215223,0.007018017974400603,0.021173775220011848,0.013710013262037801,-0.01781096378086089,0.02573782374904332,-0.03388403615630786,0.04091217940555536,0.016618758524725497,0.025965340149691762,0.009214145203674917,-0.005637840283181594,-0.012378580196727884,-0.00732083657119853,0.003426316648114769,0.001835139660526508
2025-01-15,0.010857618472363662,-0.0021559661687380327,-0.0016529567041762006,0.004948270309358849,0.003909862848258561,0.00459347368419416,0.007418302347986794,0.0017177713306686382,0.011205434498837485,-0.02362969136141213,0.022278157690233336,0.01756641680117821,-0.007905844626586278,0.0003009519843308883,-0.021486076561432532,0.0021326059808646214,0.035276868249554116,-0.029267126320099646,-0.008955242878054825,0.028940625680441867,-0.004575983631451619,0.0036151458483788534,0.017268548372209924,-0.0006828334676775016,-0.0002617486026672555
2025-01-16,0.011380021144143493,0.005477684608542033,0.008762442496032863,-0.01087376732774925,-0.010189243524943548,0.014152869068010832,0.01671747872188245,-0.010289181033154793,0.0018564118088910675,0.010907745115854128,0.008912468948346852,0.012128136694629754,0.0036715045865145512,-0.001985907265781628,0.011473554977823985,-0.01179947622332933,0.012914250705860164,0.006874425013531749,0.01407813919597456,-0.0033484407693122886,-0.006323609052169776,0.010887098003992346,0.006981284538208676,-0.01571848893139438,-0.025762824370811455
2025-01-17,0.028346977701285025,-0.00926122659371409,-0.01893372644568403,-0.058596319700087385,-0.0014526507464022176,-0.0016562080084714381,-0.002870968216868164,0.016980475963691566,0.017318048874395586,-0.04523123184813971,-0.02600311640409181,0.003642772180961762,0.013185439345413608,0.012210171471548348,-0.010695957726501448,0.0038381278958943277,0.0019970385561172144,-0.021220536268756307,0.006973531888656348,0.016630247330429393,0.020490963890276603,-0.005283804369316414,-0.01620600028848207,-0.02117672422464989,0.005104648957050095
2025-01-20,0.0023803347179069956,0.008858947547011553,0.00612031803667179,-0.001184193970448999,-0.011274623920192406,0.00838713783292544,0.019827315614525443,-0.005679277924031778,0.006823366353505778,-0.0030270811244417217,0.09206183266898993,-0.009582818571928775,-0.004645908178798619,0.007401685637861366,0.03592271749319664,-0.003738411495220584,0.030354028092026253,-0.010026225307485648,-0.006925238517021315,0.012062128834265495,0.008646649610432933,0.004201289987963319,0.00861284171618526,0.06490499069637679,-0.0053841478255796105
2025-01-21,-0.024321110451110406,-0.005359542446429111,-0.02984718281036014,-0.006948738378760866,-0.01028735095994271,-0.009139957541237753,-0.025922394030670426,-0.00034275139426653833,-0.014444765622370515,-0.018065856515598,-0.014162997418252554,-0.011343467604140511,-0.008744640703475581,-0.008544590394565121,-0.01995277003691942,-0.0020041000940466125,-0.034964972549645146,-0.02312945449216197,-0.017563165143578696,-0.01273462574151174,-0.008857512808307821,0.004080170229217472,-0.020363115654579933,-0.0063280818102768865,-0.010903380660260864
2025-01-22,0.0026694537639297966,0.014399678507978075,0.003594800083256189,0.030960239329291595,0.029919361108689202,0.0034436844273171285,-0.007377575796948754,-0.0012569085513141065,-0.0064669330415637605,-0.011234884556940772,0.012781959931236653,0.01149887221211876,0.020565141263449327,0.0009243681902757483,0.014468725594941168,0.0010466673255959957,-0.005858809634242124,0.0018254170080491683,-0.023660825599565505,-0.015875807412114473,0.0007741714383378007,0.0024325326352496734,0.0264858071937617,0.03603168706539717,0.006288135412666929
2025-01-23,-0.01053167108029096,-0.000690185774186447,0.0010830609922165557,0.0048478908621085726,-0.002682435127935867,0.0026046251708429224,-0.010020557297335864,0.0073226560920138795,-0.004249294589656838,-0.008599988987772367,-0.011812210968456527,0.002113228293187941,0.019261219993610856,0.012543020976523156,0.006232012078611238,-0.009069672702323173,0.0038772947456600093,0.021227988457011238,0.013126873190321797,-0.01075443029907519,0.00629949956567688,0.0679977730183563,0.017488681586262267,0.02782269644977009,-0.0052844590648977174
2025-01-24,-0.013730040438697966,-0.00906963770625735,0.006199315151001583,0.005360703314142734,0.0016643590584561885,0.005378944232774963,-0.0023461639581969784,0.0031802933433622282,-0.012859531993494544,-0.0026812884480641452,-0.004565023725993211,-0.006462889064787758,-0.006217255186973691,0.0010592554113255659,-0.0006247622690741528,0.01998539698867252,0.0,-0.029465275514373834,-0.024451850755095816,0.005096089399700965,-0.006128297638238522,-0.011824875033728088,0.005632164067943979,0.007554217917634443,-0.05041105735512563
2025-01-27,-0.013600401095603454,-0.01212270117490144,0.015506055762669169,-0.028499839655068082,-0.021000276353683622,-0.02565666897512231,0.006786231906277473,-0.0033966440838545386,-0.00015901392371964196,-0.00042165678761707515,-0.002544807127439652,0.002168226591258815,-0.01939968459614061,-0.024337528537607178,-0.019244257830774436,0.010451388041828436,-0.004480176135014724,0.010780410880492752,-0.02867456428410653,-0.029914036677222478,-0.004817738890830814,-0.004106910832674893,-0.04013233274797989,-0.037956760155220426,-0.021847461037736937
2025-01-28,0.004107922914950768,0.024910937835434854,0.015432236890422724,0.004253635883327833,-0.006112810345211828,0.009827780520160534,0.004271243911910139,-0.010565844968168814,-0.012653116621655913,0.03765419178684937,0.0033750814794042405,0.01083056289499118,-0.04552700737809767,0.0019732172396718095,0.042649937354858114,-0.001671641176894223,-0.012259443624949684,0.013773136183965473,0.02131692184912448,-0.010626864938678482,-0.004308288566114538,0.005058002864209099,-0.003355789674134857,0.005464366354301475,-0.013693501571035105
2025-01-29,0.0008911166028169326,0.0041307825138940935,0.0038095234305288717,0.028145835597937152,0.014726687316253262,-0.011060672890076173,0.008040892628293106,-0.004822629503664966,0.010486499495594659,-0.000406527203766327,0.01726935599046464,-0.01203001496175593,0.01750226927980192,0.01348519197286957,0.02012079397277855,-0.0020511761510081383,0.009426509789106419,0.01872434548694124,0.03329898178674817,0.013734736784156931,-0.008319200404523386,0.021998245665585836,0.019898730123785402,0.029150160429354255,-4.238521377686322e-05
2025-01-30,0.01420481101409754,0.008466020110509342,0.003155716538735698,-0.011322226425144355,6.0838742111046784e-05,0.025180468774519404,0.005471685625148437,0.0065766542070155865,-0.008334034790698497,0.0013219683222445155,-0.009815963728882049,0.001844941660087862,0.0021608536629402764,-0.0006972957359713261,0.018299689303745037,0.010402867602845811,0.005447504904691369,0.016106050905067226,-0.07395349201681556,0.026055266677000866,0.012009879938149615,-0.005669155040002649,-0.00657289576577591,-0.011041856322260735,0.011259873818579846
2025-01-31,0.0096164947627011,0.004286101872654546,-0.0022298440670143194,0.010672338256347835,0.0030121192944390085,-0.008806951789964712,0.013506490354626255,0.025905577496605048,0.04280969854783634,0.0014216688053678705,-0.00010518380729485077,0.025887553807253605,0.0027888468717307546,0.03617454549698107,-0.0020944540601864903,0.024929957325794172,0.010920443906734079,0.0061923691833762895,0.027624238035368176,0.021330366296643977,0.02264603181083391,0.0007013063796865726,0.00260464008034611,0.009385137310254255,0.019129201854611644
2025-02-01,-0.00039523248984307813,-0.004591637785077429,0.002195022305696348,-0.015134608251837989,-0.00954420104081688,-0.0018753853564362766,-0.00892749362644052,0.03363130041674456,-0.03360985064047839,0.012219943104865738,0.0009467538488283633,0.04921348884270449,-0.0010034827088343246,0.017692115906503325,0.014584437259163918,0.015088397602875503,-0.01944445693091046,0.029065007497982798,-0.013336031928951275,-0.039117995798705674,0.021883596541839134,-0.019873881253952286,-0.016751728375527075,-0.022763610601998163,-0.010186007563139032
2025-02-03,-0.014787208604033264,-0.0076583789402612235,-0.0020310467483590777,0.006454773756250809,-0.0011048535255431258,0.017926957507247376,-0.006592656429130872,-0.017727750959232846,-0.04591728766310177,-0.008766204772987174,-0.009773548017368183,0.017299576495696467,-0.0009182793470432493,0.007967340757280228,0.053211882858243964,-0.02557830086579005,-0.02030212109020635,0.0313804482588631,-0.027032746789535156,-0.020873117965855892,-0.025051524791876,-0.007505003751477557,0.0050412346175892075,0.02887142499420592,-0.0009129028319686538
2025-02-04,0.03154335209732628,0.02556622139943454,0.012130890298564623,0.019052209202868875,0.009437988593686608,0.005507284573787352,0.023983159179752134,0.0017607028411512626,0.04558845434221337,0.026177447896556183,0.02334837434314685,-0.002283122693278905,0.014161728709100707,0.004859916795951769,0.005880754703698088,-0.0015968862518122018,0.025220935073870798,0.004963307122231697,0.033602355512877935,0.006518849934733728,0.02709138945989875,0.03082871314841462,0.0026289589363108767,0.008450209765011651,0.0133737494393118
2025-02-05,-0.005446621423933262,0.009820449535359987,-0.0003942931856922849,-0.0009215666199752226,-0.003883422370473344,-0.000601875604323121,-0.016876285178788808,-0.015379526544969102,-0.01626852997335404,-0.001969873786576759,-0.008685553263029777,-0.0017658657742753991,-0.007081195216440794,-0.029685644813650547,0.004023464523151832,-0.019277763812365345,0.0015668936175279313,-0.003229832554494383,0.009147800676325257,-0.0015753115664178807,-0.03361869086549285,0.0057773033801180596,0.0011753739125246465,0.002687709621596257,0.006229868550361228
2025-02-06,0.0026209472919784815,0.003481341992783049,0.0037074852098857303,0.009804636910448306,-0.0020411422191842776,-0.02451145753624806,-0.018014481815156524,-0.015731386534291847,-0.009000248294884883,0.007302888672712671,0.002196936999473431,-0.0009780907072087786,-0.00014343551612350236,-0.022959633403684454,-0.000252764268818928,-0.007674538311238099,-0.021276791767895098,-0.012206077581428554,-0.01031996585922823,-0.014200623054638983,-0.005186353146394818,-0.009352032898216178,0.005177614698914201,0.0026806070177982644,0.007413081344292527
2025-02-07,-0.01158756678390982,-0.006365246083807619,-0.012181572891040382,-0.006264189035658396,-0.01306711742954203,0.0351906704455327,-0.020006605815645506,-0.023237336289005484,-0.0047274965597629,0.0033310387707996547,0.006941769897735872,-0.0018739036420627464,0.004477646355190101,0.004119366178439998,-0.003884809130343725,-0.003729909024053013,0.013267396503709561,0.018630876569769583,-0.004086521136448362,0.0008994980925969287,0.003357773936209174,0.014223649394626392,0.013476155460425465,0.00015718953239574063,0.0030323829387624013
2025-02-10,-0.010302333990412138,-0.009810992628926596,0.004534820200616574,-0.012265917261953141,0.0018736602339155528,0.00972120869553006,-0.0005426070329127564,-0.008471552476524868,-0.002472361170537285,-0.012059379612990084,0.016016553071588335,-0.011398926755338157,-0.010115540898135711,-0.028425088682689892,-0.022120041937308876,-0.0010152894839492443,-0.020350261566875916,-0.019134271278812953,-0.015210476583515598,-0.03397434175388714,-0.0003742000979671811,-0.009303705148434371,0.004107483648774224,0.003301984297324978,-0.01568047561375241
2025-02-11,-0.014996213895739241,-0.008363598193681487,-0.007801271205466032,-0.0024730629733408227,-0.018181960778112516,0.0021853674538749868,-0.007736283497356555,-0.020833456049786814,-0.02673756976823627,-0.004299501244562132,-0.021197300581905165,-0.013673653028513644,-0.018676754668153994,-0.013719238919365884,-0.01153631697723112,-0.01956421246955553,-0.015781009194125728,-0.01635191608906028,-0.02622134352313521,-0.02698182193535248,-0.012906622082101138,-0.020126071753821084,-0.017627685509785218,-0.018962553841280982,-0.009132114023847837
2025-02-12,-0.014819609664862288,0.003173806486951092,-0.00075840618845191,-0.006664353254124622,-0.0033808868159831418,0.008722628522744857,0.002804161342488065,-0.004613818214976639,0.01543377237664667,-0.0004962848726144387,0.013212723443666974,-0.005406890806240461,-0.0034710845957806047,-0.008029143092933677,0.002789615007330548,0.007450621744007568,0.0021269870311808603,-0.031999849141703285,0.009738144998360676,-0.01682923578738016,-0.005622983718229668,0.015778483579461655,0.006650382672825916,-0.008945640829709833,0.005000734199910539
2025-02-13,-0.0003700161801112323,-0.005331669610529555,-0.0023165841042315227,-0.010680817429426837,-0.010126109965533647,0.0017819020101725869,-0.007501952971681103,-0.00048794134397922573,-0.007903624970680645,0.001291054221909338,0.014840826785674333,0.0012445398247622474,0.030994478637188294,-0.0073568954225824434,0.02373366409779587,-0.004715980977132217,0.00146949951104558,-0.0030797766550032524,-0.000730679685390534,0.00816963918391811,0.003657510212006221,0.0059198117122460925,-0.002916325748616111,-0.005319245819681906,0.006374108410274637
2025-02-14,0.0009457331801288049,-0.0016787400730168267,0.008967821486656424,0.007134120660347021,0.006316876574207875,0.0014290049922127679,-0.007558483453225073,0.0013424937541499649,-0.007966513668474673,-0.010612966356962183,-0.010340530546754767,0.0007062799269987874,-0.026254801717270126,-0.0056474590615667175,-0.001986015885187875,-0.0013568835195401086,-0.02070436398866715,-0.01188718150507273,-0.004679279260471847,-0.006945698444041359,-0.0022802708543719907,-0.024475098727035682,-0.009669930693907092,-0.00145843278223734,-0.021698174875585896
2025-02-17,0.0062847360811397746,0.01327552455066372,-0.00710253729550725,-0.00759528692422351,-0.007713193847604716,-0.02416942464704952,0.0076852996110041705,-0.004021922736496486,-0.004880037221638878,-0.004561394627438764,-0.00363655972687027,0.00651802062272,0.008056475713050792,0.0062086237656420185,0.004087135683009224,0.004766325148467532,0.006659052907055596,-0.037602826368713926,0.008741588120530386,0.02273171300647947,0.008761629331283105,0.020086337017423572,0.003525938072736823,-0.008925697188777892,0.0015871070069308768
2025-02-18,0.00040820359558924046,0.003319063649391163,-0.006474079884892903,0.005238000981332425,-0.00801634900880277,-0.003968795048591045,-0.0026110090391064933,-0.008198781052060511,-0.0005277145519160253,0.0012085894197630953,0.0092788046654797,0.001825601433295132,-0.007350341399489868,-0.003510414566753939,0.004663783469867289,-0.01433843489643849,0.029270630181420954,-0.01479535250091546,-0.006117017429666638,0.01424772312990119,-0.005886749819823289,-0.015770024412026795,0.024054907812185222,0.022433210375567336,-0.0012926881200445717
2025-02-19,0.0016727408352932294,0.0024085466838943415,0.014963253253418074,-0.022219797082353332,-0.023004142545348993,-0.01420099075637593,0.002066714551754112,0.0028376951770041625,0.017312813744667865,0.017301137857315796,0.01102700902873055,-0.007824809604305427,-0.014692019236754339,-0.0035849279754547325,-0.003124315071267647,-0.019860778618837505,0.011568086516016152,-0.011702495002739122,-0.0020516764878384386,-0.014609591715417647,0.0006704652652937959,-0.00153415931953238,-0.011261020898856056,0.006086007632354784,-0.026348827331559077
2025-02-20,0.004521637495415787,-0.02321679680218469,-0.00927363263129366,0.007924684088330913,-0.0012421701142482089,-0.0010333629250898202,0.003299958142663817,-0.010703722878863786,-3.0458376539699294e-05,0.005784362267879262,-0.007279640319715841,-0.019351784727378862,-0.004354056937111994,-0.00587171190332203,-0.004739634904025625,-0.0010441507800604821,0.032878002181896404,0.029756434383064523,0.012922166582508332,0.010264262033003124,0.004443650450173697,-0.00034982595292931684,-0.016579700927549568,-0.0025470932146690606,0.004374461264428531
2025-02-21,-0.003933493591583903,0.003200782792928125,-0.013600512413462273,-0.005561239981550892,0.0017464180789483752,-0.0025859279953514003,-0.01055239075037806,-0.0028602811053137778,0.011997092009962351,-0.008110468928480552,-0.008880809424985037,-0.009420790640183085,-0.015305915823978222,-0.0036191530747635703,-0.0003274310894016974,-0.0028470139760777835,0.003382986563091217,-0.05990599405891983,-0.024064815443032628,-0.014487318867559273,0.0038017641735246244,-0.011548118656574902,-0.0050366548080325035,-0.02218321866018158,-0.016354161640836362
2025-02-24,-0.011073436404433479,-0.009098962746929784,-0.011841501063063808,-0.028044049098044144,-0.029160065503302746,-0.02315082766849219,-0.007756162018816126,0.0024943955576846033,-0.01731472898472952,0.0010901735685746594,0.006681954405847179,0.0017648923002264727,-0.0025855001913166475,-0.002169768215537937,-0.0049721658643534505,-8.907964257887091e-05,-0.018850553250922997,0.01492873676085682,-0.007353040158337154,-0.010500221989771852,-0.005049820670724237,-0.0102712925202596,-0.02170351588097963,-0.036885905876173464,0.011069662367569899
2025-02-25,-0.008686382129851511,0.003130404238644191,0.004760575802008171,0.0020406413419262748,-0.012528632211556645,0.025042173879912033,-0.0076772663856782275,0.007340153583364373,-0.009761567142376526,-0.0009405762791018235,0.0005849153483887815,0.010623517225922807,-0.01579745557554546,0.0081310954180156,0.016020419354664472,0.00796353303630748,-0.004373636206008613,0.025339642228129122,-0.00995135690990756,-0.013119795155042357,-0.009549383083389595,-0.007108722617605312,-0.012238980345839479,-0.012709804345107156,-0.03125667453492165
2025-02-27,0.0025746723497552804,0.010907347315639804,-0.0013887964206850123,-0.001923315232368994,-0.0046836024129973675,0.005483200338002536,-0.00984669417571249,-0.008027709999247956,-0.005083781073068172,0.0075315126164967605,-0.01001390219055942,-0.007674466386319967,0.021008897677020633,0.007596628912396319,0.025515958884007706,-0.006351510661412707,-0.009413162552199705,-0.018467535797390355,-0.019724861061243715,0.0019550512764565653,-0.004989338928535703,-0.0471081101548978,-0.003575948791436634,0.01098537418833856,-0.002304702438938877
2025-02-28,-0.005799020532345489,0.018639443044819348,-0.015010829513102175,-0.043416643038007074,-0.03579204855487539,-0.048594315546391376,-0.021451969729972653,-0.016434283037246478,-0.01422334454432217,-0.001131110233610233,-0.022900661392020738,-0.035115419802082215,-0.0329286307778589,-0.04525152869936255,-0.020113848894693365,-0.024365787447090947,-0.013462134218580335,-0.05187870925091331,-0.04301901433772537,-0.02107315660384268,-0.015314069481564552,-0.03055233687631209,-0.0632142817153779,-0.05721558514910341,-0.008040609542939503
2025-03-03,-0.024039698599903736,-0.017807617619606586,0.0017439631707285574,0.012383695296989572,0.0028134564981703303,0.016303683894976384,0.009436774933028191,0.006202671262301784,0.010572549749936933,-0.008172948885824982,0.0061221476659025775,-0.014251777904160545,-0.005115373612168628,0.0015436513217799153,0.011435612944406204,-0.006118031248301348,0.009471663894796256,0.010366987410120432,0.0008055724209605764,0.006577617508506384,-0.006124559274855446,0.020965546001914692,0.003495070152145896,0.021249786476524868,0.002776519520506726
2025-03-04,-0.007982883563999676,0.004965989692986339,0.0034820598022020643,-0.01188111088465682,0.011165142159857755,-0.012814918301019884,0.02984314060097959,-0.006541854723701057,0.004910416055753819,-0.005410723547029095,-0.003551700107573219,-0.013532209676687335,-0.011734300206964421,-0.010869575614882665,-0.004856358538209649,-0.008957824700375983,-0.0020673524474899008,0.0005551862882793301,-0.003139353478650686,0.005940583134025568,-0.015832604007494644,0.0028334529374114403,-0.0032149886535904892,-0.012519897523484147,0.0004913583319521297
2025-03-05,0.011790981021192692,-0.011695925787411077,0.004378722105951693,0.013741657119940909,0.004246778859811284,0.027232006942207176,0.01997070424011338,0.025832612103258823,0.008294378853225481,0.012627329323692482,0.013261371828877433,9.467269939755774e-05,0.010181859494694079,0.012481549908429423,-0.033455861927416675,0.006072200199814137,0.03968126546044459,0.04333512361099645,0.034883727923943564,0.040944852738615145,0.015032021675924101,0.009074251683925061,0.033495788954605255,0.018214263311895573,0.005579530772454211
2025-03-06,0.02892137856724375,0.0007100231514729494,0.0019331360435945744,0.0025415687954739585,0.015379064405596887,0.0053452874705615105,0.0023276438362132,0.0016047171489872447,0.006250622128225469,0.019369931829796183,-0.005897311715002518,0.004222191497273986,0.019937520838297695,0.011193748292653183,0.013514242986840896,0.022345565101243192,0.035867576414032376,0.0057947808118274935,-0.0017946031333051504,0.008509848203209547,0.04784785358153543,0.002799943075394884,-0.02252792500036238,0.002806067329308881,0.012162607543648285
2025-03-07,0.03323425487731768,-0.0011530340561120012,-0.002873486251211088,-0.017396632474362517,0.002665329701705854,0.002335744233861181,0.0009563075256424636,-0.004436774239681585,-0.004662624188948694,0.0034331292956977233,0.007129075800997864,-0.00019289007359646337,-0.002911963861876088,-0.013376749638282726,-0.0007549872723999762,-0.006489534338273484,-0.02471148971034709,-0.005305536013568979,0.01352297344137976,-0.012563288133178196,0.0010143571992853317,0.008472036507394032,-0.007382864082238538,-0.003847531988517172,-0.006008119619797636
2025-03-10,-0.0091214390020945,-0.001035913298955804,0.0002469648247733769,0.009163727343526551,-0.005967560619887791,0.00015324895035928598,-0.005254190563407368,0.0027234632813846193,-0.020649119793376136,-0.0017348472761731237,-0.007052756713932018,-0.006695782132522643,0.0013670015052376083,-0.01706528100066662,-0.0073650150975531625,0.019595884375497752,-0.0004552007696716487,-0.00925633266967707,-0.0002314123111540889,0.030383557853483456,0.0037886081651468118,-0.00588720030960721,-0.003685556514629762,-0.013693803666070536,-0.011515724324267729
2025-03-11,0.007186637014978459,-0.0011851498973893815,0.0251471263067371,-0.02342120334627862,-0.003997500835934975,0.019620425742123304,0.0013032247573572242,0.0029630690815378724,0.005585844579058197,-0.009846961184517777,0.006998855568108642,0.005256370361854001,0.027179691694148245,0.006475490391836258,-0.00025789354595850966,-0.01370260093855269,0.002732256194241778,-0.021090871146238088,-0.00015427866154693604,-0.014743838712779511,0.003861920818388098,-0.007685262556052619,-0.005145029901808207,-0.01121394139593257,-0.003168833003361571
2025-03-12,0.007816969840073407,0.015218019058619747,-0.0011642941686980102,-0.042579498378237046,-0.01932710503224111,-0.012086915402909848,-0.009316867278823082,0.01526340036259688,-0.000563377474042781,-0.014088546787466294,0.024467722787653745,-0.0005881971743764147,0.013018729529090223,-0.009010698208142709,0.017265396538045374,-0.010848307018305192,-0.00045416717071111723,0.0029105233330197766,0.031247542630246983,-0.000748253236754981,-0.015782080683434896,0.007773601761771776,-0.027650138937191482,-0.0331232518882687,-0.010298842003014341
2025-03-13,-0.007279042194173413,-0.002659094578994048,0.004903733295305912,-0.006914458924843436,0.001383204559223028,-0.006300012738257199,0.006638446395437203,-0.0008487209116674332,-0.0019882424198793824,-0.0009889606167806653,0.001286170903345596,-0.01085040617286126,0.0039358741652362195,-0.0029149114251523223,-0.007543369092359642,-0.008253926001132617,0.005300768809990197,-0.0036935096505322784,-0.01915299791748204,0.0020591483274323696,-0.008883698153503872,-0.006492294558578249,0.0016338768360060207,-0.016942859191794724,0.0025336590735196562
2025-03-17,-0.007252200212939597,0.002226745411427533,0.015159505108839566,0.006456338399974282,-0.0038022423427848118,0.004073530920782664,-0.006457251914246731,-0.00995020900636201,-0.004345390721760989,0.02370820080076297,0.00403001100894973,0.003465474970713256,0.012385433783108857,0.0023920258405389916,0.01898950555431833,-0.0016322781060954528,-0.0007532325754391334,0.023321309644191546,0.0084667874557387,-0.0011206164443277045,-0.005266080706186949,0.009089122795167714,-0.0003817729363420064,-0.015719697166572844,0.03858478134494647
2025-03-18,0.0,0.0,0.0,0.0,0.0,0.0,0.0,0.0028189137929339747,0.0,0.0,0.0,0.0,0.0,0.0,0.0,0.0,0.0,0.0,0.0,0.0,0.0,0.0,0.0,0.0,0.0
2025-03-19,0.006699817904729732,0.01970294260296268,0.03475158426742553,-0.002201187468687693,-0.00017139813335731446,-0.001220203782472007,0.030353178487182886,-0.014788611252293582,0.046038219435142747,0.01730893828328206,0.014274306072478593,0.005353242093001809,0.016458318014112683,0.019536978805186678,0.017627592559893657,0.013264319984526152,0.029096923108353545,0.03103343696688765,0.03207022516115532,0.03684300282688935,0.027550568496406802,0.036611950989976494,-0.030518779520851247,0.022513021482075235,0.018597354690507162
2025-03-20,0.017640128350000284,0.014133292836502998,0.0065494545317477115,0.018278726111515597,0.018886984220498393,0.041596691596177626,0.005972341681437676,0.002233053576221611,0.009489215672605855,0.0021862073109348845,0.006974825678562002,0.00987033092977807,0.010332797215688805,0.037967657727655535,-0.00594972009913064,0.01924938968343226,0.0013184028141759452,0.013983009854819262,0.011432723720897986,0.011363551996348642,0.002850008442084606,0.00136288729218359,0.010314285450568006,0.008656226215883134,0.012882857493626387
2025-03-21,0.005673147612239138,0.000904666316214886,0.01619135405551586,-0.014236708557229472,0.004195697400053211,0.012051097953434509,0.004869635543037543,0.003960866452245471,0.019367101418530375,0.014985486843066553,0.021295385997194716,0.00022167534370942654,0.019568614040009535,-0.009520546511792571,0.02724191680947108,0.001694747425507348,0.027944337563306387,-0.009281886827195107,0.01869439575604681,0.009809252857615691,0.005771318235254341,0.0026122405162818385,-0.0009217195272069878,-0.013805913915215795,0.010908069674443688
2025-03-24,0.020174727116697655,0.016748088583559806,0.011205441875285826,0.00012561693800083873,0.014211408103236955,-0.004056106024106776,0.03664363774494639,0.013191870745048906,0.019291894819743804,0.025884117022089814,0.04672927326703458,0.016147101340711068,0.00016815823995108836,-0.026433063946495805,0.019509699617071607,0.004451892344986108,0.04454893677655125,-0.009689973740067304,0.0150081090428964,0.030907850299613404,0.009606915360287127,0.006782589423118157,0.035054089076778094,0.019296169607080804,0.008457265029017558
2025-03-25,-0.012787039143588252,0.011916664815102784,-0.010639565901107817,0.02241400270743865,0.007936224211137155,0.006807045883492124,-0.010181863995143647,-0.002677067038131198,-0.003518279804722302,0.018855255528967607,-0.002826103069045738,-0.004474821102911086,-0.011233823982465752,-0.00824924351880485,-0.002508264016199746,0.006692660839501041,0.0,-0.01394748840256188,-0.004485002059160137,-0.002912545207807038,0.0035522764139199747,0.03348058099442586,-0.002159623998374438,0.005939257034700329,-0.02677022048665567
2025-03-26,-0.009646421132837424,-0.008180266495797062,-0.005804845021033067,-0.017808415221912344,-0.006000903868859875,0.004651903814702374,-0.011451089111119583,-0.0059785019550653296,-0.007147749170429929,-0.019936637290298043,-0.011566767295797975,-0.011340579877545998,-0.00328657952364797,0.0012444447304991169,-0.02218983036525335,-0.011161006798565465,-0.03351959982902275,0.0022843528465288365,-0.002886024574989543,-0.0005155119257558294,-0.003260853661649299,-0.0016724657420222888,-0.026932296736819294,-0.013284115960096154,-0.011291313365982658
2025-03-27,0.004045346724523613,0.010406558422902057,0.0005614206859101412,0.0025634763861051013,0.0042356138900270235,-0.007966545698558591,0.01086387420438406,0.0051552966500092445,0.01648858859045399,0.0019155919368691876,-0.007576179699382846,-0.001052504931147502,-0.015634360475124787,0.009860983126863898,0.01554250425434911,-0.0005787478424168491,0.0169182150130176,-0.0033731041309302823,-0.05605370260123288,0.015987697098864162,0.006435360420256497,0.017321359028274363,0.005366106471937915,0.017950612633236274,-0.002060816921669817
2025-03-28,-0.002425308203808707,0.001561273795473106,0.008753192761792539,-0.020517031171352396,-0.012338398458043853,0.005044495889346079,-0.0010358105161891729,0.0007327164419212995,-0.00265594605109587,0.0033231393447585855,0.019989159065551654,-0.01704486445534492,0.001877077914258507,-0.007870014781391488,-0.006469454180292544,0.00632615990321983,-0.008456951385434563,-0.02458829781232308,0.008825155266989348,-0.0174280678080585,0.0010905962476206454,-0.007763158691008187,-0.003967893395502409,-0.03655399769800616,-0.01548793856733266
2025-04-01,-0.017645690501992828,-0.03301053558468536,-0.022175228214878162,-0.028109351787752757,-0.015348727815603147,-0.005336349120074746,0.00025920059414863417,-0.0075655414026926104,-0.015892115245391247,-0.014882073786487093,-0.01165256372612511,-0.0035628222488051087,-0.020954644817074652,-0.024940091042367718,-0.0276560513416908,-0.01106751337723455,-0.015240646493250631,-0.01046604601082457,-0.0038551035463749717,-0.0036163346268156538,-0.010531335319379775,-0.011373084878263384,-0.016287803378590038,0.0013346437242383047,0.006991829090494894
2025-04-02,-0.0011575237916060521,0.016432359076459013,0.00970838800583862,0.015493017219828209,-0.001929242128912545,0.017660823389091362,0.005507345056896318,0.005901771589544191,-0.004917409671919337,-0.0010592656006284118,0.004054349708093152,0.02046840174848441,0.009008841832195413,0.03732900891795521,-0.003328361226431542,0.0018128876828207297,-0.0011357263065033818,-0.00013264412439317752,7.446438075797701e-05,-0.008814434050272935,-0.00403708330028385,-0.011222781942409665,0.019997986392446654,0.0038080886120894775,-0.0019092874414807781
2025-04-03,-0.001958242079422967,-0.0011408512444062158,-0.0012769736693135636,-0.03460960068585206,-0.0397296672853269,-0.004901348620301449,0.004188364751310347,0.0008556718019723242,7.304883576608745e-05,0.004979486746999884,-0.010210856418740755,-0.0023898776007885703,0.03288301000489047,0.009391927615655993,-0.00861076535258154,0.0029716030977133823,0.02032671075160364,-0.009895602674090731,-0.02671529463019684,0.04306887559648276,0.018533390599438038,0.031610605880047604,-0.03773592765270184,-0.027503859199641822,0.0012607450349564342
2025-04-04,-0.035236663910407695,0.012508130842110443,0.004324813426934915,-0.029969845765862924,-0.03048651350343945,-0.0014605572447066173,-0.01507948535175796,0.0007328059317475155,-0.04678159717033559,0.0013305580838527398,-0.00030467741543138693,-0.017633267614841852,-0.034265573081625256,-0.016418704537865203,0.014456704941618437,0.0,-0.023683370368602796,-0.005705567608938256,-0.061319702577531054,-0.017385450907047684,0.00283055760480333,-0.009300719341914121,-0.0353453132950623,-0.039204226586720625,-0.0360415599295868
2025-04-07,-0.032373152212439305,-0.03279606117295597,-0.03575978013190306,-0.03781908152850433,-0.007683102993415125,-0.03257903335255952,-0.02677702105103974,-0.00890903805238652,-0.05878550259841664,-0.039723427924287624,-0.04413799934753604,-0.013259878544823356,-0.025155801654952903,-0.017554115919826696,-0.017301651848274813,0.002160775144091742,-0.0017123686854202402,-0.04055374853331417,-0.055550977208561725,-0.015311355603370935,-0.006239211067053496,-0.02670314075799174,-0.024944029827085323,-0.013804308351515138,-0.019865640760276748
2025-04-08,0.014154618272830488,0.006514290898725017,0.009591839330115759,0.022946167434048537,0.005772605236400219,0.020010005778817508,0.029053312721069258,0.016007893287454555,0.03017761123711593,0.02853189263860756,0.0084892988847316,0.011399224363801475,0.01320252176049741,0.03312161258729063,0.02967443578511375,0.017715796429751185,0.00900528820370794,0.013005367635248843,0.015696390206048738,-0.0015549766802730458,0.02257241164335766,0.007045473586306361,0.020496837424119674,0.017908648606114852,0.018430009463524577
2025-04-09,0.0026645384242292014,-0.002345785303134007,0.0006923435959553803,-0.0175672866711043,-0.014075561657246438,-0.0028190332232386206,-0.03434811238561519,0.00908981731241787,-0.03383322287065471,-0.015029707076518739,-0.0011921130811216596,-0.0001308639719477256,-0.02141154148253288,0.01660627969432671,-0.009799088259170863,0.026537103415617214,-0.010199712639424874,-0.00021777870451433756,-0.010104271417699207,0.015400635341405344,0.007079554379199271,0.01123291683735439,-0.03168743226531079,-0.04287161946661766,-0.012545677499835373
2025-04-11,0.02834600587270697,0.023654381134639912,0.008340997406485195,0.0040963148534016725,-0.004651089037319034,0.02392813509514058,0.015696550828923295,0.012611080217976856,0.02023476986664341,0.006875916670841642,0.028499043232986798,0.012363042588744655,0.0213958966095269,0.019139059284760007,0.021211553219857127,0.006872297246816483,0.030771352888227632,0.022690288876890286,0.020843957510885858,0.03646889145123944,-0.007278586601388137,0.009265567563967236,0.007464168296542617,0.013099520406185672,0.014121818082381443
2025-04-15,0.01735106601006997,0.032184902898858336,0.029390404668372394,0.011742217815352785,0.005168040164147403,0.024023734236943373,0.01280094720064362,-0.002727970746998487,0.04545973603426612,0.04102169395940658,0.004263055471474431,0.02206652320634328,0.01034037680918698,0.011901401278587187,0.024649361335481235,-0.0019651249763010803,0.006664706553676458,0.025442189917708413,0.04562638923413109,0.0014798102161357463,0.00923284877940822,0.01880868423601534,0.015168580372793006,0.017726754024379066,0.04091933572431694
2025-04-16,-0.0006450607873236258,0.007024491474455941,0.0045919916092633795,-0.009046260413802187,0.007881313851329397,0.013230970791794805,0.010805572255675022,0.009633794692112563,-0.009178607579428122,0.04358376949113052,0.0015092000575676057,-0.01611135561844057,-0.006979435148880442,-0.0003971060418734851,-0.009243991378565464,0.002159597028384308,-0.008827530428729413,-0.004308216777580864,-0.009884306497399464,0.003940294982036852,0.018296972366695696,0.0007680040690951628,0.005377594872673086,0.014958976196170592,0.003030591072301636
2025-04-17,0.028403081361119353,0.015282181599061362,0.037083360579238,0.004529028882543029,0.007666835241117997,0.03648634906801451,0.0333009636017918,0.006596777477159144,0.006072481239686178,0.0254025038318908,0.030470025364782716,0.0026577636882907374,0.034492925303031274,0.016930976109661877,0.01170424761507638,0.0035493307300804577,0.013080987283827339,0.017004336957816557,0.008927867037864301,0.010629588253739053,0.0032520627952299375,0.014751035710563132,-0.0014518255643006794,-0.0434080063307023,0.004488930229540111
2025-04-21,0.016477043342625786,0.010699098579260324,0.002203909611486754,0.022190900249224876,0.006881281929998595,-0.003017261684755135,0.024139336496507235,-0.010298482662145836,0.010223845412410837,0.027040638788039306,0.02435908302918044,0.004275319747419459,-0.003768265801077364,0.0025845934573887064,0.012114611863462299,-0.010105229760456913,0.0015110459792191389,0.031574203094483,0.013675401454022573,0.035598605688829776,-0.00927905353795122,0.0027728376340812044,0.051040722250611514,0.006542882633899794,0.011859721494315023
2025-04-22,-0.0033192768965972785,0.01795445331631984,0.004752376628267552,-0.019434809087187532,-0.0021678354410329392,-0.01656584755981627,0.006979422225436904,0.02542271102095861,-0.006919601613956772,-0.0050695087961096785,0.012224452783484718,-0.0009365186853389496,0.0014328143309481067,0.00038956900633180247,-0.0014018275929963409,0.020289210946639713,-0.011795334462852525,0.01921139380158743,0.0012697846617026887,-0.023281276915689708,-0.0053169849907620526,0.0020948641544038527,0.002184205659851113,-0.018033130819897325,-0.0020384129652052385
2025-04-23,0.006815426227561927,-0.019269017622261853,0.005577094015597028,0.03661793270198754,0.029749050608481875,0.015873053257969838,-0.010882849027309627,-0.006342252344168409,0.013260373971340611,-0.00813608419509193,-0.01842387553614966,0.014743433146978457,0.02369230836694758,0.005962795998556869,0.006749080850585898,0.010464032127814216,0.009854167150045834,0.03574602462217902,0.04604902538306699,0.007678879747863743,0.00867612707873211,-0.0008361100948449662,0.04584090592276424,0.04035883219589609,0.009361721647755505
2025-04-24,0.0012307715038371025,-0.003690369542923122,-0.015234529242412864,-0.002373040835315976,-0.003340248031649007,-0.01913265415961607,-6.139993886500328e-05,-0.0018568611526474932,-0.00012113324332641007,0.0001656388950517229,-0.0017961326561364288,-0.0010917515981249126,0.008441453951971711,0.007535893570623564,-0.002359763568988482,-0.04063872504530153,-0.00164920927160217,-0.005620802115769874,0.012804938557270384,-0.0017463040702325738,0.004606279070192176,0.017574599521362533,0.0038898882777180788,-0.0034893442299215316,0.012226013853758655
2025-04-25,-0.0009219202768825374,-0.002921606298197932,0.0014971342732850168,0.005980572933528938,0.013640732669608191,-0.01538799414051828,-0.01813373088858261,-0.0052319099590319995,-0.00863474814802756,-0.033799932236043384,-0.008367089919008253,-0.016478922083797642,-0.009146908576338375,-0.005144032548198618,-0.020320378221391877,0.0029673898214348515,-0.01858473308195463,-0.012821404011709392,-0.019600504477329195,-0.025127183765674688,-0.013309535018763308,0.006414979683959432,0.011624803706768772,-0.007621110135259346,-0.021407724529895922
2025-04-28,0.052599177762373994,0.004709074904107213,0.01708432631034995,0.0012835923722847031,-0.0013052468849399368,0.00253148303972206,0.023414435855908966,0.0023375484230405696,0.016869884788397016,0.02272137576837374,0.009617189513155378,0.012651779332526258,0.0303234387192306,0.0011589658768322852,-0.002085184994561229,-0.005831276813114128,0.014167436179030934,0.02318284189773112,0.019687150986166913,0.006688351694122074,0.008471794109544906,-0.010051478023316629,-0.00034208613131170296,-0.0016604603507210935,0.02034379506779138
2025-04-29,0.0225744751242265,-0.005936809911262553,0.0006998608439447995,0.01039072652608608,0.008421787240735279,0.0010978001305921303,-0.005872705193006533,-0.006529856490020247,-0.0015027578729144286,-0.004610913787536308,-0.009255911768778935,-0.0004220990704814076,-0.019602517718859236,0.0028197173996791225,0.0,0.0013369143267687456,-0.012586409606408,-0.007165796229988808,-0.0038165768919985466,-0.018149320924298995,-0.0004484637679746939,-0.020224456433379112,0.02312706354654237,0.003742199304600291,-0.018937080906437864
2025-04-30,0.0037865383223170124,0.008486939164032758,-0.001958257219614845,0.0017362433007710454,-0.00541401937251873,0.022316000970439287,-0.029413428048059465,-0.0004694238642697357,0.0056286008688146705,-0.0019372708167019193,0.001405910264088872,0.03513212522446385,0.014843486725749644,0.00032555030326641976,-0.050423334429408606,0.008786689687307447,-0.006723786864010317,0.006598790704615443,-0.032076208061436406,0.014853960321018711,-0.010362759547561273,-0.019209737712530428,0.005149392804104647,0.00041433888038766575,0.006717614419045059
2025-05-02,0.010533849468939094,-0.0016102698722667563,0.0021722965213872847,0.0045329944871876915,-0.006572628939780056,-0.008742309859757547,0.010207176656873873,0.008689453487872756,-0.0018257798627093758,-0.001350116532029877,-0.011955983286378369,0.012074774954906387,-0.0042023424305392965,-0.011154810615664812,0.02710048141899013,-0.01003365643496601,-0.016499705309781953,-0.003960660523885551,0.0075280512303657066,-0.014311434823035873,-0.006472378665090983,-0.0024052503563166683,-0.005921503045247634,0.0007452470862736593,-0.005067949090783785
2025-05-05,0.008099785134819015,0.0077526507080496465,-0.000489396566746847,0.0011281773978861764,0.006790994426264962,0.00963103489924988,-0.008409640321721645,0.01734584097188141,-0.0014093508853191272,-0.008619365200036255,-0.04436908137878404,0.004272468678649943,0.006576808788369526,-0.006044346872086104,0.007160339532095827,0.012938852067141848,-0.00028674074650469894,0.03575341775592045,0.019180490385370286,0.01699398220561643,0.011161783108976087,0.004908192559967883,0.00033465034343493905,0.007820369229421198,-0.00560320340180398
2025-05-06,-0.007266177649733696,-0.002633254447821476,0.0015390301749369506,0.0019222940402585653,0.001650118658166777,0.018756706660321143,-0.02012666003204766,-0.0032040678106700637,0.0011410865502043954,-0.010057896373068864,-0.005228141626488436,0.009873140342747666,-0.009528520691392317,-0.0067733646764098765,-0.015058335250701105,0.01413608578716885,-0.0195066880709156,0.015522105075674197,-0.020179905701129708,-0.0019467636672054756,-0.007755714205894715,0.0019709084765819895,0.0010705228481528994,-0.009771301324881576,-0.009305908673099328
2025-05-07,-0.010486336160832499,0.007195787492521699,0.00265446045799278,-0.002117050166978607,-0.004306347706052427,-0.002209359154058732,0.0025836279019040287,-0.01010223169904112,-0.0037792352821369724,-8.601141688391323e-05,0.010077167505563533,0.00413321187984983,-0.020779432365698236,0.012002469224056123,0.021483427512685394,-0.004618471735627905,0.0007314157999707138,0.016784070900459414,0.04952173475885635,0.011378306509603364,-0.034698011069573154,-0.002993256810405409,-0.000668361284070218,0.011816327973026564,0.0002585611217398309
2025-05-08,0.0007112498232164643,-0.008789053031023064,6.965564272487512e-05,0.0020552247803138357,0.0011029669976614365,-0.011545818349392278,-0.009148186226873856,-0.0012756282353766357,0.0007526762258369679,0.009385842503233821,0.008449058492262518,-0.019077019339836077,-0.007915692133916186,0.009104812514325156,-0.017136874420027093,-0.006706693736552194,-0.0059932075068610535,-0.02782133916553753,0.0037483224382106606,-0.009160979537734537,-0.013495634725035566,-0.0023159818489094652,0.005082856814609293,-0.010121261588321273,-0.010941753153614342
2025-05-09,-0.021179777793082,-0.020119329905647354,-0.03246254001571891,-0.0025141900003474715,-0.002493383294540852,-0.014134058565946073,0.01332896823326446,-0.016372484119441366,0.036102109711211305,-0.018000289556723725,-0.004496733007102516,-0.011459029469983784,-0.012675327625349286,0.041848460622400996,-0.02035027477956808,-0.009342139001795702,-0.015441326423712431,-0.01681452215602186,0.03756322614336538,-0.029034942900256766,-0.0013028611704778426,-0.022955872383245146,-0.006055291071577762,0.0018213803023494624,0.00688156702964382
2025-05-12,0.043058351107950754,0.03572005925146615,0.04291163251478736,0.07913232000660919,0.05234984684915078,0.012118610500745808,0.028745569495877366,0.028213915462377948,0.041609868530331884,0.04508737481276226,0.019922904850131484,0.029877604253780943,-0.033585619611320894,0.014984500457861483,0.043687035616640335,0.021261020668959407,0.04122481481071616,0.04111195328853512,0.017360576638770775,0.032575980047832465,0.024699843846709646,0.032734881662161985,0.05315661939212424,0.06309658304301213,0.034345504852804076
2025-05-13,-0.014479664614505894,-0.017678393122908864,-0.012357653784269229,-0.03583505461550529,-0.029112637161255672,-0.02683349549582681,0.00012476558025986684,-0.017451156237617393,-0.005631150552086073,-0.007813823658221253,-0.013706275406944468,-0.01062151150467483,0.008184169166468802,8.419374490808984e-05,0.002605807876046695,-0.009443817571902158,-0.02022655911773008,-0.016394549578822137,-0.018174246459832455,-0.034298509294536816,-0.013494998808435299,-0.006390535557794674,-0.00038141330998109346,-0.02219372507554096,0.009618565121100042
2025-05-14,0.0061453540610170165,-0.006241493206634363,-0.0030756520217534167,0.015172890037885578,0.009587449880838816,0.007470112532625972,-0.0013096379980642725,0.002804341389219367,0.0017101708287381445,0.0015917693060290006,-0.01096610688449684,0.015061770208115943,0.0048234567711853416,0.0068478019698161585,0.004313163381834517,-0.0040254237513625,-0.008638399351160508,0.01571811467642137,-0.012364035863238088,-0.00837668518993362,-0.018196784102613717,0.000943302197509821,0.019523012112034666,0.005445797988724355,0.01068676459940221
2025-05-15,0.02092113971943621,0.012142802554537813,0.017248694534003794,0.0129364571622832,0.008791867508048057,0.017991450116505936,0.008804826129836796,0.008273121955358675,0.01262200097688515,0.011375965059842619,0.006690823137408541,0.022257261792174132,0.018674636904167485,0.013713942453376982,0.011837898357357934,0.001999581318960608,0.01004287724173114,0.013701730599336992,0.041705448757598074,0.012502135665610314,0.020856143791968762,0.01901983870463342,0.016155224682004032,0.014351250308814123,0.013360766952385639
2025-05-16,0.0015128514905287105,0.00046539753703478404,0.002205662368634842,-0.014321148672298833,-0.005195654026202257,-0.028491894131883355,0.0003156789569334073,0.007049604440578117,-0.003731128504934622,-0.000248056854266987,0.0008545685344276688,0.0033199970470438878,-0.002988238953999134,-0.0008524585955679287,-0.002339813250104239,0.011124310536223314,0.0033630737245722298,-0.002766927121952145,0.0035709554334737437,0.0018354696075035815,0.01017223777051579,0.0009248232284162494,-0.007427429772795646,-0.008808534916654898,-0.004529663098619907
2025-05-19,-0.010711341598050206,0.002067442410444098,-0.003438741372539522,-0.018932014057657875,-0.011933654472615962,0.002370495045940224,0.003661128195731056,-0.0008033337527806328,-0.0012482982927636277,-0.0049635818222774075,0.001422992197496642,-0.00046180991584687803,-0.002709180159910729,-0.004403247880422234,0.009654155299274603,0.0005459351248500166,0.0059748660114586905,-0.0024237338746549986,-0.0016422753426283965,0.012824747817682391,-0.009432384831486562,0.0020160695925592886,-0.011873786300217848,-0.010066412436056216,-0.009506767502167723
2025-05-20,-0.011243742082533759,-0.012276239952846213,-0.0074534860198017805,0.0005128530608478066,-0.005825875516268231,-0.005169647546526934,-0.01176092673073248,-0.001033688078669881,-0.008999547855881751,-0.005819766060672693,-0.009994340473846175,-0.02702279688430964,-0.012946387019983074,-0.01025512518573446,-0.01906968579579882,-0.017459021335934133,-0.007388012521066245,-0.02062015004668838,-0.014530472828101715,-0.020226947096182446,-0.015355679641208653,-0.019448452479868927,-0.013643869432954592,-0.008103254017144956,0.004265671133813376
2025-05-21,0.003228928433082867,0.0062144423982861685,0.004519578601629437,0.005062218821044295,0.007860812994060051,0.007518360256886902,0.0018455134054582434,-0.004368752086416627,0.005942062087543221,0.0016725824292342928,-0.008994734639476976,-0.001819896945613686,0.014053148079867128,-2.792585034905315e-05,0.01305197948792114,0.009738816551020602,0.010362017708722915,0.008878680038507225,0.010988971139294312,-0.005874399803332819,0.0073183574401494145,-0.0026502465064465186,0.014086325515037856,0.00484558452857331,0.0004084767664069844
2025-05-22,-0.013853833322909237,-0.003581032219499125,-0.0017997319120717226,-0.013388662013829156,-0.013840789778390206,0.004883423531158559,-0.002350342959979601,-0.015935377727959943,-0.01047648522659661,-0.007764347961362272,-0.0026553194934996194,-0.01347604698722571,-0.0075644569578288134,-0.01103197955962787,-0.00636032953435961,-0.014044487758768542,-0.013722441651771278,-0.027307801025370226,-0.012864530179131917,-0.01772744378586888,-0.005708423665576556,0.0012000909459366493,-0.020397992098858175,-0.019846977005505195,-0.0020412470806341343
2025-05-23,0.012345734016484755,0.007135726254750896,0.005339512313703443,0.011179365705227706,0.010813950931715333,0.00016374559542375877,0.006685768183235297,0.023938058242326532,0.013656616838492175,0.018174184736174492,0.01694258985312813,0.0006427722254138679,-0.020422355842765083,0.010929067147413596,0.011434425878078969,0.012227976951721065,0.00937320200896452,0.002128928033943822,0.0011150123855658833,0.02475079198224228,0.007089506590521655,0.005650606160460647,0.009389474665012276,0.005773806968633499,0.006463684145205706
2025-05-26,0.0056068761250060994,0.0034132467692793433,0.007449202090612506,0.010033176415967349,0.006458813019164733,0.008571352165439583,0.004933646475426157,0.015127149714927679,0.01355591571585446,0.004214593028360802,-0.005474114794117524,-0.0025695974681611,-0.004454729156299186,0.008548282622472536,0.0028128716397424203,0.014793354254776903,-0.0031920431740790622,0.022405146119315766,0.014966853055575102,-0.004696387476767372,0.005052872245527196,-0.004852617505587742,0.013351923518209352,0.011642973861700767,0.008779774018453645
2025-05-27,-0.008851440092437768,-0.007164133400505701,-0.009721977929487924,-0.006580176684588546,-0.010912313920226069,-0.0019486712056724365,-0.0008811888932342971,-0.02032060649036238,-0.0023843826076187513,-0.016128985195627665,-0.005695704058939932,-0.0005635826550434153,0.004355282190800169,-0.005789033153682843,-0.01062627170104613,-0.005806089758385369,-0.014410653102773674,-0.013116069716511802,-0.01721526480087643,-0.0072464819784499035,0.00017199264496126077,-0.02292758519249083,-0.005620094186469693,-0.007952364001699408,0.0018535063498408277
2025-05-28,-0.006469296318463824,-0.0014535989272199679,0.005116174836402809,0.0010827657468199803,-0.00028590069607914437,0.0066709200262935475,0.003590727660369275,-0.013730681756290997,0.0017307651555595882,-0.0007528799806840736,-0.0014922654199348573,-0.006686007357451285,-0.010098556923190283,-0.004095446385175672,0.01052233758733001,-0.007646311502613412,0.004430716893865094,-0.013816672108405648,0.002093652980873717,-0.011543067999887358,-0.010482902882039014,-0.01602313185070614,-0.0075986093062409,-0.003303230270225388,-0.00048258128183253923
2025-05-29,0.003468121654575773,0.0020795460868408,0.0018571552784039103,0.00877962386811415,0.00011443713927472565,0.0040407757478244655,0.001004321429348698,-0.0034508109577129353,0.0024683179304862968,0.005859224084439285,0.0035192723020713856,0.00494690412388632,0.02004322710144346,0.00380459666313282,-0.006851938692696513,0.0019897391943315412,-0.002058522215867109,0.003736021649613397,0.009053512458338187,0.0066976590219605114,-0.0038642269206331514,0.0027585813035935214,0.012466013900887418,0.010952614395502325,0.004506697717471475
2025-05-30,0.0021864194149390226,0.009027269201477672,-0.007346289193481237,-0.0005755281262141976,-0.00991971847122708,-0.003970874811704106,0.018749616208126874,-0.0016716483893102208,0.005416778985832815,-0.007905505914528765,-0.003314763843476398,-0.005890874952951708,-0.01306035465270361,-0.009280174551605125,0.002237991661600436,-0.007774512292761049,-0.01606018592812919,-0.010701206737098956,-0.006832776558747478,-0.011429494263378026,-0.015342300901393102,-0.005235731150954104,-0.016312614701029515,-0.0018789498119372583,0.0024034387982785343
2025-06-02,-0.0050672635520357945,-0.00658139101779831,0.0032507805416828184,-0.005695232309131937,-0.003926794764828601,-0.0011313079331155551,0.0016619648927413966,0.0029900574369707833,0.0012244535389449585,0.0018454169479302784,-0.005350174354936121,-0.0023540936998249773,-0.0017882940923821256,-0.008298140670536802,-0.006753499831498533,0.009922131313681248,-0.004043150070856316,0.016494195114656662,-0.010979807692473642,0.011388986475817653,0.003364164900494737,-0.0013380073986254404,-0.01575690774022087,-0.007970520054547237,-0.0027974370248146085
2025-06-03,-0.005800273178426574,-0.003881704007717812,-0.008686698420884098,-0.006950710778507507,-0.01292836475078385,-0.006903564341965818,-0.0047317994072001435,-0.005604443190226016,-0.0002194355819292726,-0.010800381957112526,-0.0092556606513845,-0.01318145134204507,-0.004239769923088277,-0.001616790594363704,-0.015298475472865114,-0.008137924679873287,-0.012930260509365299,0.006807956949674399,-0.010891049554585086,-0.01637936343471691,-0.004852964253863834,-0.01429215613664614,-0.0034213485394007925,-0.005894687006146038,0.000481038988730198
2025-06-04,0.012806787396711927,0.008625134369516951,-0.004798659553553741,0.005314308611814145,0.0016888792870091152,0.018519518845046212,-0.004075088746931299,0.00011982570388013869,-0.0050208682032918395,-0.008886974625512134,0.0008804417313061919,0.002885908931421266,-0.001559207682060637,-0.005682135053853177,0.0008909595950130633,0.005186368535098351,0.003046432927402698,0.0022649124764710926,0.01619267642011657,0.0010406404475216124,-0.002970206891528826,-0.00018120594464554607,0.00835585515460413,0.0025993725498734133,0.0028838558737567244
2025-06-05,0.013277120171936607,0.004327195311416787,0.016631704306069972,0.001998493314153027,-0.0028985981908249414,0.0018129082416411535,-0.0006199664322884546,0.005035990991046235,0.004439561449531615,-0.010247717117274235,-0.0031276309438859062,-0.0030420436500064874,0.010931498250473348,0.0012000343127682722,-0.0058974298876868225,0.005032666227448468,-0.0018222697518895936,-0.003864520179776898,0.0014101208300594248,0.01975402818000549,-0.002445579059131675,0.01142022493969308,0.003918719963178718,0.004374917523172206,0.030913094003265806
2025-06-06,0.0007626139236709406,0.014926140501737573,0.0033681236345242116,0.006112073665204276,0.0038859220319533705,-0.0045773400504981465,0.008746895546670519,0.004652818385589841,0.0037610222682133987,0.03071617483075939,0.016422311941107992,0.02770909804910837,-0.002317170877987884,0.015953210515868843,0.048970252754392485,0.005638894696310404,0.012779560718134686,0.021337360371394443,0.0011969452418350013,0.005267546355731456,0.0007576847753956173,0.008423748794225805,0.005310908781614554,0.0026215769750732587,0.023477359632788408
2025-06-09,0.0036716435351531462,0.00010118787059987255,-0.01705815656502563,0.005819158641383382,0.011139938150658057,-0.0027269900302715477,0.008609607073667425,0.004750004845935463,0.006181099458161032,0.021178632488430216,0.03125307905791885,0.01404265103822544,0.009051964134240809,-0.007303630476463319,0.025182666547928445,0.0014225769211042572,0.012768406735279347,-0.006148436993410833,0.009563941101273565,0.015889275474941567,0.001202574953890423,0.0006221125037126907,0.005091984635461344,0.010861243997389192,-0.0013627696315664517
2025-06-10,-0.007109403277025583,-0.006872516119306393,-0.008293956973374428,0.014686236400958341,0.011981721644962473,-0.004289388651517734,-0.003658334778017691,0.009336999993115436,0.0002446556379755993,0.010574617530201058,0.006033073046216586,-0.009258476114132108,-0.003304944316320002,-0.002744812650303574,-0.01144939556743485,0.0008357508675258529,0.006229703894645056,-0.006445519252545329,0.02013103753437706,0.0018301722384892471,-0.003793743070134803,0.01163404588212913,0.020138014442878438,0.014246530567984639,0.022515493242596607
2025-06-11,0.007229809741173154,-0.0075815761441127005,0.0056926315481129475,0.021992391472247963,0.0025989073449081967,0.001669293338303346,-0.002447844888097128,-0.001990666847159539,0.0013587762090492284,-0.0011356087428185946,-0.0026962472998222076,-0.005431431826503852,0.0010657580706492364,0.004937349169472638,-0.007633570510822252,-0.007849057490193379,-0.0032429532296194274,0.0043031888786901895,0.005667445169270646,-0.01860157673101759,-0.004551710078665949,0.00640854310428618,0.01651254420103032,0.01589049709827517,0.0017051395420797366
2025-06-12,-0.005038255784043266,-0.0035890295208462764,-0.004053143019272509,-0.013794249148698423,-0.010858544605813925,-0.008601241307131358,-0.011164917759990622,-0.012084913666849384,-0.021955116057464252,-0.015023460846163239,-0.0086235552153201,-0.004979064994642068,-0.0018927532428322236,-0.025101683478700454,-0.005994692972668303,-0.018389244180946007,-0.013013923121296345,-0.019962971887452996,-0.02858502194190382,-0.021831103570510435,0.004798977159160112,-0.012299408031122838,0.004213670714496631,0.002664775140386766,0.0085856646831024
2025-06-13,-0.0095033733687242,-0.013275708750848492,-0.006385073422077503,-0.004102943226534594,0.00334862812337966,-0.0020604586847181583,-0.016874563059850023,-0.016864641248345635,-0.004578355235629328,-0.005853864281276655,-0.009121645686655966,0.0014528385152365875,0.00023701535267672824,-0.008920632499086367,-0.004002800026298714,-0.0058728824910962985,-0.0052440925801370275,-0.004372029488527107,-0.004613179206823581,-0.01211072323179918,-0.0023429650537810653,-0.008743233474852952,0.008878637823110047,0.002311218516262148,-0.00014678423678815555
2025-06-16,0.006933309097606699,0.009282435811056589,0.00762665206679447,0.013607966596709042,0.01468507121546847,0.011356225932027897,0.00018938196860940337,0.010388990562064215,0.011512482564939974,0.00796157078883497,0.014994725291067601,0.00983232945716428,-0.0014811413876025803,0.004734302943695257,0.005251371778720593,0.0036221845535631125,0.00527173806259551,0.005855053486215178,-0.03567157765330531,0.01103330507977418,0.013819789015548478,0.02414468800781666,0.021036814892123612,0.010299418791125836,-0.011522983906529172
2025-06-17,-0.004590408089462872,-0.0029967853941786915,-0.0025931330137790587,0.009915086399086004,0.0054342904317330465,-0.0034921681683547368,-0.00025238307564101614,-0.001912935014777295,-0.0017636606420716738,-0.00024687162645242733,-0.0010284825861213154,0.005187503933875792,-0.020827238924701064,-0.009423846948950931,-0.015991504159470926,0.0005156490530102698,0.004495112702305848,-0.005424122491010208,-0.01733055529638805,-0.0003465091642295137,0.008909609490135084,-0.009743374285643536,0.014581689443511348,7.614284889689849e-05,-0.02078992212946784
2025-06-18,-0.0007685818469123085,0.002228485640016986,-0.007448012091143763,-0.004268624038181401,-0.018177811796569077,0.005984504275375446,-0.000504815153896887,-0.0035937329627980796,-0.005742228241543357,0.004855535883460771,-0.002059082903152154,0.01214773380809464,-0.0013331955276049134,0.0182342097204633,-0.004333654756318306,-0.013441601938134595,-0.008353321596977992,0.011273011690383639,-0.006669097010959302,-0.004331933246597419,0.007329486232451554,0.002020601038949854,-0.004596849787576129,-0.005020808747410399,-0.004170466237315207
2025-06-19,0.002237695986731625,0.0007239431986829636,-0.0009201389956100536,-0.008879911401724061,-0.007938760834184877,0.005948836240874611,-0.008587055155587442,0.0002404873404771024,0.005442242248162366,-0.0028664588663402935,0.006565315219954293,0.004549745893266177,-0.0002426818777307993,0.010842515236261674,-0.020130633647900464,-0.0013494193626262252,-0.00706979372219696,0.017658042192559398,0.0030584796739188125,-0.0029585616228513523,-0.005873639241142703,0.0012274470560700301,-0.015607530605268427,0.015252783321625829,0.009746331253079221
2025-06-20,0.022953917524542122,0.015191354266358426,0.01119528533703118,0.002780514600576822,0.0034171723735036963,0.031806025998814436,0.014074746791238102,0.006129760235219273,0.011294845961053568,0.0026282532555150784,0.010901930040797758,-0.0011713694418247211,0.0106214846749626,0.0038798114887359514,0.00499725477645363,0.005230673626592353,0.015603796712823081,0.028951793724225183,0.005801081657824225,0.023215246157964664,0.007804275843589004,0.0033274572520576307,0.007185288554809377,0.0036147987319332664,-0.0006032485929560183
2025-06-23,-0.006411090241396078,-0.0082963582799771,-0.004905035508462108,-0.023969441801684144,-0.012253732896114311,-0.00020652117810648907,-0.0074734858618838995,-0.011109756765263379,-0.021381789432576626,-0.005406693987771161,0.006590524322869884,-0.007192590851153535,-0.0015614551779529195,-0.0037795028434587374,0.011602213731232824,-0.003111008006238536,-0.007756554566779039,-0.015513074863044318,-0.007320357326341287,-0.00972368504913479,-0.009450066880782981,-0.0007854107889221362,-0.008431124592644057,-0.012380926136275838,-0.005583627552947834
2025-06-24,-0.00411860249971141,0.00641549064399527,0.002816680935695315,-0.0015152157074030947,-0.0009430862769067572,-0.001394386368614775,0.00658058778500803,0.001087228934146811,0.005887796309075988,0.0058479785404597084,0.018085291159076755,-0.006929623338933766,-0.0004812791767138114,0.0057905561962798835,0.0010923060308249966,-0.005274430554441767,-0.007967499440976633,0.004816585573184318,0.0035754098569569237,-0.014814704113895072,0.004946806308730345,0.011354664412229765,-0.002794707426552079,0.006572080707137884,0.014720478442517893
2025-06-25,0.01137306138106009,0.009842427771912687,0.0011937161610562352,0.02105467097223035,0.016045493889211837,0.01654940633269608,0.005846063301000903,0.0048268892545269,0.004161139202641939,-0.006468975978253577,-0.011378034545714288,0.012370217394930938,0.0047542695232447585,0.03579121588671286,0.01254774629705313,0.006892996171558474,0.0027276053524973864,0.020761190221609827,0.0012617986440872642,0.015736931075882588,0.0020216648762556577,0.013299927623271035,0.016635973428238415,0.01675657958466026,0.0032153395602689816
2025-06-26,0.01908266081831589,0.021007950504282613,0.009328056294600096,0.0006812084707270571,-0.0008709282677733521,0.024776246072820918,-0.0037497100209235024,0.009487098751063572,0.010995088019819077,0.01664883978114351,0.002547442860219462,-0.0040730736989319505,0.0001198451414232693,0.011636818519782377,0.02532323318350649,0.000921733583433948,0.019041778799566034,9.334928494997285e-05,0.012231285305934092,0.010501016352222559,0.00434229942057951,0.018580102370091556,-0.008680445857581098,-0.0033034788690781136,-0.014982166917212547
2025-06-27,0.0134420860335005,0.007550723727140385,0.016051671251746003,-0.0049505218141940865,-0.0002032627752545091,0.00635445199302298,0.01047612157739275,-0.003925777500489058,0.0053557734436091575,-0.006809983402759401,0.0018149586504800919,-0.005741228641435225,0.01065990640468506,-0.007713679679350771,-0.004729339433708013,0.011443164844477272,0.0034109539308047054,-0.0038870509483309723,0.0060783402275090825,0.019591094717655855,0.03008996582132495,0.021922828354906443,-0.00934795057884985,-0.012922794423762873,-0.015512580274621102
2025-06-30,-0.009766436377643628,-0.006650411176157944,-0.011215846680451613,-0.0038557206878608863,0.0060734690003880765,-0.008632996030964013,0.01856221308510886,-0.00525489802733381,-0.0025549051666508005,-0.021141205314877953,-0.02010954996215719,-0.01914262087763241,-0.007051542973129821,0.006546253960316717,-0.011087648653417603,-0.005331776023170032,-0.010050298756494658,-0.006274806154488277,0.0016013860402035451,0.002172052271455227,-0.007461615921850462,-0.009825556003238756,0.007525099828250115,0.0035088041988469154,-0.013604860409928476
2025-07-01,0.018525947099128137,0.005296008397041696,-0.009544963653943195,0.0031214954024580965,-0.009329948878698535,0.0048766243862974346,-6.097267242688442e-05,-0.0032417147979592054,-0.0008447476146040689,-0.02159760511253539,0.009290438087429242,0.0033871424634934755,-0.005072480603431573,0.002791133484207897,0.00016019806592471042,0.0003922449671103223,-0.006867551513963233,-0.0022303817383227953,-0.006104680415995212,-0.007835971418372889,0.012131034899086623,0.009674943909522948,-0.009365758028436422,-0.005376414240927718,-0.005065164136171751
2025-07-02,-0.006281089763032099,-0.012971503743565815,-0.0029329163706924843,0.0023027092156833184,-0.0018658731634740855,0.006883217801401997,-0.009021021402258467,-0.005179401566080211,-0.019063466314111932,0.001704656887520306,-0.006640398196831265,0.014467104452313029,0.006178130244750113,0.0020267760431724735,-0.014573263140710169,0.005053439070537014,0.003457520456829455,-0.003432016062010601,0.006946499426524921,-0.009074099434789429,0.02105912574780122,0.018509400522792818,0.0035303278316880515,0.009261039015719286,-0.004699204986769123
2025-07-03,-0.000658344818495471,0.0005538408190581823,-0.0013307624546881058,0.005091572833707092,-0.006572576035120958,-0.006885325068221593,-0.007135051327562425,0.000968588647679347,-0.003864568213803099,-0.0035737083590986485,-0.019593326669286815,0.010299544330514943,0.001311425068892147,-0.007901875275833858,-0.013921986496508776,0.0027306225991907684,0.0025468521374318875,0.0029066592707069905,0.0026868919144056314,-0.0039002579447043884,0.0047533395301648795,-0.003055609874104137,-0.0031004435363128913,0.0001873059980241898,0.01613166509656616
2025-07-04,0.006259085481400639,0.001107193704058096,0.011852234252771598,0.013591168708936285,0.0055868189245125155,-0.0010399931658826578,0.0058852643668976246,-0.00193545764444214,0.0032656045441725734,0.006409745092749386,0.0015047301387278722,-0.008312495733898806,-0.002024160276998699,0.0022290548352030815,0.016645602788676994,0.01119574054720096,0.0026898887642474723,0.004255184135267154,-0.0019554387797106054,0.0010215455997861778,-0.0027562056225782783,0.00871107166799101,0.008100329299162379,0.011233837304488459,0.012467948880576785
2025-07-07,0.009297338276263556,-0.0009551381479701027,-0.0049211309599296316,-0.008350104105224077,-0.0023685252854455108,0.008278805421503499,-0.006158732884850804,0.008726216330008363,-0.0036722285835930624,-0.00212293939549546,0.009390523112384086,-0.009963522589172435,0.005446531455335579,-0.00564150514413686,-0.0007024393973462661,0.030393533908293913,0.0058121900751963995,-0.0007272808969761568,-0.00029026883985439067,0.0064624684027425605,0.0076726746036333004,-0.012873860479840737,-0.018910070410528057,-0.008516970636960997,0.0023711058680426778
2025-07-08,-0.002530062867381666,0.007044384340888721,0.004388166681729588,0.007191171922412254,-0.0016121804804564155,-0.0019175515934504173,0.007188475521063387,0.0025231771281573057,0.006980476157009363,-0.008254599412142682,0.034747392061045934,-0.00846652895964628,-0.004405014994297907,-0.05849362894229759,0.0032444908343731704,-0.007343137107297504,0.01703941721004787,-0.0007278102194453462,0.006314867678935965,0.0062522309906754,0.017111547447246744,0.008100481057448983,0.007081688803925568,0.007096183342336859,-0.020373876068180974
2025-07-09,-0.01209672737504952,0.0048964886598470425,-0.007004052591730869,-0.0030512832558889924,-0.006576210409969918,-0.005073889381376984,-0.002091948955528,0.005393145335293781,-0.007403481649509769,-0.0006007589416746617,0.0021577952529054922,0.004511043043973428,-0.001853560609944127,-0.0026734114074806747,0.013959906684602341,0.01283068144101307,0.0023310567368028945,0.0058267225037469395,-0.0005770621693933498,0.006381077099187449,0.005755402825089018,0.009401374686747177,-0.012596270629144146,-0.006860717103911895,-0.011216731758884269
2025-07-10,-0.001185043006442732,-0.0024860444906276147,-0.0054473730604578385,-0.010956668972977535,-0.0005319470188309694,-0.02733074899489496,-0.0036377071404014583,-0.0061986064485803904,-0.0013967720255528837,-0.0003433023885686115,-0.011438523598767847,0.014434620125058473,-0.004133207142354323,-0.0035838096247441387,0.007495314734600855,-0.006189654915994436,-0.007412710203887007,-0.004376182871519418,0.0040415898767847125,-0.0013348389587009013,-0.019088414386491892,-0.003661837223508213,-0.009103370834244062,-0.010268884749951912,0.0009512799184985266
2025-07-11,-0.01450032197239437,-0.011215174409386575,-0.0015448450172454997,-0.012934732804776639,-0.034299158148469844,-0.021684937779325564,0.0008045293572469525,-0.0001200080158905159,-0.009539223939630137,0.008159405770636008,0.007623116423707499,-0.006007813373154258,0.005714314082620353,-0.017018571320418285,-0.014931725740660151,0.046171924764905725,0.003660827146646728,-0.028206409198650473,-0.019838981844472636,-0.0023393285460506785,-0.004895531867494474,-0.0016778436108098038,0.0014998866622237816,-0.025466922922879998,-0.0062569328643333755
2025-07-14,-0.007691329035668826,-0.00035286990087468606,0.0007736612489150918,-0.015424202281163257,-0.013257828166635344,-0.0005203112710459035,0.000247265746440517,0.006237940645649864,-0.012625035519031158,-0.0009372046842541781,-0.007565444162063173,-0.004771769722503372,0.006339693803597557,0.012821259215826553,-0.01569361792827062,-0.0011908235850744964,-0.0017508431319942508,0.006149950911173763,-0.010706932485821885,-0.0011721948136238503,-0.015414790072756257,0.0016806635013275617,-0.01609987091104459,-0.015679423890353816,-0.003267660296483288
2025-07-15,0.0011458537942672375,0.006303589038414659,0.0054813560406543615,0.00974336078173299,0.009184812374586127,0.006923813780963517,0.009396080185865907,0.006437826703870053,-0.0005434852360581832,-0.005798514587698866,-0.007124065225095899,0.0017579369290727787,0.02668491676832052,0.0030252428751829097,0.010393477383165761,0.004092897988870803,-0.0002923652683388678,0.011804251285741918,0.014677524119097285,-0.0005030649481481131,-0.003372856546173142,-0.0011185089922594038,0.0014588175992398256,0.012389365585015133,0.008236058565737725
2025-07-16,0.0001346130302264381,0.00040084173022969516,-0.0030752219045273588,0.014064070435026554,-0.002529811857402642,0.001240857568161502,0.018678419192883933,0.005922736308724197,0.002804841970195371,0.002144243323837003,-0.00397601689436522,0.002233570929775608,-0.015340076160219707,0.0006735000744508834,-0.007162931168087194,-0.0036803871710251457,0.0013158896030278644,0.02170299103344453,-0.007890147593399788,-0.003355171052216388,0.0071026209501865445,-0.003919405730724135,0.01830271073051426,0.0209789959806439,-0.0011896688305305103
2025-07-17,-0.006192692010126066,-0.004708719780822879,-0.0053981956327595615,-0.015175073130557992,-0.007392324544070017,-0.003459617458498654,-0.0032463966819724632,-0.0015307994235908007,-0.00850504307964739,-0.0073605023422346205,-0.003946038023070031,-0.007004082064098083,0.0014108730792858903,0.00468208323674868,0.0016815810379484653,-0.0030982457162292976,0.0005839479764853106,-0.00046925173951162247,0.003976448562757584,-0.0015147178969818764,-0.004812328696620405,0.0033726636279785005,-0.027489253266522184,-0.00837127293583273,0.0029378686479406557
2025-07-18,-0.00027095061635218354,-0.014847255622457034,0.005004553369734044,0.0016419553742212933,-0.00601404711784026,-0.00674020502199657,-0.006815472639172593,-0.002830522778902611,-0.0026482656943042082,-0.0521641583524336,-0.012821168049669263,-0.004568781990324733,-0.005753201504228422,-0.008854514909390154,0.020253444580099034,-0.008048425839342066,-0.0016051045484769544,-0.0008137772747426331,-0.002127003629564972,-0.00826048220412745,-0.006878226530220077,0.00024012918179505682,-0.009464715031517468,0.02436685584293019,-0.004433526234744245
2025-07-21,-0.03211388916092317,0.022019047004099512,0.028054467531247296,-0.0011348073721365592,-0.009937545879653453,0.0043134866176515185,0.0010324568480808427,-0.0062684777267918435,0.010967484183942,0.00027282246003390576,0.011539364589792989,-0.0011272665556286698,-0.000767507603431361,0.008845441905715568,0.006847189201843351,-0.00992123891534602,-0.0016076850510649,0.0170091155616936,0.010584316820590356,0.009688976262686388,-0.0029382046318056076,0.0063209743566372545,-0.003292656980295572,-0.024723759612265694,0.0014314430788657795
2025-07-22,-0.011059745551301958,0.0032991454681567944,0.005321305626571071,-0.008458025565570737,0.00044330359565436517,-0.0012569778781604812,-0.011162343555379484,-0.009759575756610683,-0.010905581148660581,-0.0014550636202875777,-0.002309218399001667,0.007013320389819722,-0.008450087444567322,0.011476800209252902,0.004322778419323603,0.006004165130524264,-0.0020494815995318882,0.0032340497314646832,-0.020437816760153882,0.002693604919040471,-0.00429398274453352,-0.009938820242502477,0.0022023562572337507,-0.0024966153237554467,-0.015325948944784451
2025-07-23,0.008352212772528844,0.00856965313813407,0.010179094448753201,0.002291656053789337,0.006171631355441187,0.019404186158732628,0.006932547881932871,-0.0025240098689200963,0.005859225740290741,0.0061931150869325435,0.004721748615691412,0.010806918439133062,0.002681812041909426,-0.00028801321178606454,0.016534603191958652,-0.011815872585004383,0.00645432347433661,0.003561430452733605,0.0247994533466116,0.0048691034404595435,0.004312500547470233,-0.006424618348275124,-0.00038787402093909407,0.006545923343301618,0.00596776304337987
2025-07-24,-0.015232314313711859,-0.004989442785946707,-0.003493146289979987,-0.013972705346624426,-0.009782623996846707,-0.003961350396020524,-0.006031816097941567,-0.012049658281530151,-0.002123431973139911,-0.008779851533916916,-0.013039054626108326,-0.005543724062650801,0.005646314022742738,0.0037448976351839303,-0.00965606905255667,-0.005141972027574826,-0.01209729855548436,-0.002416855360455883,0.015070301379274342,0.0003342351369051144,-0.009808721265333054,-0.005496257083698608,-0.03103574317947888,0.0017216210731656467,0.014510100444087515
2025-07-25,-0.007983564911071106,-0.0022894633978292056,-0.004247060917104917,-0.023703702374586855,-0.0038754411455390603,0.0009297468755671279,-0.01121741647496155,-0.0013416824471476074,-0.009949694673800136,-0.00821851852926092,-0.008169528891689981,-0.012184415321874642,0.00413704432557882,-0.006199041940683103,-0.04713493293755433,-0.009188700709216069,-0.01681899889451577,-0.0044466421477822315,-0.01870087335285442,-0.024219244220980984,-0.006760061289041275,0.0019220023381563145,-0.024489526029141562,-0.010120305120180584,0.009798531225009954
2025-07-28,-0.00294607045514228,0.001945526375720652,0.0076502232021946615,0.0001979054105702982,-0.018017741880684168,-0.024562625024190043,-0.011654522847277526,0.0012212931228576807,-0.006012368866316176,-0.01150906014684927,-0.07436699366939703,-0.005159656773104482,0.0018835237279182238,-0.02015704621269776,-0.03638853226266381,0.010847164951371058,-0.0007503887825381916,-0.011273978149205721,-0.006546367469295933,-0.0006847246674094309,0.010016379882358262,-0.0008163130503198168,-0.007729753061005096,-0.016325750717913645,0.0074341123030261524
2025-07-29,0.02125974232938521,0.006522271262082713,-0.0014781898242098856,-0.001517197325189068,-0.007566666107903908,0.014812454480433113,0.002571621835027349,-0.0035374454340607597,0.021448243206922957,-0.008755537141877268,0.003101873085520568,0.010453793299592062,0.00487602882341065,-0.004067274148109257,0.006871124670132955,0.004914853357117277,0.004955695526646542,-0.0032401001359726456,0.013837951045299057,0.004111054550952842,0.01775713243425736,-0.0015523026338016832,0.002206100394972932,0.006998592734503539,0.009631847415643602
2025-07-30,-0.004939664122301846,0.002077587109102108,-0.0025567739108900422,0.003501506411481614,-0.0007852922205647817,0.007454476813180788,0.0030655600691946727,-0.0020809959317261706,0.04848950053323531,0.00855105285053459,-0.006590032578630334,0.011949599638315878,0.01362174743745137,-0.0007989310473651701,-0.0019175712435937076,-0.006602672129046749,0.012552214945077633,0.0029692595619572604,-0.03452010681823581,-0.014159048264106078,0.005954662443487191,0.0038458979371780444,0.006465757755714563,-0.006354291103426446,-0.005924092006870496
2025-07-31,-0.014112474038723288,-0.0037516518796361087,-0.000674555532673371,-0.006583292960204434,-0.005501698806680166,-0.009469086454774067,-0.006361884653781513,0.010672297499175754,-0.0078033701131321465,-0.004565374316303661,0.009644367365769568,-0.000792469101883353,-0.01563048855765392,-0.008648005877730625,-0.004124976889136156,0.034380962879891896,-0.013429715380644414,-0.0018074030564939614,-0.003739993700849986,0.0070946931756408205,-0.008154598411654335,-0.0015487596520290525,0.00034164023639782215,-0.0075938682359806275,-0.01687164509449357
2025-08-01,0.002517666933043783,-0.002972929019413595,-0.0066154581758712805,-0.026110111456710716,-0.011130166521699625,-0.015619319846700175,-0.0032012696807022234,0.010923597902079862,-0.013529432700439492,-0.005615860248619042,0.0069746431042121415,-0.013709620149819468,-0.045116252985169525,-0.00935085652399803,-0.006354981946248284,0.012890612137214541,-0.01002241158506556,-0.013674225179228672,-0.02567765378203446,0.000859005203428076,0.014565231958876934,-0.011102926072286468,-0.017011591050180574,-0.022351998435085285,-0.03912473801391603
2025-08-04,0.012771749405182442,-0.010038762947834123,-0.0057080704858827325,0.007417015227782597,0.023776079653033744,0.01602628667061845,0.002141007728412525,0.0009605251670197212,0.01220970938157917,0.005835813457270245,0.002308726986474552,0.005121155074598649,0.007301922263047045,0.012153201741420538,0.011078130437667255,-0.003915856820833508,0.0033242967600091156,0.012945873621379889,0.007320669490703979,-0.011330332711184221,0.0077334947454157366,0.011888021624935519,0.025159848209180158,0.013594219921210904,0.0036048192945692392
2025-08-05,-0.014027645661354837,-0.007228948535774382,-0.012848578075037143,-0.013643940450054126,-0.0034152365386060923,0.008983654954102915,0.006158088902781689,-0.0064772080745506555,0.005921127268898152,0.002058824370014589,0.0030045197915680166,0.013910172272157961,-0.005786991092555649,0.01844291561731004,0.007455118347940104,-0.003538135705015155,0.0048192938835640575,0.0037497506127910363,0.0015299682255476288,-0.006772199653110267,-0.005306582284343331,0.0033450126393250734,0.007050812300286147,-0.000568981713829797,-0.008326446523406972
2025-08-06,0.0007903961995867625,0.0038936654662875547,-0.0005537730080317216,-0.01616115371408955,-0.010313519438610141,-0.0010871084170217538,0.0056832941126434555,-0.00519135966095241,-0.0066255255854787976,0.00018676055881683418,-0.00029952144485789756,-0.0010368806626595006,-0.02260892208179388,-0.00014625418734126594,-0.01709829718644329,0.00035518753254493163,-0.004496270160017857,0.004763127381976595,-0.0026733777511154244,-0.00419564208523826,0.022324400887380857,-0.0058545947585361136,-0.0177730138535398,-0.02419584371475436,-0.014899690866453708
2025-08-07,-0.002441008878437123,0.00508739190862606,-0.0022859230722696022,0.00013925052897567625,0.0048476967067612176,-0.003679309253245,0.0,0.003883521543247559,0.0036380207101862627,0.004855210028754886,-0.005143846955706133,0.008623414288301046,0.0020060849751277754,-0.0005852456601984635,0.002794691046712039,-0.007138479443100532,-0.007076273965748947,-0.005081309280253632,-0.009726539467463935,0.002633449860450998,0.006141623361553883,0.0038442434644601065,0.015764247812542598,0.009834979248042108,0.0034261354514273368
2025-08-08,-0.01554635100336188,-0.010774760784228898,-0.00305493807010937,-0.009604040734449537,-0.003478827321332978,-0.033288273651864486,-0.0010557177418228925,0.002176035044378688,-0.009336561033916668,-0.01681844331464577,-0.019778137311606048,-0.003324860846608879,-0.007194669309169122,0.013028086370197478,-0.002218135494806317,-0.007507331980547094,0.015162778139652167,-0.02083408401319642,-0.019798930292325267,-0.002451452992343839,-0.012327924241155475,-0.009451648034098925,-0.0010795510973429234,-0.013494602250565979,0.008827449390094833
2025-08-11,0.01345223906930193,0.01099339634295271,0.00048741969928922657,0.003583755173591552,0.0014490794777888283,-0.0006456326621493425,0.02380949989759995,0.00566949786366866,0.016853316801737517,0.014365436959339117,0.01188094801794648,0.0005560181858765834,0.013548359351615025,0.002225301513985034,0.0007409988488054076,0.007924338124724262,0.004182323542294419,0.013357993842666671,0.03163961428837947,0.0,0.005453227626299295,0.020399760618065033,0.0004727392314833878,0.010750850202219997,0.006686473482271804
2025-08-12,-0.004184030550368867,-0.01287827459922819,-0.0025251962674345263,-0.002870827310884727,-0.001775865191787962,-0.0038225277050073503,-0.0034610757631355904,-0.0011994659144218822,0.0048249969221307865,-0.0030746561058666577,-0.008553068243528639,0.019290242601480267,0.008579925321425597,0.005450040086703911,-0.028252469723849982,-0.013738849152272525,0.011750910092728217,0.01578677833795128,0.0005353518618234077,-0.000702152274008605,-0.004338920977297711,0.003546978649767052,0.01903999645912169,0.00041390443715139114,0.0006560769619676776
2025-08-13,0.00159364347911084,0.005279416637375078,-0.0008438630088650756,0.0017554987816248424,0.0002636243395883753,0.009241735700334264,0.0015232467197041633,-0.005404155495772445,0.002061767140696613,-0.003738346566864781,0.014650398416088839,-0.0004672967195893385,0.010849521933803619,-0.005735912953383271,0.008206309413436808,0.004549442475386689,-0.0004410802276338943,0.014120201068150706,0.014753109226825378,0.01247154296288211,0.008836576625960602,-0.0038557476967893134,-0.001987734172542943,-0.0002896197833236469,0.027124429542983997
2025-08-14,-0.002396234915443829,0.005453712621415141,0.004574900644521929,0.01479041315594909,-0.004578166502353098,0.003427213626405967,0.005718853936892865,-0.006399417910115557,-0.004521175595089133,0.002063731342702102,-0.004779401021520857,0.007947681338327683,0.0009757612462699683,0.0065189202074869,0.0016860712675732525,-0.005811350618253552,-0.0017650994610076687,-0.0051185428456040905,0.0012805259548731573,0.001735031194966652,0.011399131076689661,-0.006773615788169818,-0.013012042240764798,0.021353297511928826,0.005584844990977222
2025-08-18,0.005750387752597064,0.0062779420585099555,0.005114495053901047,-0.008219828188273048,-0.0036727483151917095,0.009873025851642403,0.0013308858584957228,-0.012516752673251808,-0.011395137707170488,0.01348074954682943,0.011727796378732558,0.08750771650123457,-0.005300403080096605,0.01874252808030863,0.0507864937857172,0.03527372700337361,-0.009724466604217885,0.03604466247141613,0.01715327111959808,0.005715148664383385,0.023213539378091008,0.03637245785179899,-0.01042573858522633,-0.0064826977320948664,0.0018247330370342318
2025-08-19,0.0277918481328272,-0.006238775388107354,0.0011850014681662469,0.002925123832064891,0.0016604927366954403,0.00919508155108728,0.0033226422400636224,0.006891565585513737,-0.006079612775474197,0.0005541747890529525,0.014240055708940602,0.0129371688932447,-0.003736149203324768,0.0037414455061861585,-0.003203758758539399,0.014290729314138106,-0.002975816976468204,-0.008601585818711954,0.03587275301983306,-0.0038050954518019653,-0.0030919518217550346,0.0076772718327222655,0.01733277798250743,0.0071367319566688625,-0.014651148333379216
2025-08-20,-0.004999603624136206,-0.001456464608844743,-0.003968527410984968,0.03902776852056866,0.027319242767535723,0.009792151650679148,-0.0017461341266860053,-0.007455491274127257,-0.005729306295208958,-0.0027695648094180347,-0.0061087067425439345,-0.0020351066100021686,0.003996061343320534,0.0075390232769798615,-0.0160700068508991,0.024953881176229542,0.02074320845161637,0.012403114802017834,-0.015208936004615037,0.0013889860380029706,-0.0036054608781295183,0.0008551905706077889,0.018306900076514143,0.015711044630839055,0.0009645293325919457
2025-08-21,0.008351050852788644,0.0015088937729046403,0.010764703351546778,0.00013371289742147852,0.0012909906137301697,0.0007778934177051777,-0.003920607712559865,-0.0012313690597990368,0.005650940375387048,-0.0012034363927715397,0.0001487222613663075,0.0041488445853472555,0.004347502064527831,0.005924864145922415,0.008785733762398884,-0.008165381942294658,-0.009356758279023047,-0.006037197330947763,-0.006090338337950252,-0.01525656063042391,-0.0013617625333735006,-0.00031069859735910477,-0.001837070511904515,-0.0037075648738650324,0.02505211813938124
2025-08-22,-0.010948986783200665,-0.013358792659587726,-0.006638941201889681,-0.005947651460804226,-0.015664427064931763,0.0017617093691926211,-0.011444878253685342,-0.017876943304709236,-0.004650377867512323,-0.007415016501089666,-0.015462315421114203,0.0048319012546793605,0.0009755984722081834,0.0012996548342174563,-0.001228207072750287,-0.0068353782333674395,-0.00531280617018548,0.008266364499820211,-0.007441003167041549,-0.002288711815349842,-0.024195452506883153,-0.02183378591168783,-0.010714532604417792,-0.0050818409516816265,0.0007833907685177444
2025-08-25,0.002412750251587381,-0.0002544822092365173,-0.0022278561375354,0.029983180470175563,0.028356392150593823,-0.001344884270582658,0.00024503962235122856,0.002636254424627893,0.0020301755163931734,-0.0008404011292655333,-0.0016611597310873805,0.007178181868675582,0.009075327279763679,0.008395460548620726,0.00704300193849372,0.0006463819246700364,0.0025222904731228013,-0.0012048138617317683,0.009554621824413578,0.002823226627049147,-0.00463171047515798,0.0013504025481922977,0.014684375358429369,0.020913701136386464,0.004931181247953775
2025-08-26,-0.019609227068779322,-0.008808058620231485,-0.01158244350649218,-0.0016317510455677864,0.005285492455895158,-0.013466634092450858,-0.010533437545424684,0.010016223788419376,-0.017151945706019966,-0.018598111474496415,-0.008874054611535231,0.018129022570759767,-0.03404350810987622,-0.015719967621056652,-0.027253503689802394,0.023179911046009805,-0.013763426430247083,-0.020035910020408387,-0.007498506266512162,-0.01495686716035094,-0.004613094119150896,0.00031730397546936295,-0.01630549227122735,-0.007130412048106161,-0.0161228654834793
2025-08-28,0.0007221359781603987,-0.016026371585568855,-0.012353565256034371,-0.01928603316799038,-0.02011267472688849,-0.01239038244974433,-0.007303332502144766,-0.0060741134201104385,0.005308788990465496,0.0017140949232123948,-0.010683262559476048,0.002582568277507802,-0.009123391011456206,0.012159100620886987,0.0006847122810260675,-0.014187159358397206,-0.0072030481539219204,-0.01065803610856364,-0.009095568518399655,-0.01947106647547836,0.003062811795214948,-0.0070578925308179,-0.004393414747282165,-0.005475539224529813,-0.0026914526151756712
2025-08-29,-0.02070862138199292,-0.006473164848890711,-0.0009291187124245148,-0.020332040675054452,-0.0029092472819916004,0.004093388528642494,0.0006858555389266385,0.022075342982495805,0.011488445700672312,-0.006369414915979532,0.008021805855792596,0.002643715373908062,0.005549668319572598,-0.0024465219748295297,0.0011404529749792225,0.002034460536466165,-0.009824585851899603,-0.02907179142337235,-0.009549244464594375,0.002914779430743364,0.011892379966355948,0.009504075238652376,-0.009494505278777376,-0.004947083062790347,0.00023802449614329646
2025-09-01,-0.0024314600515965568,-0.0010508991029281045,0.009443376246108581,0.020277632310628846,0.009044683907157625,0.006247342242239773,0.004423647501889283,-0.009517980212299437,-0.0007220498850416535,0.015595136798010278,0.004234035387930657,0.006490396878773064,-0.019567257798816518,-0.002810876281551522,0.01310019901613324,-0.003872541708392796,0.009616907027318211,0.03622442142229154,0.031614373288981756,0.01671227422996302,0.02048755542272085,0.014715182763147094,0.01626833735374511,0.0038089287088081125,0.015713092462940947
2025-09-02,0.009306434069823899,-0.006416915096540743,-0.011906445480868166,-0.00046682746654724827,-0.00035340108515213853,-0.007050440674491676,-0.0026672590996965617,0.002217587964585377,-0.006530685452386886,-0.00499303323114797,-0.01325814015206861,-0.003022783647020022,0.0012153049467473753,0.000552753580612686,0.0008432486866878364,0.010379401620277617,0.01693369128735056,-0.024401225977027208,-0.008331526874709505,0.024477287907082257,-0.011750142144620446,-0.0074848280302917125,0.004848978006685378,0.0022767107865275804,-0.020470362039330947
2025-09-03,0.004463939560155561,0.010534648106045319,0.002008334242761034,-0.013077949791933219,-0.004499488956316133,-0.0017485827846893676,0.010262413691503935,0.012292576879653794,0.007245010603295521,-0.0014201243111910955,0.009111984582200083,0.005727021352768036,0.008625093606871914,0.019333793188176962,0.006965566735277484,-0.004594740797565611,-0.006095772199558147,0.015922029034167062,0.011177634157057303,-0.002267267752676827,0.005472467246957713,0.00023569903354792032,-0.0030408742860742466,-0.005459668697491593,0.00677991179343862
2025-09-04,-0.009689625876550978,0.0071244893318573865,0.006084477752664519,-0.010885076798723192,-0.0005811192953606437,-0.00185780602654817,-0.003386055461902293,0.01007883147677946,-0.002277250098981831,-0.004076936156648503,-0.005356658143995774,-0.017753076930396516,0.002280413893756217,0.0001354592852926828,0.04289858782225098,0.0007131239146314083,-0.002568712442123977,0.05949489398314367,-0.006574589978501133,-0.014857630174262892,0.00575597193798294,-0.006439930826778406,-0.005171660478681339,-0.01839241387229107,-0.0072888157345999405
2025-09-05,0.011550109855192225,0.0022367054380347806,-0.0019209816423766402,-0.012576853258592036,-0.015311487003458413,0.00792379775926566,-0.0034594340972584625,-0.020557781335365788,-0.010855659914042137,0.005236067914316411,-0.002154124187058626,0.015891444654892117,0.007141444128598851,-0.006989774375038893,0.003048936117794776,-0.012450408190392226,-0.004090248721690393,0.022921157959802763,0.006109030338461885,0.012597811221336297,0.0043992656975959665,-0.003952269975579514,-0.014996015457729772,-0.005306787097311139,0.012051009951870029
2025-09-08,0.0025454506535760313,0.0026987552237061063,-7.134290603616478e-05,-0.00809915322731558,-0.009611972598996266,-0.004009958962583715,0.00272752959940048,0.0004909914192394726,-0.0067537062032007045,-0.00037879195447743097,0.0023643832463011716,0.024370593865684853,-0.00790655234925497,-0.001991650877628204,0.007145896221743886,-0.003607527783485609,-0.006084571423340401,0.0,0.04019083636332588,-0.008936533904649324,-0.01903173913172329,0.004999559915994212,-0.011638182686012133,-0.004719433483464264,-0.013800117041763094
2025-09-09,-0.001668579358936717,-0.0008798649970190864,0.0007128656497046304,0.049829076180726295,0.010069532880808696,0.003178464831803396,6.184338933734601e-05,0.006134184480552474,-0.0013033093510909088,-0.0031266229035139537,0.0052817222937278085,0.0070126792975657715,0.006767865056900524,-0.007627142193755043,0.004341906417203001,0.006898254908233481,-0.007958423662031922,0.03790747401664407,-0.005489891846975126,0.003712949651836439,0.0025683706624513025,-0.00726464594578724,0.025672677841106273,0.027337928680831736,0.032544444668186845
2025-09-10,0.0005813609478000359,0.0007770767501502629,0.00014250664541370917,0.01881268816286541,0.01987283884701596,-0.0012144608171900106,0.011559619947093092,0.007316142806998771,0.007092233797679537,0.017012000145361972,0.006580388777574386,-0.016726308948216806,0.001068090560396584,-0.0026169581370367734,0.020613648935734252,0.0005676861277135181,0.004782452150091876,-0.024862735057703866,-0.009014097298892798,-0.003170660219909305,0.00236465541023545,-0.007476967530108736,0.018555582360907152,0.026490105360330363,0.009989850327288607
2025-09-11,0.004575245705825681,0.0019670059198386713,-0.001638286018223134,-0.014941959712930664,0.004565922950080958,0.011420049166851465,0.006660979156037916,0.004842081234050832,-0.002901428311609777,0.016166784805028422,-0.0005068191301719205,-0.0008604950196728911,0.01022961749487239,-0.010053664464901857,0.0023760942535151486,-0.008133220913636663,0.016582248460567772,-0.002413725814573442,-0.004583281151970042,0.01360663290346631,0.004954197481297884,-0.006892096075030274,-0.003145437245881455,-0.007194526504467502,-0.0008434841064706156
2025-09-12,0.008458009292861446,-0.0005165899549602893,0.011486820825514554,0.010531931659025773,0.0029446548938527606,-0.005436493475277415,-0.00012145676297659058,-0.003132120954141393,0.01132865517863868,0.016461306649638185,0.0,0.015236887304510782,0.004286574666094278,-0.0034317264394102542,0.03401187370220993,-0.015827524453605357,0.001963486238080403,-0.0016130439889651127,0.013317316364972465,0.002963711082467846,-0.003755954261544181,-0.0017753899336243606,0.002826748001047985,-0.007758687824298338,0.010436640319827273
2025-09-15,0.0030823948774383325,-0.00025849262112609406,0.0011992144281534056,-0.011274218783652867,-0.006861481464229602,0.0009986758384765704,0.001457130061137235,-0.0026587200564264224,0.0017877520938771596,-0.0008142454827999579,-0.000760497940540894,-0.003915229709352652,-0.009031400885934127,-0.0105825744178768,0.006578574462034137,0.0001937064196677607,-0.0018088244021013944,-0.016602093349253,-0.0032855095306019155,-0.004866982159805522,-0.017162148444219927,0.005254682402223487,-0.003736555150171905,-0.0026196689259785355,-0.012075552461819794
2025-09-16,0.004287876866437168,-0.00020678340679591845,0.00154988713862525,0.0019226518761930045,0.010861479408571295,0.018377500056140583,0.008244955776000706,0.0010905999990846738,0.022753918353825675,0.01521181937757854,0.02582704951884951,0.020176875915857595,0.005305886241097735,0.006423127278070373,-0.006535579664558311,-3.871451999626352e-05,0.011929846218394102,0.022009479634774287,0.0004909331882834156,0.007336288421543324,-0.008671142037589785,0.011499808994970495,0.007698405627061478,0.010864372913720555,0.0073801100424761845
2025-09-17,0.0060485713051525725,-0.00036199393523805856,-0.0016882009852803304,0.007344655915148657,0.00861507456579469,0.000928116979830973,0.030785881193954534,-0.009198755028680616,0.0048257862789260475,0.004281204019441764,0.014146516203964454,0.014640753626603109,0.006023036600518061,-0.009502923523543982,0.0042362584350859045,-0.004339661219425528,0.0040292093824916275,0.006984444080070595,0.008271965878809517,-0.004161790052965353,0.005119169925383638,0.01136906689720174,0.010251404756791205,0.0005511513378804178,0.0007630904224651403
2025-09-18,0.0008486758999204369,0.010760524816156192,0.001761487574001075,0.01195472450113444,0.0012291428593869114,-0.0001030850837794306,-0.0032667164048837405,0.005497161610092283,0.00013565409756988167,0.006216608202767926,0.002097260648972865,0.0010125884703995336,0.017528694820197588,-0.0033210009613423574,-0.010918120405614462,0.006654518240485574,0.0016351251226180974,0.0024771622494081935,-0.011054699888358499,0.006791035034499071,-0.0059752799017700475,-0.007467960129205253,0.0022620531524824017,0.01093840459595019,0.008616721419277606
2025-09-19,-0.005370967430211482,-0.010236508275741407,-0.013715928375991449,-0.0002596364021906217,-0.002360976081429711,0.010973229883568747,0.009363898952045036,-0.002186796551862269,-0.0028757710769046207,0.002559631190560019,-0.011486390979792871,0.0029715204244167293,0.0044886478053096646,-0.012559462700572954,-0.004064237507753976,-0.010514810414301468,0.005045180673858507,-0.013755355892299481,-0.0052728189493007616,-0.010031258400047594,0.0012102797056601222,-0.00934579734295704,0.001999220779687061,-0.004086625719073811,-0.0007560872406354724
2025-09-22,-0.01193697408733907,-0.002792426048868313,-0.0004991751232047426,-0.0264251730701186,-0.03010219645269019,-0.0031594509912210578,-0.008233335110652495,-0.009010074186215022,-0.008407239259343058,0.0074830164628942875,-0.004579067331495934,-0.0030257637591296627,-0.007246357945266957,-0.0027976989946595365,0.01415689764887662,0.004922502868870415,0.0016241686062499205,-0.0020323018622440125,-0.015831496527946354,0.0015723130152025533,0.0004030051562795567,0.011352705460315304,-0.031149465159433287,-0.021689920288763376,-0.015358948465652666
2025-09-23,-0.0005751644315916682,-0.007259905344918827,-0.0051373259063201004,-0.0013337641009982804,-0.0037088267412744846,-0.008945902746465006,0.017947935360086653,-0.00921492121040235,0.0035944861682055684,0.023068949688824336,0.012860469276331221,0.01776682448423239,-0.007785922607738915,-0.005292795872255396,0.01887729186756726,-0.0194386573945452,0.01120280321885958,0.00831292488355384,0.007324958626901967,0.006802880446216797,-0.014419884996574095,-0.01968382332957974,-0.0222532801751949,-0.002796267957792198,0.005378857201219667
2025-09-24,-0.004892858315176718,-0.006424978193304343,-0.008319695104019198,-0.0019365619738304085,-0.008816614599009842,-0.003920191466216361,-0.005053901286056983,-0.005456336409489837,0.004429177410076424,-0.01016402361359059,-0.008008925794887212,0.00944279246010482,-0.0025134716886862085,-0.006076964773816695,0.004144285522744706,0.010824035146849154,0.013411032360176378,-0.01098328305306362,-0.026235080572062253,0.016285368631188568,0.004209534885807109,-0.015079380959257094,-0.013248052661015808,-0.020189901884406947,-0.007872315395110019
2025-09-25,-0.007664448009885971,-0.0012618342628776258,-0.004990125425744507,-0.006556827903324791,-0.0256967971611336,0.0023302894356969084,-0.005830045919305027,-0.0022444091305630076,-0.008002708838329875,0.006644148097174618,-0.008762858476897173,0.0012308228739288385,0.00018442584320887967,-0.01164324052806176,-0.016508844492405195,-0.004393108961094128,-0.020425816860444646,-0.012559782651076934,-0.027308025476605047,-0.030344301573193677,-0.021650732195387712,-0.005976771386556834,-0.0055770332013189705,-0.010589155859845767,-0.01764111023900583
2025-09-26,0.0037889514205171615,-0.005053387398649467,-0.011775061800240016,-0.024178406698565857,-0.019713194929929734,-0.00981604737563313,-0.004877241712910041,0.012496890196539656,0.023350968371251613,-0.010800548975634316,-0.009287378087125986,0.0010449375911250058,-0.025009316102335033,-0.015154631559005982,-0.027301911970631698,-0.010440061524221722,-0.007635787920800219,-0.0378186768281884,0.01294594051016884,-0.007559817936518498,-0.025457490174287667,-0.005847979615379417,-0.02534110105500731,-0.025826474597868465,-0.017330584104514934
2025-09-29,-0.0034843534361621575,0.005555229482790303,-0.008458332616551045,-0.0049002836454377086,-0.001034872093440331,-0.007513328210467907,0.01610363006721527,0.005307256191845022,-0.011020295844818784,-0.018890922493005946,-0.001604142034957845,-0.01854352871590248,0.0016386660278764342,0.02221016886866134,0.005938495264931953,-0.005533828782915862,0.009026314405378821,0.006359476694545174,-0.0005944709446381591,-0.005845717381227633,-8.537970016042618e-05,-0.0024026528087434107,0.0021311081465689163,0.016500552876941077,-0.014763389906541802
2025-09-30,-0.006410272444172027,0.000736661837417163,-7.414638066127743e-05,0.0,-0.0026588267728219206,-0.012511805398428222,0.0019523655627546876,-0.013996259878334083,-0.007970898204337273,-0.0005298972769689492,0.0005523553770225842,0.0028153265036992003,0.003146095562865936,-0.010055271043296732,0.008022666583212157,0.006605482786548267,-0.0014664897171050573,0.002603745828503312,0.011449823529282588,-0.001247428155474739,0.0031588975033938205,0.015032015560594525,-0.007372100863494935,-0.001126649948592351,-0.00882885946809131
2025-10-01,0.003445729911237372,0.014984205365028203,0.01780412178514612,0.002774368840090524,0.00893248341208941,-0.005749575562954856,-0.00957081157790085,0.010085927939006423,0.00308826923924288,0.024655392255770625,0.035429258535726316,-0.003992802187158362,0.02628104008747756,0.01226614594787323,-0.011212353039975143,0.008670134522764439,-0.000587475800342574,0.010621538344584902,0.05608642078852877,0.001427284211568347,-0.006042546251093017,-0.010391129867313276,0.011211811385767767,0.007101919019472103,0.017161079521327283
2025-10-03,-0.0038722179717254335,-0.00010355236683678992,-0.004956277272310516,0.0005532335084172946,-0.00422082449086858,0.01558147320054637,0.0037033111417021924,-0.003205174488995266,0.017110341116692185,0.01854244685451012,0.018029389117708572,-0.009959280489140743,-0.00305584074845322,0.01320305037701397,0.0020754671464262575,0.003430207287426379,0.005143273685594307,-0.00040416965751499667,-0.0031322022189024246,0.03224661767107784,0.00941853977312812,-0.0062835668500345054,-0.010875683467177266,-0.0003733441595478171,0.0027316531268337663
2025-10-06,0.008508154209957652,0.00859965793966011,-0.001318458728779226,0.020323525236064288,0.02980805122839847,0.003374270511220523,0.007782783580600583,-0.00878062605213803,0.001044715956127762,0.02692645389155346,0.02166151753092982,0.012147280305483843,0.014406528275064945,-0.008079253501234507,0.019348403104326728,-0.0012180536828518829,-0.008479471734254118,0.0028884802485003025,-0.004817697266350618,-0.009665192390291955,-0.001272338761162728,0.0029952908757671093,0.027631151059719805,0.004772246614537234,0.00040059039346829195
2025-10-07,0.00712726183001311,0.009296849251305472,0.009168261764599617,-0.011856395619015192,-0.004918995810459625,0.013609391321765862,-0.010697326677793995,-0.0023704790107067497,-0.001953466697522499,-0.02143800688222597,-0.008900277475719531,0.006875859598054479,-0.0009669004831748262,-0.002101962372621058,0.007582464651919585,-0.00967817896235812,-0.0032438416091318256,0.0059907546932647104,-0.020486963814674186,0.007319557609155591,-0.0008493413598134048,0.010700900598996865,-0.00027793851395130353,0.005781998435615332,-8.008599701259111e-05
2025-10-08,-0.012565010212474692,-0.0038676704279506646,-0.0040700021400815745,0.025025734412872147,0.017991086800952738,0.007516870314250967,-0.007459256168315331,-0.00012512591645930105,2.6835736211427985e-05,-0.005224207994956931,-0.004278529042649359,-0.0059597382408209665,-0.013005803068267596,0.04312212633094181,0.006492564245721422,-0.006793209259382649,-0.012426137564960027,-0.018981863746068472,-0.023637194442727716,-0.012802762730712125,-0.010328128228424549,-0.01584038925492315,0.013412920372444459,0.0030386233194024115,-0.011213429549180032
2025-10-09,0.007605702038898432,-0.0016348924815233756,0.004305470175902881,0.009565266367886238,0.011396623305476972,-0.0007717859725244747,0.004485833400602823,0.00037526459476633356,0.010563544591005947,-0.0111807485537595,0.012654657490487109,-0.001686229695002095,0.016486861699412936,-0.004206861720587818,0.0009284628079491153,0.006999740511004493,0.006141379335600883,0.004786203384988363,-0.0006603370147746368,0.002979293347685097,0.003392733174405471,0.01676250177841787,0.005760538139709448,0.008719800930252264,0.009396480051585776
2025-10-10,0.0028305316105254885,0.003889109053228923,0.0029793605842078907,0.003710290615941192,-0.01090901057664262,-0.0010813985697787354,0.021517301166249947,0.007251726974204065,0.003926535061399505,0.011135864686069086,0.0025645323929905928,0.017516415642614636,0.007476605942810188,-0.005266736816239126,-0.0002441182990919888,0.004488265200592201,0.01146349988077433,0.0034854198655103197,-0.0031565864772322705,0.010484028495193032,0.0016264469328801656,0.007299870844603706,-0.0064094134166141625,0.009334481374117631,0.014685830833511604
2025-10-13,-0.0048490284679943985,-0.003975942694001144,-0.0006521067542991643,-0.014324417147475232,-0.0069675363856035455,0.0077323735869412324,0.0026117082791843327,-0.008813245581219986,-0.003831890893556955,0.00779393493428393,0.0009302170174618762,0.003565911508801811,-0.0014961527553237763,0.000481367118679632,0.012599484053461119,-0.014274881451372345,0.005887543924982586,0.0013892970004365512,-0.026806134657916703,-0.010375254036232295,0.0009829047713250105,-0.008875473895357144,-0.004323259998580964,-0.014354656650617414,-0.0015818019231509384
2025-10-14,0.0006545571950453688,0.00015355572961639474,0.0034072322565121826,-0.0022099322892892292,-0.015595857384468781,-0.0042457718216795115,-0.006795441134712865,-0.00613649000595784,-0.0066852515976562055,-0.010759838084852369,-0.00013942063375660396,-0.0037983379091611758,-0.008391349300112982,0.001075328520037333,-0.016976090743861638,0.0038110010698124697,-0.014779017839943509,2.8951070622618147e-05,-0.40151340304586225,0.004717763245669415,-0.010416182988227773,-0.008379913423088858,0.011785676685758029,0.013421414846385371,-0.01988271975498057
2025-10-15,-0.001162886150263942,0.0011257119752032807,0.010331689873028127,-0.010403422974573417,0.006950726128025275,0.0112503849609642,0.010433873091187262,0.00781250756189622,0.022540898742933857,-0.006118395912681485,-0.0010223948005261274,-0.0030133393814043563,0.0004230770433570896,0.0032792999100805797,0.03998436706874586,0.006673831272441255,0.007723205153880697,0.010809845674582208,-0.011632339542648085,0.012000112724477097,0.02458908512022151,0.01996690181049332,-0.006130796415592776,0.007205620418339942,-0.00396025134013922
2025-10-16,0.017463421964418302,0.016457924155284243,0.013515496539897365,-0.0019669028215346662,0.00030307905458437645,-0.0005587884857799486,0.0009592722993996272,0.013128213353335694,0.00864528560632416,0.02282843946075075,0.02595827349394053,0.0053047513935855495,0.002356455038977856,0.025725575138546564,0.0055193412759471094,0.016871767834812257,0.0066321797875721344,0.018186025135328743,0.015223186006997791,0.003093287183239646,0.014567737492242827,0.0038177012638440644,0.003290055185839913,0.014387865584177817,0.006329020553816678
2025-10-17,0.013230393728203227,0.008246599680788558,0.01361736847435413,-0.020659234790761594,-0.002861365990575071,0.022669502946164544,0.002480438880828606,0.0172776202560605,-0.005800409679508234,0.0032599311843364287,0.00018144771294448248,0.006319777229713663,0.012115667018451237,0.009477184718538423,0.0040815771480542384,0.01647470949273422,-0.0014641279026597065,0.02426416832438827,-0.0005039792961365475,-0.007195412616600616,0.04071049429236706,0.000971014859704411,-0.011067199280134887,-0.05086482864667463,0.012659357543919114
2025-10-20,0.035290716445324666,0.00039898441231578374,-0.032228811727195716,0.013739582056557342,0.017892137809134345,0.01963225439270322,0.020637674750559,0.00218361297050107,0.008673201248357465,0.02149644647172,0.0036267714188127353,0.0014023644497305199,0.005657821112344363,0.01698055130152132,0.010186050248487843,-0.003571828843193292,0.0027859403447161313,-0.013188123660685336,0.00794251040742755,-0.005349499665595059,0.0032696586690752483,-0.0019401458089982615,0.008236845726427022,0.0014114284764188412,0.020781926031391063
2025-10-21,-0.0010908202546936474,0.0047360425532414485,-0.0059700075871318425,0.007871842773240711,-0.0028189684853908714,-0.0038996178287765693,0.00038561555389104996,-0.0004841383851613701,0.004002382816324479,0.009217039411091532,-0.007588780362008718,-0.0017048276524762596,0.0011251980531681305,-0.0021941985673019637,0.00508779918940605,-0.001040755398912685,0.0001462017786202363,0.0061403642857822405,0.005253308344190577,0.0013880219904514046,-0.004530940332848621,-0.0003239862153309181,0.0029769822125031986,0.0004973757669652912,0.0052261588125599445
2025-10-23,-0.0114659946029676,0.0010915842847574186,-0.0132416506831885,0.03810102851639097,0.022117213767940624,-0.017421060084299222,0.004075600793163936,0.007508787592487742,0.007844273046641703,0.01737651818184771,0.013017756913374479,-0.0001830042695581957,-0.00035494551466119795,0.011611709357621347,0.007040967065284676,0.003819982989902604,0.0019006202356757207,0.0006628155825496584,0.00995391167296078,0.0036382206516485383,-0.0008784063974771605,-0.01596177499930962,0.010147008516270262,0.01218099308290177,-0.007216527177009491
2025-10-24,0.002209355342217556,-0.013927448112644902,0.010266168997269176,-0.0020280904023657342,-0.0032539302042934315,0.010657906084966973,-0.007734076780455901,0.0020434733429719465,-0.0035216362425747327,-0.013425473617747707,-0.017343639534594724,-0.007259174316756822,0.005384899450823655,-0.015216216605806188,-0.004021321625581997,-0.032749099084724675,-0.008901186827959595,0.0003863012169100788,-0.006283112558931547,-0.003970381967092984,-0.00031963861419759265,-0.018690797425504613,-0.006628425203420774,-0.0054031877239325565,0.003282732896019658
2025-10-27,0.022389029988648,0.008243283616534036,-7.255333966060817e-05,0.0013976956201109392,0.007084031677260905,0.025033243674443373,0.020176908083279654,0.00923704212848353,0.004840162636333467,0.009823619477257406,-0.017558263298607102,0.007005022220603285,-0.0031783103447925454,0.006702814842009408,-0.004909446853209154,-0.001828067247824805,0.006330917801717906,-0.0036964836752418906,0.016736897127716643,0.008838742290441237,0.006875659964565184,0.008138940164354125,0.006259975058315659,0.0038274985546866702,0.0005454117226866284
2025-10-28,0.0018867452120525652,0.0005982069997889639,-0.0105255548365224,-0.0028580523068583163,-0.008752225441310713,0.004855485284094296,0.008127858628698581,-0.006537467462363722,0.012487855312223406,-0.006219564821390078,0.005678107181884995,-0.004698560024730236,-0.0038970358582869347,-0.006096624064177658,-0.010743187607386018,-0.0058522755385788106,-0.007607858941215295,-0.00899881067359487,0.0035361765274211088,-0.009620254700185904,-0.0037717162797470394,-0.00699122818366904,-0.010527807351793483,-0.006272820131233092,0.003971042267553626
2025-10-29,0.01163483310742941,0.004284793179051949,0.0053554706997449575,0.006799131223506949,-9.808810217004638e-05,0.004975724566974815,0.010212301410774005,0.008853838297131933,-0.0037001124281159647,0.0020059161981065277,-0.004766771220235055,-0.01060630652836636,0.017131002817123653,0.008420802636540436,-0.009135501427307569,-0.003604162823988233,0.024620320659903383,-0.012405392964618178,-0.00036446304364190496,0.02463150356345567,0.011716457425139382,0.00569942746808505,0.003316237153745183,-0.0004126065709800786,-0.029858895627199233
2025-10-30,-0.010437403705000348,-0.00962438441689184,-0.005837700814689262,-0.010990478172126061,-0.007293366961630965,-0.016328709021409593,-0.0057462030508889095,-0.006760047796400714,0.007427770495425978,-0.008167840344126542,-0.006184632602772133,0.0042136182646070885,-0.007284794075506085,0.0006402739781885547,-0.010019198138306318,-0.007435399546831034,-0.006762639777382673,-0.00922278425052947,0.002674102408816603,-0.013035476961467118,-0.005987267087081416,0.00450038351672033,-0.012670354316970833,-0.0014859183749880156,-0.03893203409632928
2025-10-31,-0.0014107318108448341,-0.010870166544315718,-0.01255137010901397,-0.007698438797820617,0.00747865325484498,-0.00571074059508947,0.0028362062149154266,0.003820921523021381,0.01088395755994731,-0.004682707762423743,-0.016376519483967122,-0.0012340887247467291,-0.007455694996938433,-0.0010665057884926554,-0.009027782478856272,-0.0016602041663625888,-0.023757609198675755,-0.004254649774210528,-0.00594010491815411,-0.011492286293688703,-0.00503275070437692,-0.008794510567914027,-0.006555974292516642,-0.005166898578862544,-0.003826243874126889
2025-11-03,-0.0011437600722541408,0.005418867341157929,0.0008175821802771654,0.0021587102122944124,-0.01347283922236231,0.009491386373890132,0.013553921454855011,-0.01522535832837657,-0.012503378262465836,0.0007300336972930754,0.005375317543495628,-0.033053272703196024,0.009286144787238548,-0.005925161857864736,0.0002876180771140824,-0.002230863300141217,-0.005193737970417112,0.01769322123721384,0.01707310172180243,-0.0005206669438305722,0.0005575698207378466,0.00025106320261736315,-0.0032294539849627713,-0.0007064215089991333,-0.0013360461138496316
2025-11-04,-0.0078130381840249,-0.007454795197989084,-0.00705581714285719,-0.011847834929373469,-0.008817200292025706,0.01894887907770637,0.008318359988754631,-0.012199615850964518,-0.014093712414268933,-0.005755107448675023,-0.007996217878983525,-0.01769850991361588,-0.009610890084951196,0.02389577616437255,0.013325651593784293,-0.005812930147231943,-0.013723197223773465,0.00910149002167282,-0.02517982983711653,-0.031076332275584706,-0.010150539483958054,-0.010962287180403152,-0.007465861519895034,-0.010727634814106102,0.0033445324464429493
2025-11-06,0.015613345081491259,-0.0006089537613914731,-0.012341985651076581,-0.0008175638856127154,0.006922583068709409,-0.008706798813170824,0.003289486490758442,-0.003423755246076743,-0.010906059398611334,0.0015490167234646357,-0.0063913082814928135,0.0050734481335412696,-0.0024260206919163307,-0.01025306106509416,-0.014285662826844514,-0.00396620841248807,-0.01194798486727,0.010415499863118072,0.0033210437129076453,-0.03171468935649091,0.04672869294709936,0.007699465868525879,0.0031223545817034015,0.008952595798304541,0.004333235194276419
2025-11-07,-0.012098138921255441,-0.0023867007140820906,0.0171159848480682,0.0068863183526914895,-0.006343575521699063,-0.04472766425357755,-0.005100173196345703,-0.008466307367178905,0.00023181601810584596,-0.004639763503125893,0.002448174581570317,0.001747404713971168,0.003262337833904949,-0.0013511251816182845,0.02370655154520196,-0.0012411805418726107,0.006792338262398889,0.01981483086205027,-0.005271501052587557,0.0066616722015311325,0.004187598103153389,-0.00512178708576716,-0.019029499427521968,-0.014830233632831535,0.00016604182684343272
2025-11-10,0.007645503023053557,0.0022396834592501857,0.0037230473662404062,0.024850994777016355,0.011163724407185827,0.009294460297093243,-0.004917066232604572,0.0037123924803497133,0.009272396571315067,-0.004743213868323326,0.002106966501091989,0.006718774334265376,0.0037839009816003077,0.008940603210475961,0.017251093738826606,-0.002154128095071428,-0.001993283794471279,-0.007127032811520384,0.011708122076894423,0.002616970005622443,0.014002644775210182,-0.010211789615183986,0.008004705154291747,0.014165473005951723,-0.0055583694525606075
2025-11-11,0.0027530023395538894,0.007313327082023147,0.0076409310334562,0.011100136396105631,0.0072061766750126655,0.011139709356207783,0.0022604282192533187,0.0032055698532167387,0.00931473410538275,0.004519281857694679,-0.002771512141991561,0.0039786486279655975,0.010778600738008626,0.002471702242579088,-0.0735483242896916,0.007763206635174491,0.0036871187204670086,0.02325401316457487,-0.006943562005326531,-0.0020507494599153464,0.0025656318308087123,0.008270795326428493,0.007297185079629953,0.0077134994954304315,0.010678253622794065
2025-11-12,0.01211992909292925,-0.0022183916416599336,0.0004417187699663483,0.013984138460696016,0.02783063238573047,0.015423800918270558,0.004038632746635962,0.0003686371156998991,-0.00010110339835822657,-0.0007361845235965836,-0.0011500653659302085,0.0032598447089546845,0.009323489614925018,0.010151165619134428,0.00795860311856078,-0.0012358118859420175,0.0015307429764748193,0.0013869434771673905,-0.013370999040868359,-0.002054963675563126,0.04237551887921631,0.008118343071603418,0.0341618674805535,0.014605473458051632,0.014940175821171797
2025-11-13,-0.00039690971869799085,-0.0028802007299383314,0.01986902126669654,-0.006380099214911006,-0.008333836198424094,0.00867976021584238,-0.003291032760174506,-0.0031940708884464764,0.012112439344295067,0.002946907562126011,-0.004461469477214708,0.0033766336598819446,0.003059895870374474,-0.003090090669966572,-0.007698356133613471,-0.0069704696219762274,-0.0006112473502560833,-0.01459658795688179,-0.010443837659089072,0.010295744082193137,0.03956948500052371,0.0010905363330577789,-0.003227785290478291,0.0004485656068839994,0.004310345258215609
2025-11-14,0.005294826136542197,0.0029898266032626353,-0.009308000734386312,-0.02529511684151775,9.657842384180881e-05,0.004254671410808708,0.014517780112230483,0.006038929272626392,0.0004746958238839305,0.013385643760962518,0.0021684381470696845,-0.004127234927964074,0.011338729595182562,-0.0026047069746123475,0.013029634494805764,0.008348499774590401,0.004587824441329991,-0.000243270142891161,-0.016961905612458916,0.005373338324306198,0.009377047489639079,-0.005027652464306254,-0.008405680321133202,-0.003913122346910436,0.008988564196292126
2025-11-17,-0.0003949759893837612,0.007023032569990706,0.004369984684746253,0.003194060436778612,-0.0012234260644071737,0.005474300513890862,0.005682667728609259,-0.0025725545303378894,0.005818621225513132,0.0064432501530744535,0.011155419890236828,0.012369310982317527,0.0038700544494127964,0.010289382033231265,0.008149277136561661,-0.0011121796984944199,0.005328049379982325,0.009814483391738849,-0.047290410001871286,0.008293371725123233,-0.006365333913563531,-0.008084841616427862,0.009449757642738366,-0.0013094335579082461,-0.0012840497730975953
2025-11-18,0.0007244356949636099,-0.00411416613346649,-0.004060941981072319,-0.014062095178724365,-0.0048674423270759215,0.017517353027993066,-0.0009246088238860084,-0.0030704825716798556,-0.006976669740708763,0.012644158659726124,-0.00466018835987958,0.003274999914582466,-0.0028913162322394825,0.002739971309287048,-0.01285556385351494,-0.008659804928105364,-0.005299811721426018,-0.010736522738438836,-0.0037564728339123388,0.0023762749696731866,0.007838022960469093,-0.006028215092467759,-0.021200459659531212,-0.012907228907065416,-0.00048213775378491697
2025-11-19,-0.0003290652512906167,0.002166326784506456,0.007062755700877554,0.03680031238369086,0.019629993190572126,0.004932071010872008,0.010591789320213651,-0.005667151718031449,0.00500052484307556,0.003951277489293803,0.006115294340849786,-0.010169519441460606,0.014384756966518975,0.013894659396374465,-0.007892648206400787,0.015640716953394307,-0.0056325580096983074,0.007497016684133939,-0.028144239736245136,0.003464488260371157,-0.004232668287714958,-0.0035021627625547724,0.008368440739699112,0.02146117842218498,0.005145382207863536
2025-11-20,0.019882826481121718,0.014327410084544301,-7.22700714770319e-05,-0.0029848784769667125,-0.0009211881153695645,-0.0006945502415187654,-0.0012210831291240565,0.00470822174928176,0.004428266745987841,0.011649857675142261,-0.0034189951108478667,0.0020928462828302408,-0.003755351768106485,-0.0078055517341688585,0.02287193675710708,-0.005406412766746138,0.0,-0.0015580985868821617,-0.002909852721749262,0.0074506524701398735,-0.01171501549787135,0.007457573550923469,0.015412549342814996,0.0007721772729094578,-0.001279736129100817
2025-11-21,-0.001613860485537244,-0.010705245599863855,-0.009761437231621262,0.005532043516112584,0.0018441555261188292,0.002038595405703836,-0.00911820258222884,0.005919349514119876,-0.0030960672953933566,-0.007313993162706756,-0.005193682455672088,0.011138535598936405,0.0012939511077767474,0.00046121150369948793,-0.023818810445777938,0.0021825872174181526,0.0001530215911751398,0.008851942405223578,0.006809328371930823,0.0014429388215637662,0.005874543732805382,-0.0020420827599293423,0.003777491432582325,-0.007187498091457578,-0.0037642386310843268
2025-11-24,-0.006918402716518335,0.0011021386425633661,-0.000803135022053203,0.0019417916159578663,-0.002983507287500964,-0.00490117015623226,-0.0020563558280100036,-0.010543099500177955,-0.0028819975937314224,-0.00533002020434159,-0.0002394753827212881,-0.001189237557533418,0.0006181758655310343,-0.007658365947164181,-0.010058735844534206,-0.0039036033620380994,-0.009796260279208324,-0.015681682285492937,-0.010904093768631773,-0.006484148085670216,0.0009037592687330953,-0.01236252836176921,0.022716336935503234,0.01137058923363532,-0.01422947330456592
2025-11-25,0.0024740929270772316,-0.009357957943524453,-0.007746249668727279,-0.011240338961612806,-0.007003693667537614,0.004414250304579648,0.01339379139727348,-0.006814485562293804,-0.004136314020050991,-0.0021276253685029722,-0.00833604708579605,-0.004323822156675705,-0.0022462216410367164,-0.004955734353520258,-0.00784705683781406,-0.004166216916944521,0.0007728473539514447,-0.005825308263610385,-0.01632703782884881,-0.008520592988126241,-0.0011808311234445812,-0.00034529816419059944,0.0,-0.006591965535004962,0.008073751551459729
2025-11-26,0.019614227507197768,0.014245319807291823,0.012667508544113248,0.017836172185772492,0.01400994107168696,-0.0160991643288384,0.00030505435071681575,0.003742495305111282,0.016338504008078347,0.01887379485248042,0.01637759141651851,0.01680405017035347,0.015814968090248627,0.011050238371987264,0.02484279709888071,0.004597904764414906,0.00741429632259738,0.00466030953131269,0.01929349636247113,0.005851020467630308,-0.0006258799161736883,0.015457731455928547,0.01719410378702313,0.018523059856715873,0.009627104845314483
2025-11-27,-0.004140396168178739,0.005578208294847897,0.012509050045779624,0.0054560527467264475,-0.008315086480391476,-0.005266124389333604,-0.011230900052700443,0.004971388342616123,0.004751346041743654,-0.0022476669968383156,0.003042059469174907,-0.015659817307829726,0.00299182714397217,0.001436771135423065,0.022855503025646318,0.010926928460351704,0.003833120763414133,-0.0014106002479492563,-0.00403621190339476,-0.00490811293867488,0.0017745369795170163,-0.012075910955876568,-0.006971787141663688,-0.0025181441476958,0.0010417169085330524
2025-11-28,0.002622519213936192,-0.0018821130851081058,-0.002442093885728691,-0.004022004505517596,0.00028688096265372387,-0.0066174748732032995,0.006321663035905756,-0.00012365406469194706,-0.0028666947382358643,-0.005903903559072998,0.006729239469396742,-0.00018861546572390697,0.011765985163603832,0.001127285421527402,0.0035790032443292485,0.0060775288558638785,-0.002749312315878605,0.0206725906924754,-0.0027949077449964665,-0.013701119134669981,-0.0016325731138208122,-0.00146330559008645,0.004967479487983706,-0.00012021434312536883,0.00760420119505123
2025-12-01,-0.0008931406081523763,-0.005458524762346428,0.0009360093983852291,0.0024998325291267776,-0.0013068234025789272,-0.005662400388652622,-0.0060265548205521435,0.0,0.0008845491876467992,-0.0031256613821013524,0.010920696108126515,0.012389925897545728,-0.013212486772515186,-0.0032756261583990476,-0.015807290707900656,-0.0008514753440096445,0.0019910515499841352,-0.004178473710014896,0.019618843072195524,-0.0011114122757248657,-0.002365606082037286,0.005344824875762377,0.00804060127661077,0.003005656463503481,0.0010326818127968096
2025-12-02,-0.012642863060538412,-0.012274202782653676,-0.012301264078151686,-0.0019181223691103755,0.000734104633679733,0.006843109948293069,-0.005960354971400239,-0.008163206814514101,-0.010483133066375272,-0.013874767883226169,-0.002421237366954321,0.008821508544017309,-0.004370916174182393,-0.002336345009566143,0.004309129297875414,0.005396705756899767,0.004585816133316101,-0.006708414859895151,-0.005634900946238086,-0.00815865864927856,0.030269150815124712,0.00034298865480009155,0.004707384791776681,-0.0004395600502979935,0.011983207132055584
2025-12-03,-0.004850269145247221,0.01081023547315052,0.013474141858950128,0.011338870666792955,0.014127610935919632,-0.008555174069687088,-0.016799340426468135,-0.0011224243151862767,-0.010544588650272968,0.010095367908270703,0.001726997299916766,-0.009668055667504283,0.004001073652463161,-0.017499610128023035,-0.00399805043840884,-0.012026821867133441,-0.017194141385842854,-0.018054665037857354,-0.013545245775414716,0.0037390284716340982,-0.00030457271673611785,-0.00642896038916807,0.003253764184534935,0.018067730495556322,0.004313042164775016
2025-12-04,-0.002079562098127874,-0.0032983193993856297,-0.003449614738172402,0.011971846896486671,0.015471658461697624,0.008533121531119514,-0.0031018333921443153,0.006366992142032624,-0.0011033055089920696,0.007318811654260848,-0.0049858120553337715,-0.005471956224350261,0.006420674778698565,-0.004557643072735984,0.00753861069149786,0.005800598324911865,0.0,0.006083245558572203,-0.0011208875352891612,0.002421303591047863,0.0012526805186918732,0.0014666738768103205,0.01336188856408671,0.008795001500228716,-0.002420535270656776
2025-12-05,0.003256017134998901,0.006117109077992788,0.004182646645853216,0.011642478246658872,0.0027870934985261275,0.002376597872824515,0.02468098057545398,0.004714142244090613,0.013706174177292585,0.0019531997496773368,0.009131853990547834,0.01800677495811298,-0.007149595113943086,0.003394406132643857,0.01836558108004893,-0.05019891578427149,0.0010836422660134293,0.012392471629926627,-0.007995555272024224,0.00260117951168759,0.0038212083852235956,-0.000947649551830132,0.0054406725950126855,0.011598593311482386,-0.0018785315012435078
2025-12-08,0.001557889183141814,-0.00019937400026992513,-0.0020825682899053843,-0.003341107568014867,-0.0005249365186679178,-0.01071698743149263,-0.015542975702947937,-0.006544015154844263,-0.010276870515277592,-0.006783580030908287,-0.010812586794139767,-0.00583468043958113,-0.005040749120292953,-0.01214174310403271,-0.020610615811080146,-0.010519216806196274,-0.011753731899282638,-0.009523584497421411,-0.014988722040057634,-0.01704956078997477,-0.013542201050040559,-0.004915025904420611,0.013369014869246687,0.0056557511903165825,-0.006822432751530494
2025-12-09,-0.008814042063944538,-0.005981423099213901,-0.010362728725219372,-0.007325620214527873,-0.008713122039908594,0.0016777127743405895,0.0030844819445055016,-0.003107197271623674,0.00020022041516676303,0.0016485199045663812,-0.0018296122254668479,-0.010316943087350205,-0.011245987152028403,0.021768017619678837,-0.009450516773718998,-0.0032410689153993255,0.0010954409093726358,-0.012439957211178854,-0.010335891288411059,-0.002451093288615258,-0.04517973830787925,-0.010918622224686092,-0.018972305955056834,-0.015188560375958393,-0.016028459171852916
2025-12-10,0.004903945359473916,-0.00732121827282306,-0.008435157562706408,-0.008880512717761135,-0.005953268794251287,-0.010862852932700617,0.0004169773108770869,0.005236275635608578,-0.001550996742043509,0.0021161193314744864,0.0008459013439809926,-6.24331683410917e-05,0.0053491258320119695,-0.0008573914807628036,-0.006294938444987519,-0.002081093019180247,0.005471308329300761,-0.0016226897281534924,-0.003771400699362326,0.003590980089930973,0.0030400100053638024,-0.008498326107123866,-0.006915931159248601,0.0022143555729567943,0.0036912478115067593
2025-12-11,0.005270284298839245,0.01060820487444758,-0.0026400116130178564,0.008329126564652345,0.0008465275767657321,-0.006676311210682129,0.0036467394059365166,-0.0006200339724632409,0.0031568423152013025,-0.004614464879819535,0.023808488154972718,0.014295563649386223,0.01215342805156383,-0.00023400574849075095,-0.0038601662583686025,0.0016944477958142912,0.003109462953466924,0.009696980982891068,0.009464195020123745,-0.002636450039931515,-0.00894996376145396,0.013696203251673866,0.011219983636413522,0.004922811779204395,0.01814833122388837
2025-12-12,0.007443411420030577,0.001199645558420892,0.0044117567193278084,0.00012510205026106114,0.008960189870690138,0.014708655182868124,-0.00010379001261395793,-0.006949642182876081,0.017532975575474508,0.010528874133548527,-0.0016512738007284922,0.016863602759456642,-0.0075807469449413745,0.009207229883552603,0.010830652478255987,-0.019517688547049827,0.007594496947431972,0.003928882448671844,0.0023078269588701072,-0.004531759903484867,-0.005252824170469128,0.02187938822526303,0.00650427619302496,0.0052072656231250125,0.004554456648932836
2025-12-15,-0.00019279610688960336,-0.005391967575958834,-0.0005856685051376376,0.005381134286299716,0.0030119655029656744,-0.006575700652016847,0.004256864431786411,0.0054986124876910125,0.004467237214737629,-0.001010770533716454,0.0021593427687860434,-0.006476240670020061,0.0020072294326980433,-0.00360809601776213,-0.004521777071790467,0.014553602676970145,-0.003384058190655237,-0.019458650117076703,-0.0008634756444517722,-0.005311023935539949,0.005569948163453464,0.0004265474351263787,-0.001900617984513353,0.004374560662196547,0.0010161336910061713
2025-12-16,-0.008931955777110256,-0.001807024642456856,0.0005860117137421739,-0.00865073871659816,-0.00777034188672987,0.015606071862750204,-0.006306550125712906,-0.001491464237277973,-0.006964308993221868,-0.05074721609482424,0.0005043189801781089,-0.003716118875183416,-0.008791867291410349,0.01637267787798935,-0.01412062128332281,-0.005406585347625725,-0.009106253568410883,0.0036030612687256713,-0.0048969913998843095,-0.007055716868874629,0.0038486240925286186,-0.017053263323732915,0.0017772774646847012,-0.009627855116676187,-0.002889232990610835
2025-12-17,0.0013616007284771303,-0.010359015914392256,-0.009956094237207558,0.005712833950994423,0.003962427599463858,0.002854477511007536,0.015294151567641023,-0.004729825556658684,-0.0003445699327427887,0.004181598322953395,-0.0042155279264278755,0.002690473367220836,0.006512089795983389,-0.005496867681785367,0.0012018197244578754,-0.0024110998165700614,0.0007787460706871752,-0.0022645576761133324,0.0026053353034201088,0.002880687154040773,-0.0018631985549710794,0.0010410130440845489,0.0007604070296463039,0.0074069455100092,-0.0038374335835278384
2025-12-18,0.0,-0.0043699227745961355,0.003253524112569517,0.015480693681181323,0.01957861346253953,-0.007590078307241677,0.0017420939434347193,0.0015007104478219624,-0.0077047634461515635,0.004164384873431626,-0.003957310227548305,-0.004207803019503076,-0.0262145692102691,0.0029171877087001974,0.0007002967614269107,-0.004438384936390483,-0.008560315048540601,-0.007251928778560179,-0.0015880663411049767,-0.012064251797662351,-0.009333382720052574,-0.0068457699276254225,0.016588574426472436,0.010377469730914912,0.006289306961310581
2025-12-19,0.013403186310904314,0.005920174882679152,-0.0019900226683305933,0.007314899368866756,0.0003656956761814989,0.0027245444872643354,0.002813139953108612,0.0016233201757642757,0.010518189790121202,0.0006504576746555468,-0.0023561106704005352,0.005205490159645221,-0.0005727807638233884,0.002755586559272105,0.00799765040778988,0.0064003556696610175,0.004395618764944764,0.004739840155927544,0.019809125363767333,0.021321908827433234,0.014566810003084907,0.003053827635544737,0.004297452043779959,0.0022740717242222264,-0.0014062809210492189
2025-12-22,0.00658110679344337,0.002232410988758149,0.010634405240484757,0.03106121656564742,0.013071311218222137,0.02378806956146251,-0.006120547718759695,0.004114290675905075,-0.00027003697666794224,0.002112811821660232,-0.004538116497976974,0.014316969628645593,0.014270188926895244,0.0009414746899056858,-0.0004958872178767448,0.0041666459343940865,0.002500886789331025,0.0036351871105748668,0.018431899436729404,0.005883405872155301,0.002750193364038145,0.003131472162048121,0.021209295678490392,0.031083316905172742,0.004068225086157895
2025-12-23,-0.002983431547231463,0.009010763931792232,-0.004019059047245532,-0.012606480409848464,-0.004481384353624107,-0.011501352731287828,-0.0024632830521725824,0.011547028399641501,-0.003339507764328342,-0.006649304889976171,0.006047357958724797,-0.0038440533825998546,-0.007853982385580105,-0.0020336675623205958,0.003572134982853692,0.0057217392915458465,0.007951260310374852,0.0023226387358843414,0.011415885425100525,0.007547194535058033,7.122172894247214e-05,0.012660473449549015,-0.008319690662176304,-0.004657655363462632,7.791442794302661e-05
2025-12-24,-0.00795817911602592,0.0006020808426914215,-0.002347649776244465,-0.002937153174881635,0.0027190580197862246,0.00037695095701528736,-0.003035290098217125,-0.0018411588937489176,-0.0012811561685820427,0.0010611852424944335,0.00046236342627548055,0.0071148306185007115,-0.010763679130155968,-0.0042029673275022494,0.0002966082347433119,-0.008859545933945334,-0.0021655616754330254,0.0031998557244063974,-0.011149380985256307,0.0039326318918597725,-0.007942235924119911,0.007364238125782574,-0.0009184966872073375,-0.012306570165684705,-0.013790353586220272
2025-12-26,0.0006417426942348925,-0.005114327770677107,-0.006912867917709731,-0.004388606103427617,-0.011750455999179898,-0.008617132222214607,-0.0027349927931497042,-0.006025640833896562,-0.0015542230824630021,0.0015492959430203346,0.00023114551606306932,-0.006406003045742126,-0.010074950814547456,0.0211546615273579,-0.01156471599214326,0.0014021318455643694,0.0048055446457375695,-0.0037396075562513564,-0.0011136400257987233,-0.009699667705993842,-0.014000990693265103,0.0025501955932085707,-0.011768349072648454,-0.006565766989096278,0.0027650188192280822
2025-12-29,-0.008722386443924313,-0.00040318699715369277,-0.005257614543818345,-0.0068836627040668175,-0.008689167121902486,-0.011304127793756447,-0.0012935695568689898,-0.003835173997222552,-0.0021248815128059872,0.0030939976088311116,-0.002587567626398113,-0.0032537853947079975,-0.0013375218950256729,-0.0020791821989705195,-0.001999950994537647,0.0034567708323778312,0.004319668304710644,-0.008556180028139737,-0.0005573550411643868,-0.01827093074035746,0.010522373459391998,0.000423895111941075,6.206587869672653e-05,-0.007735557931700887,-0.0005515563392686218
2025-12-30,-0.0037525936694431383,-0.0008066366810288716,-0.0005956571280272271,-0.014045114642839751,-0.0014454228976116257,0.008743194838451096,0.008704224416254513,-0.004967683978726267,0.003293147975391486,0.011363674675247903,-0.0027332813112952437,0.00634754433060758,0.0017469895939592472,-0.00240975885933159,-0.008717500817779111,-0.0013517911070857203,-0.0018433238686140774,0.018986099016801594,0.008784159715364837,-0.0009592682768684302,-0.006161172722148223,-0.007966729760891744,-0.004837575753150691,-0.002232790268876017,-0.0022070555475559583
2025-12-31,0.019872749161595316,0.000302740777692323,0.00029800607345542574,-0.003823337710604058,-0.01250463662079171,0.0027622231198616287,0.008988669088845214,0.005991014038208231,0.0077739409803248005,0.01878008888003424,0.02248342400604386,0.003003490187137192,-0.00029066909246577843,0.019476074591566528,-0.0025269929640356903,0.011221700492472397,0.014311974488464552,0.013359501633137372,0.015480293037725579,0.016324171739923177,0.004060417367694358,0.0067492683993291,-0.008537897118913396,-0.0014033679870931737,0.004424068930305225
2026-01-01,0.0033111527772029525,-5.0451958155561805e-05,-0.0036487993291453025,0.008914186384206824,0.0066121841967967665,0.0022795836026368033,0.002596183378264616,-0.0971464010588815,0.013934064052611772,0.003938923160827779,0.00758708101821437,0.0006588009892884994,0.0008140957691804562,-0.000542964737399676,-0.013883294940454038,0.0030657870033590218,0.02048252061917699,0.013965287512937241,0.0005443826851962985,0.008314369841234015,-0.006318789852555073,0.009928679186567368,0.010560005668153183,0.015458862425486997,-0.01415764263129038
2026-01-02,0.010599232824698213,0.010543238508079256,0.013004469576272104,0.006503869946475227,0.007219463689806416,-0.0019426571740733811,0.014419937212882594,-0.037927764923683105,0.005555094440416131,-0.005885155447169388,-0.010235346107839383,0.015082584592104542,0.004009050047743212,0.0005926194590655243,0.01782963905655599,0.010761954306098165,0.0469819231550872,0.011007702807504627,0.0076181318184527225,0.0155548781982906,0.007485479501283088,-0.000168050325671798,0.0026746772473804636,0.006171530897329358,0.002154139095110752
2026-01-05,-0.008917991859113128,-0.02406144154441625,0.011878358805123668,-0.020726690484366816,-0.010643835128568035,-0.0006172406981685974,0.0066068885454309,-0.0009998153975959712,-0.003122510855423699,0.01491835404973374,-0.001913374640537091,0.011497610029709726,0.0005208997200671917,0.00691068546747764,-0.011812773849438685,0.015374816358139975,-0.004260122955859091,-0.003182165856851382,0.00864039740144995,0.002583304593078095,0.015508902833032856,0.015799636943586215,-0.009367242992262548,-0.021189610768716394,-0.0048562722008245185
2026-01-06,-0.04467397667305939,-0.015652197094406572,0.02894636221659752,0.003610541318017191,0.012344133767710597,0.0001424558639320228,0.013276338520123332,-0.020731947512027227,-0.002361187288981381,0.006221759922441006,-0.020311247692125667,0.007986062597566068,0.018103936035723356,0.007868251043870789,-0.0014304298059457654,0.017029473424181818,0.0005703638281182588,-0.001239998601901715,-0.012448163200281304,-0.01141162116786909,0.010725936001579894,0.00967986739772142,0.0030684390371262804,0.008735405165578802,0.004959966963691498
2026-01-07,-0.0022552717026890212,-0.013666586966833316,0.01169217848406423,0.016623294968570956,0.012224348743963276,-0.010022274199398717,-0.011532020118695696,-0.0035043480739637145,0.003960860322248738,0.0013139902189120978,-0.001118184607137085,-0.02793198130117802,0.012725831190841586,0.039252986712813964,-0.008748124183439066,-0.010434346745672007,-0.005558630393871611,-0.009721091536895266,-0.015044627571126568,-0.01657048940495398,-0.012790867120289984,-0.0016388614375356658,0.01460853174157939,0.0195782479012534,-0.010667086774703627
2026-01-08,-0.022337423385908717,-0.002476163429401379,0.0051132351854523694,-0.01568028785226816,-0.027825026827415944,-0.008588410562249238,-0.009085088523162699,-0.001025598218732382,-0.030935861218101435,-0.006715602856809277,-0.005130571676791873,-0.008626352378666602,-0.012285425212704704,-0.0056632593869097025,0.003251427087061387,-0.0052929478857142165,-0.01275626184214429,-0.006615441443916126,-0.01073346713752188,-0.018174968720115703,-0.008151154205574329,-0.009848983131054423,-0.029104102534304954,-0.03175770929179289,-0.028886334297400618
2026-01-09,0.003196041265173921,-0.008133504186030871,-0.02139373594650673,0.0004958170940481121,0.0012172749140475503,-0.018971156228610564,0.00250502468042324,-0.011000330011778137,-0.0007943346437611076,-0.011501382941900062,-0.0029067548890387984,-0.009781543631430911,-0.01749297878291811,-0.011108559274626617,-0.01270646818224097,-0.00590773142782508,-0.024390232897038344,-0.012540258406368632,-0.01474478228756515,-0.0050134902704449535,0.013996054203270436,-0.010527138319292306,0.0027251114019160028,-0.0009533919924008538,0.0026512982027500076
2026-01-12,0.0053547636931428055,-0.0021831917297068237,0.006266385643852956,-0.011275601044485883,0.009913447560935262,0.008337027526874152,0.014642695827021823,0.0037075294221959876,-0.0015402621550808515,0.001729510610347873,0.0030563079058807396,0.004908717274072494,0.003526150287433527,0.007092222560848294,-0.008024111564108871,0.01416169697544234,0.004315513286987649,0.0012781026090105119,-0.010165245296114067,0.0021317658284167873,0.025092860177124976,0.013487461117300592,0.0024649563004568442,0.004390030102511044,0.00446253954934428
2026-01-13,-0.020496171220296455,0.0004269190647672172,0.0169132575415063,0.0019424539138996888,0.008766403821825142,-0.008365941326535897,0.013101453696532817,-0.01093367422603031,-0.03274448828410159,-0.009574598842860382,-0.00032822945252097835,-0.009407754338018437,-0.004205116233028772,0.0017960232105378449,-0.0030465185833569164,-0.0069404613677203075,0.001333466084342927,-0.005567668180484264,-0.0022820639063916293,0.0009669341149549648,-0.003487022609999779,-0.004463556163545879,0.018094752588078133,0.004180996350751975,-0.019909490280988873
2026-01-14,0.004129973889475558,-0.012695339519595117,-0.01294368582628791,0.0005003292501839507,-0.023102788646099826,-0.0021708145729062434,-9.721010620189485e-05,0.00014936759748240824,-0.0055563620018326265,0.029160132917251502,-0.012941905096996331,-0.016680861325875873,-0.016197077615340727,-0.004175311062465381,-0.003213916193702371,-0.0150658886857572,0.033145917405214664,-0.003277332349435169,0.00014296622451537289,-0.0017387641620507654,-0.025084046486710587,0.017519096329629225,-0.016286885207757784,-0.015140054537776892,-0.0040292314690051345
2026-01-15,0.0,0.0,0.0,0.0,0.0,0.0,0.0,0.0,0.0,0.0,0.0,0.0,0.0,0.0,0.0,0.0,0.0,0.0,0.0,0.0,0.0,0.0,0.0,0.0,0.0
2026-01-16,-0.0006169565104086061,0.006105106955523132,-0.005358088376260062,0.05625706074194747,0.022707640360314585,-0.0030160621351580374,0.013565481631364618,-0.01657952627138548,-0.002431645017962336,-0.003541809578283428,-0.00665081176035931,-0.01814018535722728,-0.01869812730447229,-0.00582730944387122,0.004545644876849941,0.0029318223972452095,-0.007877402366897601,0.002383897306043936,0.010863352095444423,-0.004064243037809279,-0.020256599580785073,0.010036675595962219,0.05162099051302316,0.02786319540256188,-0.009270950101552433
2026-01-19,-0.030386222382269512,-0.003436744182823248,-0.02140636813515462,-0.005089435612882887,-0.013440520237555598,-0.0031739629235375544,-0.0037417109442153818,0.012150604258642117,0.0034747759432431913,0.010276653128078461,0.02080342340182262,0.019988690235476225,0.0038947768094923507,-0.012580744565864443,0.020205218183668716,0.022665598701389955,-0.008661696776900096,-0.00021870389717804084,-0.027149338986236726,0.001360296255148663,-0.0010518856721041248,-0.0065438004084521495,0.028614236073520427,-0.0803889132506066,-0.007060916313939569
2026-01-20,-0.013865288327362557,0.003556383560383569,-0.0034766717394878466,-0.013264245798949581,-0.019376657928196983,-0.006965200991706166,-0.0019260511947375436,-0.020708309979631245,-0.015323768381970027,-0.010707492423000842,-0.007261673308484595,-0.018360534022849317,-0.036767349570101526,-0.01655361830606783,-0.03739231413114019,-0.014416450231753308,-0.013397450641793096,-0.027314490194788932,-0.017877884029230406,-0.013972439827530492,-0.028467659576636994,-0.019354317467304538,-0.02316247728825893,-0.024598527126578507,-0.0004283558072786242
2026-01-21,0.007604056306050433,-0.011651693421642073,-0.019479646810778295,-0.0027126271391266776,0.006543522779421718,5.0099067965270194e-05,-0.0074778211271469,-0.004750185630757131,-0.0115470591782173,-0.006648636508652217,-0.005191102393511837,-0.006864400783704316,-0.0005576846362844723,0.0009078259464769811,0.0032683310591805625,-0.004665650495839446,-0.00014762489074937601,-0.0011805754015214998,0.004143870581688303,0.006888429818885156,-0.005419331609325506,0.01426321749198256,0.004885318540706507,-0.001458886965659767,-0.008142669286477777
2026-01-22,-0.0014950853130218933,-0.0017927454649970809,-0.002594487025329162,0.005500467292467226,0.008902767314289628,0.003055951972696036,0.019151256868243483,0.0003079867012820703,0.007248097062805492,0.007704946353268793,0.010436453620100039,-0.0003170520129800458,0.013206002953574325,-0.014855807010994537,0.007049350834370527,0.009543970711743288,0.011071758033415868,0.005741139922806671,0.023728699489745653,0.013486984559932802,0.016046011738542143,0.010873950587631853,0.0004150744033861731,0.004591894933034579,0.05210857317742601
2026-01-23,-0.011693449417618407,-0.0028301326122367465,-0.0015607232409247107,0.004388342235966736,0.0038407873898465006,-0.008740373291689085,-0.017980629023889527,-0.0044635947169497925,-0.013179398345347648,-0.02842144433327909,-0.007511745511875945,-0.0187758198728587,-0.001407411528156044,0.0007962769541942638,-0.015909180022449787,0.00790597466167875,-0.016790713407240143,-0.00847860653153476,-0.008206030833284417,-0.019672088212353556,-3.706905965816798e-05,0.00040443348725394124,0.008118945554664414,-0.00934969669502872,0.0148665490588753
2026-01-27,-0.00404010662257559,0.011243416433832643,0.0133988140890835,0.007122263951240937,-0.0014229047381563165,-0.005693489263533302,0.02297238475784069,-0.014687714604077473,0.011752783352072749,0.045945975341424417,-0.03334906434238172,-0.014480557080762568,0.004289479840275057,-0.006166419073613816,-0.014172531156231516,-0.0035693167724623054,0.02376000711879911,-0.04230403063886534,-0.011322502608521634,0.0007870247955812371,-0.029921851517883957,0.017786348709691424,0.025865599131584815,0.010327065922860701,0.0033991999999205547
2026-01-28,0.011734823320726173,0.006800464932957384,0.004627576314816917,-0.009627351196617062,0.01333130274311678,-0.0079558824561069,0.00982766365899046,0.00784555732635539,0.0016367978769074032,0.0030399990641301056,0.009053046625598693,-0.02413905638957592,-0.017267733144763486,-0.005454105231304518,0.022357073902493863,-0.009371483395334335,0.009718514281396695,0.01641371733592023,-0.0002935666084020738,0.021427076472927853,-0.042321243387100305,0.014139332096915425,0.010200046505753013,0.010860323216049128,-0.013953911438057687
2026-01-29,-0.00408100477061113,0.0030020507261359075,0.011625366960408945,-0.004200390561712175,-0.017405808436043002,0.0052102672843565845,0.002538696543032959,-0.007940153455285315,0.03661042741979248,0.03326255360546204,0.0,-0.02520670710494821,-0.013224862588698594,-0.008930341830257982,0.0,-0.010847554079378985,0.02901886971722578,-0.018786933789186833,0.03333813565802002,0.002694412906068422,-0.03814001377864884,-0.0039162821802487535,0.0031198038347144408,0.010322298909588135,-0.011124732580959251
2026-01-30,0.0031631999215702145,-0.006680924664804744,-0.020670756635300158,-0.011147938072588515,-0.006519531136254586,0.0004064526924492107,0.010270219301205419,0.011142419460919317,-0.00015250728750404452,0.004913184579417695,-0.010669274578133714,0.006688775995686624,0.003775314675439123,0.009569246505615414,-0.005667627338234449,0.008671253134820978,-0.00600306904909198,0.014005457472636484,-0.00497439766597263,-0.015355076206775897,0.005091115245549949,-0.0018086118635566306,-0.014306719238708743,-0.012093453526678566,0.007610177157558962
2026-02-02,-0.0035831590207748842,-0.0012376212007129128,-0.001623549766056609,-0.0070689040117084545,0.014629230792389425,-0.0016761951594206348,-0.04497987719110419,-0.023125871868587833,-0.0027973337935789377,-0.04298015291237944,0.0004902481601269937,-0.014727041878739522,0.02043502238615691,-0.006084376124666391,-0.028122753083346663,-0.006616130762846284,-0.01587085960921275,0.009149660355423306,0.036709074399155384,0.05419107375937582,-0.010830599857110434,-0.012525591428912297,-0.01095748599759827,0.022794475135026193,-0.0292258046558459
2026-02-03,0.033587393461975035,0.02219595265139751,0.027276695526662786,0.01632505107605864,0.017573142208165082,0.016230802582518855,0.03450953535863355,0.006196365577229468,0.029964511507811098,0.03408299674846016,0.018618279475272947,0.027669588769918096,0.045580132237048376,0.02919157396001526,0.06716832837719555,0.004793645884750397,0.02340524360490881,0.01868213703410948,0.025213514871318843,0.04733729031879319,0.009991626996482594,0.00438768142124224,-0.0043503633451303925,0.001609611067876937,0.0447357390067209
2026-02-04,0.013708276482541581,0.0046378811875502635,0.013456166433760686,-0.07258454969424133,-0.07013294661283864,0.014269249732788092,0.0037587140965908983,0.011929795266854892,0.011959049758385465,-0.012903655277501258,-0.008297202386921776,0.019550841904517835,0.0013513396152677881,0.018532153371587867,-0.0011406507803362054,0.0010132134233962198,0.024264346594738306,0.013067316638584181,0.009138671751425687,0.021892527334321343,0.011005717446968433,0.017156506183101605,-0.0414796996483795,-0.038526551132099573,0.0038853010369983565
2026-02-05,-0.009198276446980902,-0.0035672904482948464,-0.008449319553143098,-0.010157624300343282,-0.0025341201112869527,-0.016487306527579015,0.004961635132690434,-0.011629736270052038,-0.005823209127350459,-0.006050640348181924,-0.008730484813914585,-0.0007962430626521355,0.005432755770568454,-0.011196863043649197,0.0015052644731574638,-0.0070012694215041416,-0.000680673954382871,-0.0005596063607231638,-0.003462598259185712,-0.00017269682483178617,-0.008398823797192922,-0.0025769132662788463,0.0005469323943603221,0.00021429288572738514,0.003789833566667067
2026-02-06,0.0051268004167235315,-0.009055499806620793,0.006874351667523371,-0.008617275240571987,-0.0166806367148169,0.023087706894790117,-0.006613837463494421,0.05029004371878498,0.0011812679658753655,0.008266896195558537,0.03327219031031414,-0.004117157116013237,-0.004404999123011288,0.01059150529999675,0.017569312379741353,0.02964661778811739,0.0021962728063165127,0.001679759086038679,-0.012428118699771895,0.011750448558905724,-0.012746203092769748,-0.003992848136491478,-0.01597615111032391,-0.011440061036582572,-0.0029721860813473056
2026-02-09,0.007444133077086468,-0.004090951344630556,-0.006969593452346712,-0.006568907452738859,0.0022437183793835302,-9.811395031811276e-05,0.07464360465949627,-0.009208113054155476,0.011184625832918682,-0.0001489721694308832,0.015271669294230517,-0.0012668841982208523,0.005604347911160268,0.02820574063906789,0.0014770512821795645,0.004455141903370707,-0.008628946754896338,0.008831785408761617,0.02138020255384543,0.0008635582242007,0.006788500716695012,0.025624948205250186,0.0011111712450035949,-0.0027739633273619058,0.027634556581733527
2026-02-10,-0.002121020056346845,-0.005174678926825105,0.007304945206078495,0.00040082380453587696,0.012346539613439234,-0.013197863768451112,-0.0016579178399723782,-0.004336997253371,0.013467495089541925,0.011405901178667577,0.001165990408864559,0.011216420659139859,0.0018773540071315153,0.002653986012698617,-0.01785082072437416,0.007638656571190339,0.013815967517913696,0.018339963880105614,0.005166938961273626,0.015875804006610483,-0.00984515665559893,-0.0019160088850634915,0.014120971184862663,0.00604141637195843,-0.015288089723154541
2026-02-11,0.0069935003177907795,-0.005684298040796176,-0.0002843583727699661,-0.01729204792604755,-0.025062001849009752,0.0003976822212385933,0.03391314350190333,-0.009800895952607025,0.0003357568377784226,-0.006928445770351566,0.0005823518340770661,0.01756241660040292,0.0019322434836053226,-0.0046848237918269975,0.003469405134264303,0.0037902241406762016,0.0042246176968163685,-0.00024490575558056005,0.014103109648601286,0.0003397734038461664,-0.0004596775446388257,-0.004146517847052,-0.0062020435573979515,-0.00717160035059905,0.011385410442735777
2026-02-12,-0.01348130215075427,-0.007011091743491238,0.01699736852104028,-0.05835995501934854,-0.05488356709752973,0.0011928181254294845,0.008031104113453758,-0.0025137300152110464,0.0037166766193410528,-0.0054182874182227,-0.007682385213826359,-0.005580108142315354,0.0022208488994464037,0.006283595828122213,0.031116119400809383,-0.021600547140828708,-0.0005428511675233949,-0.022259055475444378,-0.0032492834627284584,-0.0018680148583193334,0.007523527879326197,0.004626417071218469,-0.059838499614862206,-0.04669068692513023,0.003621120809661038
2026-02-13,-0.02022224400288386,-0.01814034153399624,-0.010769219909464223,-0.012193416726503203,-0.02105379533767593,-0.004864743275635575,0.005199586000773193,-0.011655361317089552,-0.002866734198685439,-0.005746287590981725,-0.013137862461135463,-0.005807072659106849,-0.010146420797589761,-0.02259217767516275,0.025673104417144543,-0.0433663874420247,-0.01425657768755495,-0.016615251308156442,-0.008345291480540307,-0.02279675496289424,-0.018294969710832665,-0.005065615444895699,-0.0014317395782587061,-0.022777141269517465,-0.00533379404415002
2026-02-16,0.012327398069824858,0.024228299578640033,-0.0021207804987397605,-0.002556360582020245,0.005348876067843733,0.012321075026559436,0.007925907908676422,0.013386487876413833,0.006612515654786488,0.01951513649949832,0.011767499124098135,-0.012207180065082146,0.0017673222745910877,0.0004545769439465719,-0.011710185566832454,0.005986503727121839,0.01680435328503993,-0.006707395876905831,-0.007889607002956822,0.04630912261703246,0.013015584839141336,0.0013885444582524276,-0.014142354868923457,-0.003876898576293586,0.0010252052469041928
2026-02-17,-0.009811374982602317,-0.00010796492285991555,-0.0029044698365845445,0.018746319078381646,0.0039901524882470785,-0.004484104182317483,0.004387069352500772,0.023588588637442953,0.018636169473704056,-0.0008099027406190951,-0.0027020494504211845,0.008504436437645868,0.009761854003740522,0.013226185654244826,0.0013824075271660075,-0.0028891901408713005,-0.0018965496636011991,-0.005840928930877731,0.014844339249823868,0.0008319470949396113,0.016769471389058044,0.00023114156219294912,0.007337954842628669,0.011394598068226625,0.012131735226586837
2026-02-18,0.012860184532927255,-0.001080234977414829,0.0004972954422077791,-0.012579114746727016,-0.00827994796042042,0.000742508365302541,0.004532693142573319,0.021508702146574077,0.010771582882376451,0.014588895707807747,0.004476388512667517,-0.0009881896809526003,0.00425133399012978,0.0028798172384536525,0.009515319343815332,0.004843739434250649,0.0,0.011836539836210136,0.0,-0.0006650859830580336,-0.0021743397997739944,0.005237204961602959,-0.012468859904707807,-0.017339702894529796,-0.0035025198025463444
2026-02-19,-0.022063441957186347,-0.009841057154273192,-0.013776349086977557,-0.0023293707339959724,-0.006308225011023683,-0.01642106648069641,-0.01082945886044362,-0.019401475481130692,-0.010494945887999707,-0.014814813500476531,-0.02333765626345541,-0.017211846927373098,-0.006378998505183975,-0.011862660597797059,-0.006593065416721888,-0.019023103994511126,-0.014115042469387218,-0.027956391902671074,-0.01867574707931241,-0.019630645899399113,-0.012869529928324686,-0.027888442260854185,-0.016945782484749983,-0.003491387633807741,0.0015621575793955955
2026-02-20,0.007023806447532088,-0.004095718973815776,0.004104170755059977,-0.012623239952484822,0.00309943481932895,-0.005632099873832508,0.008625662748418916,0.003067487907324029,0.02338514020406457,0.00862454403328039,0.011887604498880044,0.0049654734034145775,0.006419951365346899,0.009099051855855578,0.012929473949886194,0.015443398820191412,0.026844744944602317,-0.00553643700175932,0.006121876498557999,0.014593717157632913,0.011371210494021344,0.006147517647390632,-0.015142303516773814,-0.0063917009162723915,-0.0014817397868736037
2026-02-23,0.006058814721798367,0.012885907866915458,0.003513872983457844,-0.018991922391850102,-0.003685433022402429,0.01006374234819285,0.009620986278317423,-0.0048929331733736925,0.008560457209025651,0.013447285633217732,0.02219059550238711,0.006343077281248499,0.004581329782284538,0.008568682033786468,0.000776600782371073,0.013350510163579576,0.0067033508565848,0.010050416537873641,0.005158818895605988,0.014718144104691522,0.0006589280902251637,0.016449907122009444,-0.010982215021784425,-0.01891744315467947,0.02108714452681193
2026-02-24,0.0005602723452611258,-0.014183610096832222,-0.010433102537313554,-0.039171447443614005,-0.038336540696323196,-0.028188096152105047,-0.0036650627947290015,-0.005838963753491799,-0.035965643931877955,0.0006490124474367587,-0.0069653642517694125,-0.009686871984182499,-0.0002886128897130469,0.005102116277573954,-0.007225991291761713,0.0056281654750469645,0.019443251060058175,-0.004032395141659095,-0.006316685096439234,0.00477983759952938,-0.006832041919839438,-0.0012330252638859118,-0.06627799661256617,-0.02792754341479442,-0.005507140650404696
2026-02-25,-0.02120658722132207,-0.0031850946754928833,0.011337361325356232,0.011446503898235205,0.021603163841764195,-0.014219407764545,-0.01896516379078972,-0.01159195047423689,0.00922698437118541,0.01109833649089187,-0.00642976201367762,0.009647606932214225,0.01870878658402919,0.007102140669154933,-0.0024424947284772403,0.006910822863894772,0.005617220490532038,0.016922954653144195,0.011389204547075371,0.008038142095763146,0.0013673785661905136,0.006250012014078488,0.012189693246005495,0.008893786656305025,0.004845467978103368
2026-02-26,0.0059349587935093595,-0.009916273908654127,0.0031417822406680784,-0.0007750868637663721,0.006997994530261842,0.008466541173740572,0.007832747308004429,-0.004534841483005092,-0.0027916396254537013,-0.005345718005255629,-0.0009413152357176102,0.009489051094890621,0.012186854558325466,0.004069373836102175,-0.00793297517392988,0.0035369954563211348,-0.007794198474163405,-0.0019189852845054034,0.02540259413740409,-0.01301871959838985,-0.008897480249817513,-0.007974869449203226,0.0,-0.0041600158488440675,0.009797184911298995
2026-02-27,-0.009169794935556141,-0.012074263837782429,-0.018506621467999862,0.008533052700256505,-0.003890128422069261,-0.026067501784179492,-0.006449024380470569,-0.014765930092074164,-0.0019129645417741425,-0.008312435667784834,-0.02202326407625521,-0.023401020902514724,-0.027272180206242336,-0.003477217927842502,-0.01683199577854222,-0.018965299219698584,0.0,-0.02502450867079853,-0.022730105430721848,-0.015169049049429617,-0.007808220657091081,-0.020097371121450158,-0.0029372867482733156,-0.0005967376601559993,-0.025013224422997582
2026-03-02,-0.025755137390645833,-0.009405834929033241,-0.0035536264514219873,-0.008614719162860385,-0.009061943817042617,-0.003245947317928377,-0.00981931480411169,0.00414534249757792,-0.04945889834341821,-0.00838202315430947,-0.005057861881016534,-0.03156762876206731,0.008923424652042211,-0.01321785328831504,-0.01772267310331488,-0.007484683970458317,-0.011390459454292179,-0.01857298296174925,-0.03149092530838482,-0.006194585968821387,-0.029080030373505594,-0.012305782772265683,-0.009132431884480985,-0.011892959905005496,0.006297030637189449
2026-03-04,-0.009572822989874274,-0.0122242200588204,-0.006259077350968423,0.01435332764071684,-0.009833497332849994,0.017456759301887947,-0.01294235969032076,-0.009367959172458584,-0.04527008840888258,-0.015302826375947931,-0.02360200607838403,-0.01598553104392353,-0.0011412147242888526,-0.01543219542659946,-0.033887088446285185,-0.025553726783094755,-0.031121686842177754,-0.020993889841344204,-0.05234752193909076,-0.01634081317099334,-0.009492453514932886,-0.03306446279360553,0.0043108800920170776,-0.015208753123800656,-0.002472168529975116
2026-03-05,0.03301116723536035,0.010475984155599027,-0.00571266444623697,-0.00122374805727965,-0.0034779042081746203,0.0005771420862983323,-0.004257049885802222,-0.0014425855474333726,0.04020495893754261,-0.001628106015204911,0.00979294377511808,0.018152262165173738,0.01942295575101949,0.01683959904684551,0.018304976772773207,-0.002786011419756651,0.03348823293193681,0.025641000448848983,0.011247087206981421,0.025689338997828104,0.0011377560988437008,0.014950070269947657,-0.013247424634544647,0.0006647539305557615,0.017270718440195232
2026-03-06,0.011083904066363504,-0.023583044150976562,-0.032557424262248946,0.0019911106764523012,-0.00822084259439626,-0.01898265482471817,-0.022659334185677227,-0.005778477150167549,-0.022012023683074977,-0.02468308867540625,-0.01841398789678672,-0.01775924753676028,0.008349696040804266,-0.00715757833127495,-0.012676668820240433,-0.012993415962002208,0.006745187813653963,-0.0046296142781465655,-0.012389129193925541,-0.0010019598933453944,-0.003628006075631962,-0.024495402398401755,-0.0012001043421965285,-0.0014309175515291317,-0.007384789023663907
2026-03-09,0.013667380231682458,-0.01907700037065352,-0.02664839264050245,0.005044328747412452,-0.011808053466025537,-0.0021916582728310763,-0.038932590188359706,-0.011947027616860173,-0.02726713435600514,-0.020899796271876547,-0.03364174537414433,-0.0459778474601823,0.004445947474495782,-0.020119660546297435,-0.012786757492635026,-0.013973028604252868,-0.01142936524545135,-0.04348083903949229,-0.053456853731952414,-0.013203961188356539,-0.025751140655205007,-0.05080506908465887,0.003454351631929642,0.017144356895677726,-0.012885381087703762
2026-03-10,-0.010674129241834973,0.010407957360046627,0.026204656074120036,-0.014752888477840398,-0.005657880034987017,-0.008731922194917474,0.01247152296184284,0.00996723314746606,0.008823217271869632,0.020492012751074595,0.01423576554003625,0.026576863266956074,0.002987705855513445,0.014642205003119413,0.0018655182364619716,-0.002005041259438345,0.002790722460892736,0.03328521167120457,0.03975912078753785,0.011686871120786257,0.026837082880358354,0.024257287520804915,0.0002244675222675685,0.01096853512381113,0.021445183176134863
2026-03-11,-0.01320281777802923,-0.018247092896708117,-0.013186998996644439,-0.014896500050198491,-0.01917960685790865,-0.023454391511064543,-0.018971440881331625,-0.00016168993368581575,-0.009597502386384682,-0.04480100861181879,-0.022074719704952672,-0.026682069793920737,0.007226411607790251,-0.018909517420515942,-0.049106132357807364,-0.013149485042217246,0.006891043499354321,-0.03810305785604329,-0.028534234752845666,0.0005022193331036817,-0.02122432432986976,-0.016475014668684396,-0.001645975624268492,0.006469932384271626,0.00829148576640737
2026-03-12,0.0014386776973818183,-0.0014389417316761355,-0.021705568913144013,-0.00822689638345464,-0.009128131281324947,-0.0031543965402192065,-0.0054073847128085495,-0.015857611120709714,-0.031077412507398927,-0.016961286184093427,-0.020615941355512035,-0.036008028352971566,-0.00032858148116921004,-0.00258436211265034,-0.034185702455321376,-0.01133529842875658,0.028033721664322053,-0.04324227387980428,-0.032205168051219535,0.016064388071977964,-0.004838786553211127,-0.03254225434949698,0.011540825286985967,0.001384571721051886,-0.004903768455975621
2026-03-13,-0.008260270305528894,-0.01891320432964705,-0.009237948915631566,-0.013825298412313392,-0.01306087680065715,0.001165798282243724,-0.03520081698902944,-0.008714211550031159,-0.07541339123478352,-0.030133700060889224,-0.02251529022407195,-0.03228033078842596,-0.012984240338393294,-0.013657506263523467,-0.009326817711995727,0.010810181971281141,-0.015618949076972033,-0.03302317575049252,-0.03219838592800606,-0.008728654016162407,-0.01098496980912722,-0.04265493984721058,-0.012594495599437594,-0.024344462824328006,-0.02024260239465625
2026-03-16,0.010429502180503425,0.028886147550208685,0.014424547993713954,0.0012016614257990277,-0.0005393155904525049,-0.008095772975103999,0.01881566640870913,0.022557639686753506,0.008839782966030496,0.014532703352599707,0.008177764696539302,0.013183955954511495,-0.010213158472535011,0.004320997788175962,0.027016030684133163,0.007268440417776301,-0.005332332185431166,0.03582277510418508,0.0009550583757267361,-0.010632979688524058,0.009513830589694905,0.045497408698048636,0.005026993213239628,-0.012501259530446895,-0.01191675628331279
2026-03-17,0.0017919207711702967,0.0056506682863521895,0.012412549507167192,-0.013522223163531466,-0.007263879508167981,0.021355098080946933,-0.0018749523077792318,-0.011030059727299979,0.02115644738753164,0.011031509720155208,0.011761513421904235,0.016853499940231664,0.006280873388077257,-7.334839180805908e-05,-0.010875187862240843,-0.008043361013582717,0.0024843162261818375,0.030565480649939136,0.015267234594130707,0.002518892725155153,0.009243837728374116,0.0015316890391128268,0.0017171182146833441,-0.01942495790337595,0.005403750675721408
2026-03-18,0.007512956232144763,-0.0027207607032612158,0.0004656706187058379,0.027739457555591374,0.02052941937722852,0.015544594613337015,0.004790144627585535,-0.0026243264365924945,0.018375272937899867,0.020438100986765795,0.0032067733641334417,0.005858835157025677,-0.008972328511114291,0.013445776382612351,0.013239636472772043,-0.010610702166249819,-0.012651593857331167,0.027389881056102405,0.017387196889765644,0.0030150355304590093,0.010678182068439623,0.011784753705729623,0.03234446652435552,0.015575996548132132,0.008568298749088044
2026-03-19,-0.016547107763784985,-0.053199650627666184,-0.030404210643703133,-0.0365400480422573,-0.03474276110078034,-0.015306658807292983,-0.019536439649928128,-0.01989796760038276,-0.04806118040346119,-0.03686564922092861,-0.019312688549896095,-0.03441145120688216,-0.01906315826131677,-0.02595590493602329,-0.054425582210436474,-0.027162356917585617,-0.011756996109498652,-0.052634939570224915,-0.047575100714326246,-0.009017917250455865,-0.033641252075879646,-0.03849909507341964,-0.032197434100267874,-0.030313921704762548,-0.015678130123261913
2026-03-20,0.0213749079885428,-0.022237509259669497,-0.0037596483773592038,0.0287515526408455,0.014685991154442357,0.010454262685321014,0.008675723293867454,0.006543625784934282,8.73551327815747e-05,-0.0025682876044875735,-0.003802786540082037,0.00015877122968244173,0.01874568811917343,0.017013863087039782,-0.001982738244975968,0.002599446488265933,0.018446824605981238,0.006797213034913874,0.015518973791654345,0.00303332670604739,0.004299953102685938,0.011096726704287185,0.0329702986576641,0.013215777479599566,0.019144744388144064
2026-03-23,-0.004666257826481779,-0.04651157983808685,-0.018227097392761182,0.0007166536830904846,-0.00284454234206033,-0.027192446988129504,-0.024669132346591405,-0.03167192633434346,-0.026901164686000456,-0.027660166687147436,-0.027811897555312437,-0.019522238650852897,-0.01052276423284959,-0.06172989357209013,-0.02161218615689109,-0.014644442134026936,-0.02244394843057229,-0.035974065818377476,-0.028175838502361827,0.015120973350072564,-0.033752285891739175,-0.05231392694303216,-0.0005777365407418911,-0.0176007991235253,-0.035106612878285315
2026-03-24,0.0028412958929566745,0.027884110635976178,0.023309054075455027,0.017106994976597623,0.006292524089351659,0.0034522986876048822,-0.0010659768817355975,0.0027543279559592015,0.0521781017969849,0.018879136395584917,0.02888797967366674,0.008822324362248501,-0.002900295040933254,0.012042199571652423,0.04479456928714409,0.015982844724276912,0.0084586385200216,0.025542984776820488,0.019492263265209697,-0.010261547158360251,0.04525528989707461,0.03879563076727188,0.03518782540786414,0.006398702813516621,0.005026692911641595
2026-03-25,0.0009207592824262978,0.022748052841367272,0.0067934909600329,0.0006257542660850213,-0.00892120996380008,0.018200987302630534,0.028909499259144322,0.015279034427797544,0.0376762725845059,0.02465003828714507,0.01158511804322293,0.019817065691270175,0.024011813906539947,0.035850813370482904,0.03975260525636437,0.02388490505511598,0.007588889834398316,0.03193355085560379,0.02169029991277993,-0.01337793190855785,0.023857769868156575,0.0408769680535368,-0.016891095686836777,0.0016424093882432267,0.032629360680298314
2026-03-27,-0.04599812997457742,-0.03336317260600907,-0.020560351116284292,-0.007348940821984673,0.00521581510323732,0.00490492315865132,-0.03875162017004197,-0.0033818092186345128,-0.023346905180434696,-0.01382864468126288,-0.013338718620685475,-0.025332431417553813,-0.0010025583062946986,-0.014309439979547478,-0.04412348660262966,-0.02829312755925162,-0.007267443874772406,-0.027748474235351095,-0.046390974358339054,0.0016949159588579565,-0.027662731537451357,-0.01383433836739778,-0.011998656254357032,0.01348851561836728,-0.014607505515344621
2026-03-30,-0.003115491227037581,-0.03259723212950971,-0.022613058056771163,-0.015042917885841112,-0.012930025669942169,-0.033353200394516835,-0.03933296834292266,-0.023752992619853197,-0.016834558270177435,-0.03642542261380444,-0.03482179869044211,-0.006699498964705453,-0.020294424393323518,-0.0075600033393034005,-0.050071126260648025,-0.009255649648497899,-0.01331025846318068,-0.028474721898786415,-0.023087079541118327,0.002030499197760882,-0.019117576020993954,-0.02751379775438978,-0.005461318123265668,-0.020668051560583156,-0.020909625898066997
2026-04-01,0.01882573816032962,0.014626523965534544,0.0056388496415988865,0.02007036954932917,0.020899680038055868,-0.00028058363337502,0.03920767762618449,0.013903385656813372,0.02950824193199919,0.027383014102929648,0.0074985383105370396,0.016496091790620282,-0.01633274487764247,0.0288758988346145,0.01964947485738011,0.00462239852083246,-0.016187790251406042,0.02599251645573175,0.022788727773679573,-0.011145011894266865,0.02798822525333322,-0.0028850614303205235,0.014812197215434031,0.018865849700591575,-0.036098584494191566
2026-04-02,-0.013657577915861752,0.011653777095683715,0.0025563915574924323,0.019675573244817945,0.01764796861977236,0.004377320398446294,0.0005895468346335253,0.003942426642911556,0.0015524085669826881,0.004023205001093988,0.005476804289676895,0.009752913060332213,-0.020190954253667792,0.007797346471760891,0.011684797860909146,0.00029067628492418507,-0.013711774671068544,-0.006531422327929803,0.001155159223661606,-0.009733443909712758,-0.02551884120954684,-0.00877360806132843,0.02634383183235456,0.019510490046776408,0.006365852818826179
2026-04-06,-0.03391338056926663,0.026767855041769595,0.012830972695986542,0.004151212709408547,0.009466713706658192,0.0017322328890116978,0.014090695962516442,0.006829441553616089,0.031717836121147425,0.039569186493276565,0.007122871801457986,0.0045127353893865685,0.0005904880903300214,0.03634184828404208,0.029025777865713698,0.009441696516462761,0.017934113927660533,0.003287181132207717,0.013518019951568316,0.017934005751926163,0.007053854943250393,0.03154425126105509,0.005549857928085489,0.012210729184358504,0.00041072606579639626
2026-04-07,-7.660557771316245e-05,0.0012969825219191211,0.01145032597255935,0.025417269563083655,0.02663818437456622,0.020917009495465377,-0.0022754973201944972,0.012209567450056191,-0.0011803477912490923,0.003854463706571387,0.0066566108253760525,0.008669609140715906,0.013808515979776281,-0.003650387905632657,0.004995036143587095,0.012375320242597132,0.007511610898403687,-0.004964216993786574,0.004229023525795128,0.0008470273226042213,0.0008699047129647752,-0.0017342937533042502,0.016488385015441587,0.03766028643420394,-0.017819100725879666
2026-04-08,0.03311362925154748,0.05712439300525385,0.05114413288136577,0.005076835023299475,0.0076383117206269,0.017100971314262248,0.03013388098927572,0.013402593441115496,0.07590041500699285,0.0663147504130539,0.047389339986383616,0.06282233044017094,-0.0019790459075247346,0.06190611505509769,0.07010877769480572,0.016583021440832457,0.014368952077762565,0.06768437518769921,0.08438616180340608,-0.0018618000112509137,0.04400318417491644,0.06099116694418982,-0.014931441292648895,-0.006350153821705562,-0.003929358435873165
2026-04-09,-0.013206752133664734,-0.022546206951919445,-0.02131062531822081,-0.010845353978939598,0.011644243478057925,-0.001181752357213517,-0.019313199955323657,0.001818437551274421,-0.027384615801197443,-0.01087776855307343,-0.02170195361811522,-0.0009557681660310458,0.0014581041847454568,-0.011730704454008145,-0.012895469452132935,-0.005779385410408233,0.01202725044506514,-0.013488703631476473,-0.004480990399256535,0.01102255796716256,-0.005608041519597262,-0.013358608008053774,0.007027701355224014,-0.00270378166784746,0.017206572806259146
2026-04-10,0.015187987035020889,0.015795366089045526,0.03168649951098401,-0.029363102339199365,-0.024990327347917396,0.005700700935930669,0.02473707468015629,0.004125442674980384,0.016349238477956884,0.02449756449375462,0.007125526985678032,0.008830658844323214,-0.0362238317901562,0.01468535928390824,0.02358150753255006,0.010360123876148375,0.003961465426933097,0.02936724291548476,0.028057089424037507,0.015598756986908935,0.040139226921458215,0.01231657575935352,-0.01464153897553866,0.009907905267033668,0.01675049227992753
2026-04-13,-0.02599616182950437,-0.019252139613693764,0.022089358320372066,-0.012146981076221142,-0.020480827820098302,0.0004813386422919397,-0.0029530440597482777,-0.018405996500248656,-0.001414131906040672,0.0020728526304880646,-0.007075113076524642,-0.04617405429806365,-0.0016316232277119314,-0.01458384646041544,-0.027689091646856845,-0.013037665383790586,0.01604632725909494,-0.012148064148002735,0.00846464482801168,-0.007927295485640307,-0.003515970831994175,-0.0075071235384686075,-0.003332816199686839,-0.009322580914881584,0.0030028200787373116
2026-04-15,0.02205158901526394,0.01912672339401622,-0.0022203635674509226,0.02232144514134693,0.033284643798282776,-0.008124512253100624,0.007474933506357528,0.011384618226851773,0.030852530429435587,0.0014036818648417437,0.02823339538902747,0.01628944066412985,0.0268733329866524,0.01867423472053642,0.01579618062396393,0.014291131915848743,0.01644012213031809,0.011272621855249465,0.035889981682732275,0.040286286168571994,0.030054481776178754,0.024604399344055894,0.03371881881786676,0.03340397091161251,-0.014645117318482392
2026-04-16,-0.0005951538075245066,-0.01784172280484997,-0.001928627716684117,0.01064880248265676,0.008610934412301985,-0.008137040603340417,-0.004059700938611632,0.004469395852635616,0.010671349575464673,-0.004352677555510498,-0.00849891760953636,0.003461462238627533,-0.0020629456312796224,-0.013444874195877143,-0.007939531567772051,-0.008574341056066026,-0.004584893243086974,-0.01050204227210838,-0.004470568470980152,-0.0006400830547750314,0.007098322308041638,0.003478983494868304,0.00485245339297391,0.002431396111399753,0.0029561144359762093
2026-04-17,0.016154221932395352,0.005594352903883548,0.0009662229994376048,-0.0003789946762072782,0.0017851704847950955,0.00342278660683637,0.012275677610649849,0.011206381883472227,-0.005752634731839623,0.007039120415902378,0.011736756278434068,0.008848927807835638,-0.0103951098844699,0.01445734871304305,0.002594094126156632,0.04754326698088707,0.0071648801760597625,-0.006858465229202082,0.010665258392537957,0.018734936434774196,0.009711898508642403,0.005073567187668493,0.01368209958623745,-0.028250656451753287,0.011707837422918033
2026-04-20,-0.0012453936740434157,-0.005563230230687499,0.006979411831912863,-0.004625790714864464,-0.000735965737691413,-0.00043314846665643003,0.025549652404580847,-0.005867000020333912,-0.0110104892238726,-0.00323743454817349,-0.011470224952046637,-0.00022303858024874668,-0.004118243208200423,-0.002850284151671101,0.010459671942626647,-0.0041502772593003945,0.011178833275207412,0.006687123355933133,-0.012218825089637564,0.005029905606138474,0.02142861283340136,0.0026081092251897253,-0.004631505607244124,-0.009005511320054227,-0.0025086829657990917
2026-04-21,-0.00733514411354752,0.020491541469136454,0.02374288720000073,0.000457099401685257,0.011978571828847429,0.004820998752819383,0.0036106181428066098,0.015245881335384182,0.006023163391581043,0.016977946912071662,0.007779454896405635,0.0008178438988859504,-0.002037636869344772,-0.007378645835312114,0.022990991564884267,0.03549173923182436,-0.004522608703200537,0.007977384914393149,0.0005622124543682716,-0.0010948151545203677,0.010648481141604327,0.01023747404340547,-0.0023929623065146455,0.012495074272726336,-0.009735566525557293
2026-04-22,0.006502548387833373,-0.014598051977781523,-0.01498135244099319,-0.033962799554866474,-0.02758100689484666,-0.014016188132567553,-0.007689835872451201,-0.013402257551621055,-0.013323759615809228,0.0013791273731822429,-0.013868813360906174,-0.009211764104155917,0.0027625267719464386,-0.005602979740650604,-0.004367045590048635,0.025143964464466206,0.023220529906097243,-0.030055809923075882,0.016718216359308036,0.0012526023877883485,0.0075875895490857825,0.012791797198588029,-0.025453165637804975,-0.004926593426712089,-0.002949333559309708
2026-04-23,-0.013728767947403075,-0.01944000812886426,-0.014331596895618803,-0.022071616407382866,-0.006578677830816226,0.006670295794165559,-0.008202785157899073,-0.0006546857128901795,0.008206676308356586,-0.00724848919336929,-0.017115615949232832,-0.013271363914678869,0.006168326804339763,0.0004264732793266557,-0.017544801307372015,-0.001013231985147578,-0.007770020481382867,-0.03238402590659406,-0.027359375595260804,-0.0018765050634953484,-0.016192603991950327,-0.0021324174693471143,-0.02810062940689939,-0.0060784301858471945,0.09367297618069448
2026-04-24,-0.011612322406057696,0.0006374932238164543,-0.01617214121220789,-0.06932132872095875,-0.04952810595747359,-0.014501419710257646,0.006260037899565418,-0.012119106817976899,-0.009817226787279032,-0.0027015149337930033,0.0012148874219453099,-0.008510590775025362,-0.035533599147165695,-0.010434247892341486,0.003484478296871929,-0.016522886083590316,-0.0009943969600149094,-0.0030514875485757598,-0.004119929168308167,-0.008616641586751683,-0.014396675711326967,-0.013890005934583893,-0.04431930857286548,-0.01676856801927651,-0.010443254312638262
2026-04-27,0.02861873765675349,0.006306917078756191,-0.009123856385237494,0.013597868773237654,0.021152340197958308,0.0030862479773852147,0.009762993059082348,0.00746014153397323,0.009790017223542336,-0.030529397191442875,0.016044175496817248,0.013335349213428715,0.06979763313412812,0.00721084017679785,0.00027128376394980336,0.00042970821381693725,0.020778842746008497,0.02106374254523602,0.01098431658472121,0.014222509224591562,4.013311510164819e-05,0.0010001501637182386,0.027677547358700094,0.02854132154983602,0.01321079046307072
2026-04-28,0.016913139279922884,-0.009179512571661053,-0.016817531622625004,-0.01555162902773255,-0.001184876037325644,0.013021307656084558,-0.018482721312886308,0.0019747225200184015,-0.003922473241102509,-0.02658197999425438,0.0030520776828777407,-0.024958402662229595,0.00796076621721764,-0.005583290890293635,0.0020069953708399257,-0.016664564066337983,-0.008166698438875297,-0.004609327598313229,-0.010018397309994764,-0.005920811887866639,-0.009093699829426205,-0.01606988380743357,0.008595367002632415,-0.016922697588273472,0.015061861314742186
2026-04-29,0.026279801764230504,-0.004536462160496746,-0.008513964114992723,0.013366931887263345,0.012271440290016145,0.024026458970762832,-0.0040318209354972545,0.038758331367479526,0.01446370519301432,0.005740876215756696,0.010715729212239955,0.02831215937636178,0.017970553777104215,0.0051619099798922985,0.006874847745678592,0.010875688839586894,-0.013641478708390387,0.0207895309938817,0.005416280278206731,0.004231918881253405,-0.0062129689351553274,0.0013539591161015885,0.036716148793976444,-0.004464775837889179,-0.018307957029656596
2026-04-30,0.0037884784278527928,-0.009370971627915337,-0.013739184115041936,0.012248465296620381,-0.00032323788850752155,-0.0006885072577385021,-0.016974963167004198,-0.004268813946959771,-0.02004346827010084,-0.02167542646598053,0.0034030626123027208,0.00429956783342611,0.016641411538494966,-0.012297842253071067,0.0075269284402974534,-0.02743691104606416,-0.005357565907254114,-0.017384200224188517,-0.0316133249207482,-0.006243174279714547,-0.0011442032135496882,-0.02087386097331012,0.009384870906548493,-0.00014950100578658976,-0.00518878717954141
2026-05-01,0.0,0.0,0.0,0.0,0.0,0.0,0.0,0.0,0.0,0.0,0.0,0.0,0.0,0.0,0.0,0.0,0.0,0.0,0.0,0.0,0.0,0.0,0.0,0.0,0.0
2026-05-04,0.022574711776720546,0.009978036340457797,0.0058572095444628935,-0.011338667231728716,-0.017219717952895564,-0.03164094237121051,-4.675632638106997e-05,-0.012067216831803784,0.02162426717242627,0.005361442748427647,-0.030393927355699235,0.01997899684952742,0.008405622735682572,-0.005062493876736185,0.01408748215855593,0.02594519994407718,0.0022547893407260933,0.002905577376877133,0.0043916872991074385,0.002198819469611646,0.001472717255513567,0.014845516065849163,-0.0012894842394529649,0.0004984111989307927,-0.02698621883898311
2026-05-05,0.0003417276634201105,-0.009109672141757286,-0.015344708889922787,0.008301918773358175,-0.0016452438055449825,-0.011493567024294382,-0.007955809716116535,0.0011250765712100819,-0.011290456969838769,-0.012077429140827767,-0.0008071734714741874,-0.011340206110686535,-0.0014806299241347798,0.002429543464103734,0.008840260115694498,0.00783786237204498,-0.003499567884137411,0.03357475931721354,-0.00845354220416028,0.001253780223771983,-0.007393497424045159,0.01743494640551324,-0.01318298096731596,-0.004831872708921603,-0.01243007925337447
2026-05-06,-0.017559404857963812,0.031399749089936924,0.0225365505835049,-0.009252240255914868,0.003336911744250326,0.015281473451375982,0.03405981451913398,-0.0024081689923657335,-0.011345389975017328,0.027387453437954346,0.014137646455936181,0.02204676140943218,0.016146732231839156,-0.0032009989428571917,0.023106589947075484,-0.0044255397428071275,-0.00953211931975273,0.028030401170609176,0.05291778719228368,-0.010956335610768475,0.036625573539766476,0.01086682633810776,0.009984909140052123,-0.003303684427762077,0.031309099321746414
2026-05-07,-0.0011823388612344221,-0.0006277293256695682,-0.00039080099483967956,-0.0038553611830102197,-0.013960673993727801,-0.003871932854860205,-0.0036496561411178963,-0.010621219292606843,0.0036172818952817654,-0.0011590614839687152,0.007434921907425451,0.003498012775369652,-0.008539599776916651,-0.011950656571445228,-0.008157010636028916,-0.019377714994459505,0.013929344074438799,0.02117668795210248,0.003071402790561395,-0.006804935186449423,0.004605009816623706,0.0043827519301593565,-0.012613405284695234,-0.008838819811388565,-0.0025935074794551927
2026-05-08,-0.0006962564559982454,-0.019094287675940236,-0.011102336627374032,0.01419110741372065,-0.002914948045045218,0.004325012952098639,-0.0665751479440777,0.00016276177774199319,-0.012055654037645858,-0.01887515135890605,0.0036899453240266666,-0.0031953522981923443,0.007359359983944547,0.04677883585271214,-0.01788744219361882,0.006821612166346247,0.004496061554251085,-0.011956021654544013,-0.010577593803404506,0.00047807031942492806,0.02738468431174157,-0.01613706057399167,0.010219611248136307,0.002786801984808518,-0.010477195614276735
2026-05-11,-0.0327480499097329,-0.022027220345781418,0.0012649613776545277,-0.0018656012010918044,-0.0006264875051644747,-0.04071949617291204,-0.04483466079283782,-0.005204164473580852,-0.008630026816635716,0.0031538521776395267,0.0006565221761276607,-0.017703641679292725,0.013420603351594229,-0.06728764926560937,-0.02020200396957661,0.008523871162207097,-0.022877047795850758,-0.025372323466734348,-0.026586014947588943,-0.009714946274771874,-0.01300040766871835,-0.007029256031280129,-0.0038277316172274922,-0.006215019557816559,-0.010819975974175278
2026-05-12,-0.017432646312707356,-0.017285402840883424,-0.02060953073787042,-0.031180925722075647,-0.038697715313190106,-0.0017047707381522281,0.0010271218500037538,-0.016838249832236585,-0.02124257677619923,-0.009588992428934295,-0.013252758223485928,-0.023066050883329137,-0.014417696764347676,-0.03573804420995519,-0.03402594737466391,-0.0195908450278911,-0.0006361777586162409,-0.021534787809747713,-0.026445041519142065,-0.014795800128398429,-0.023615642446949137,-0.029496054998904953,-0.044256845073027185,-0.036150059717956706,-0.007735005376783732
2026-05-13,-0.00381228544543466,-0.001132669214373161,-0.0037894532492172006,-0.015083864686515902,-0.011954948318025238,0.018442556917219965,-0.004617305789352932,0.012470887258366758,0.015376679882652233,-0.0034917842196210414,0.004388215033187537,-0.005238350449411677,-0.011323534024280879,0.0087293067490255,-0.00890287099167053,0.0023430361998548754,-0.00572955885224713,-0.020214075157707123,0.0,-0.0156708383231855,0.0447416499054083,0.004949683282053474,-0.012850917915001259,-0.009336929739337085,-0.003700713020098667
2026-05-14,0.0022078400297471656,0.026614222277917543,0.00841690813820084,-0.025019987652072695,-0.011791653995296691,0.05270517248585582,0.010102097664349996,0.009032665025406006,0.0062821814164504275,-0.0008759805529203746,0.014696231604515164,-0.0021369219952334095,0.021043298896884943,0.010878401734728982,0.017854126451390506,-0.00820364720150979,0.014982618257237235,0.01995620080211058,0.005640402035536063,0.0008291877336348286,0.001757284394921399,0.01028251294290583,-0.022981784264887617,0.00266240764716974,0.030269458726241094
2026-05-15,-0.01865176919350786,-0.0026639166161285255,-0.0012038254876876042,0.021917849407550483,0.008014133517786348,0.011627288871271846,0.0006753149678522252,0.007324251586557251,-0.007968713742493194,-0.007811183179202819,0.010046942746251508,0.011166313471975275,0.008050679229051783,0.008197894325825184,-0.0018637535119160331,0.010450506809055682,-0.0026494536504011457,-0.016005437929793476,0.052546145197158944,0.013587452958653934,-0.006330490522858945,-0.017533364538456775,0.020172686324423372,0.00902813299442351,0.025391180285710302
2026-05-18,-0.0003741258009706261,0.0014983680439768499,0.005303315207532133,0.021000848686875795,0.008480562885712306,0.017161751497807076,-0.024709289339017615,0.0022619483714945154,0.0022512061226549474,-0.005543133235402897,0.01227225725369463,-0.015505655532170648,0.014694974161010732,0.00014394166567188726,0.01169747672888577,-0.00792177065602917,-0.017583825477894166,-0.012615728370585444,-0.009535862939715978,-0.03040719355226751,0.003223782079514237,0.006442045232248894,0.04341480421081867,0.011421030349836547,-0.00411460420736931
2026-05-19,-0.009881095096107906,-0.008066086243387116,-0.008232735553478587,0.04761492564390868,0.019227567093740072,-0.012692875015051452,0.010006347812019145,0.0004836526417846265,0.0008168217071580219,0.0003231994435639596,-0.025140260018921112,-0.004609704394341385,-0.012330793480193059,-0.01623622162510363,0.0026598931042458585,-0.009449102665107123,0.002832814379915005,0.0027888957149009297,0.022794913048611587,0.00691295838515682,-0.00508806059435607,-0.01669399753742029,0.025944042145263246,0.015611183019252683,0.003004761052700866
2026-05-20,0.027973085446836077,-0.003869072903534665,-0.0028207309038392747,-0.0026736616713510797,0.0001287286537901,-0.004494345006141542,0.0022133607168131064,-0.00886237555753544,-0.0026268988761191103,0.00928688539064959,0.0032726468861312696,0.0036277044860506535,-0.0010625186327639646,0.0010726202034163634,-0.0004872666025887984,-0.010569186687764076,0.007832617498768624,0.009669126584206378,0.00013843420941883622,0.004353569834853799,-0.0008074167578131508,0.0036065991367268957,-0.01915346573026555,0.00999127724299842,-0.009960962477792434
2026-05-21,-0.007428072844503308,-0.0004608213615903134,0.0044451298224843505,-0.010471636857328326,-8.584369114617019e-05,-0.010289215683093711,0.0,0.0016257026763191185,0.004551579322946031,0.0028004573005038225,-0.006132560865100167,0.0005382821305353058,0.005850165922960837,-0.00567402994988786,-0.01673699929621919,-0.01371473695420522,-0.009300547720318408,-0.00743068617377185,0.00027683009608225895,-0.0011670971035830924,7.694994671303412e-05,0.005697205925240922,-0.013203561484574466,0.013291438387990961,-0.002572122202475602
2026-05-22,0.0036307001155833074,0.010077033756975995,0.01729968906201962,-0.00567221394352746,-0.004253957488008608,-0.007372861347996973,-0.0017877927893404921,-0.02061339182022126,0.009279038081544844,0.02561232822847792,0.00866474530599759,-0.0017678089101450523,-0.024692049087327916,-0.0008082338713160109,0.009805493636638962,0.011289693689472413,-0.00038582854836111125,-0.005711459411023467,0.00553481418302848,-0.017526298044711397,0.015776557581137496,0.008279669132835954,0.001549215302384166,0.016871975867750022,-0.008570321713624596
2026-05-25,0.009228523034322533,0.026147593265809732,0.021751199545107625,-0.005108460549326788,0.009578768467982224,0.0018168465206236384,0.021491743696329557,0.007457668752199664,0.027199053132823003,0.020071504318333933,0.022647462242160188,0.014090958562352762,-0.002168535186760856,0.019461753807454407,0.02765807562716205,-0.0032221373257245167,0.0036022182711716866,0.018725855881455145,0.027246428359713137,0.0035679147700919955,0.006818713129516318,0.01357073973761902,0.009351715982730324,0.018364355971014268,0.018512841717491568
2026-05-26,-0.00782727074955647,-0.01010353495589067,-0.00983137247465371,-0.0006847677595628321,-0.013863695533430809,-0.014881645436590762,-0.0011344632978903535,-0.007567072836789035,0.0010909274039050398,-0.009075500471812714,-0.010691149439607583,0.0028853387717258094,0.00010871891810904089,-0.01281503590676436,-0.012421725272944828,0.005872939219357054,-0.0008973024459675294,-0.010098771381904958,0.033087706102060466,-0.009480405749656473,-0.004063575494277938,-0.008783965920289183,0.01616165828677052,-0.015035739867486408,-0.002628782525197937
2026-05-27,-0.004276436694568342,-0.025998210590779114,-0.005003470863179094,-0.0066796722140674,0.0035147038427931765,0.002869675518123449,-0.0007227797697793026,-0.005789142601012265,0.0024022861594372724,0.0036941746185288338,0.00012868378979136175,0.011811051259436711,0.0019013436862385102,0.007793703686779008,0.0010213052730314587,-0.004978691375049582,0.02168330797690543,0.0046020589378583665,0.03980811704113574,0.025978520208857825,0.009406862405344496,0.00567847403688293,-0.0021251828153486807,-0.010553156095216232,-0.0067022794355316995
2026-05-28,0.0,0.0,0.0,0.0,0.0,0.0,0.0,0.0,0.0,0.0,0.0,0.0,0.0,0.0,0.0,0.0,0.0,0.0,0.0,0.0,0.0,0.0,0.0,0.0,0.0
2026-05-29,-0.021695675384946322,-0.01858566838678044,-0.01280738948641702,0.0008620911182357638,-0.011076119411967511,-0.012525628748964679,-0.003513084750765394,-0.017297544440469936,0.007164916615194583,-0.013419167895243445,-0.011577062313163244,-0.01773421826178312,-0.024453758185755126,-0.015225112094032434,-0.024593225254015527,-0.020423880384703663,-0.028255656748391367,-0.02434641809073379,-0.017583252495733115,-0.031984063230615756,-0.00011225839560080608,-0.017708961879798868,0.01944219731711061,0.013245340875456257,-0.01175134162609337
2026-06-01,-0.0009082506285353897,-0.0024847023765377507,-0.013291974905118242,0.03583427000602346,0.0170436861551837,-0.010060184720562249,-0.010680266038341046,-0.025270129502393268,-0.01611675485634123,-0.008316507156248654,-0.01769916503869262,-0.013788368556349129,-0.0015006272907779339,-0.012343863100484076,-0.02113956245133486,-0.03213371539520693,-0.021194025090791713,-0.024757118917118404,-0.022848458799639815,-0.015143658457159703,-0.014672934669892834,-0.02177328325802186,0.039962161366512206,0.010575326952221076,-0.010049871920419062
2026-06-02,-0.004090889791988239,0.007472758041013217,-0.0105670686339141,0.05679838726070363,0.06507358393714768,0.0019883145134671487,0.0026727270656921043,0.012873256506660935,-0.002468371986598439,-0.019437256453824103,0.0043720179510808865,0.005870525391070025,-0.0036738188933865823,0.013293289140845932,-0.00792984776546235,0.004509822714294565,-0.02983898261940887,0.009460687174374094,0.013769842285012546,-0.01397868909931399,0.010750669320843453,-0.005965045639896305,0.01827379495406789,0.016617320417548598,-0.012709220625147233
2026-06-03,-0.001064961136754583,0.007216830370820881,0.012555017646492583,-0.037928963126298454,-0.08386122221554515,0.005456963550974692,0.014425325292205082,-0.02206531332744921,-0.011922305565288505,0.003277085215249498,0.005144482718101084,0.0016894486719376545,-0.000782178822393842,0.002623719110276701,-0.005895672443022915,-0.0014805445444955323,-0.0016331238592334207,0.004269090612279314,0.020374134859073578,0.010278290917784094,0.0006389012268699368,-0.005732193183969336,-0.06306474325193279,-0.027354107455378474,-0.00839874108558225
2026-06-04,-0.007234252850892964,0.0007297335723297493,0.00780997491923463,-0.01742181461756276,-0.0003122011517167067,-0.002850724146546302,0.009067945470942362,0.011913313332017061,-0.0028078148468899666,-0.0015136246658531416,0.0013123550169054088,0.0015333201655989281,-0.004696678198333637,0.03477791522768592,-0.0027372011629585025,-0.005357398805573954,-0.0010905021776403956,0.0016605092282921952,0.003893040428018857,-0.0015786495420604396,-0.00030033140974472516,-0.009368549730261244,0.010188090974266872,0.00107789420833182,0.0033245693346135585
2026-06-05,-0.005162943225685335,-0.009480276968216628,0.008308744426129167,-0.003163214606722198,-0.018786335800248022,-0.01138051899140713,-0.0015828315475810983,0.0014271296164234393,0.0028157208697527913,0.015159971779261427,-0.010615935145203315,-0.0010716884362975687,0.0011796930804104377,0.006901556002328668,0.017154655619545656,0.02024631318344472,-0.012964008323030574,0.008089936828246547,-0.004753642851825446,0.0036893038628560415,0.009430297138000476,-0.007729388840117757,-0.002554955199234099,-0.029121055297125054,0.008441812003515903
2026-06-08,-0.021456197654434517,-0.011244112901075853,-0.009428746880817962,-0.00826732718636769,-0.02160170492476765,0.008397302486354175,0.0043469366338722,-0.004453152638547286,-0.019654950959119066,-0.003301215115246281,-0.0009273533271249024,-0.010574719732928783,0.0037032970028951784,-0.01591482868397165,-0.02057578105380964,-0.005373529716407477,0.002073883264101628,-0.02450256859061528,-0.022121588639241296,0.01627862745358999,-0.010235592503694102,-0.01072210051657596,0.013414251768718799,-0.08373240509374136,-0.0020341125430789475
2026-06-09,0.0046702304406802675,-0.0004062111669768109,0.019836810056854892,-0.006146752535401534,-0.00018587231222533251,-0.00788620040356025,0.021131421907478076,0.001968107958289389,0.006476608864985245,0.019162605516292563,0.012198435801145102,0.01610903240690531,-0.0054785504064337465,-0.0208711100807506,0.01813808538993289,0.010757785553269894,-0.01862589496582201,0.008125443647992059,-0.0030849041171394642,-0.015845515936132926,0.01838902740740389,0.010745722176446204,-0.013037173066833385,-0.0004951042754474111,-0.005565943467672585
2026-06-10,-0.00819406141179535,0.011512144817837466,0.014353007261128425,-0.00865576004272095,0.0013481386260374428,-0.013229547762682703,0.0005485068178647801,0.013035692487444184,0.004332641624529732,0.017099998846791697,0.016767032490014877,-0.003582283047047885,0.0041596857563561684,-0.015298758613446872,-0.0031571386917677025,0.017207359031339742,-0.01124699279485053,-0.012574823620460807,-0.017534715265591916,0.0052502643161027596,0.0025848943090496235,-0.004124346880231444,-0.0033023254282856795,-0.01508237787480693,0.0025225477887613756
2026-06-11,0.003336472043979466,-0.003012635723958046,0.018325185401073085,-0.02680526668413219,-0.008496096254216212,0.004168519686362782,-0.002541727179634967,-0.0044068395095970825,-0.014167198468410969,0.002130094499244617,0.013527480116134027,0.0019123041246389416,0.004366283875182786,-0.004181055323644989,-0.015326332372342155,-0.013689758599580881,0.0005687858002150215,0.016392790598007467,-0.013385913321682263,-0.0019151705419868659,-0.008913241558533014,-0.0033130320020403614,-0.009331244969104313,-0.008718430932562748,0.0033813376898017555
2026-06-12,0.02375296912114022,0.03740260424183384,0.018071406826400516,0.0016149729656855794,0.012080851356331301,0.022383084770302153,0.016438505052828845,0.009560949948252961,0.048498200110855816,0.029606030081036794,0.025295484701694848,0.020461194714357145,0.007524250552502387,0.039451489220421854,0.05485044104281411,0.013552673935375514,0.005826301927214006,0.013995787222337297,0.037510005194760776,-0.006453802458603608,0.020996745529152205,0.02650043682948744,-0.024503468469535106,0.015617083402107879,-0.0004701977063902296
2026-06-15,0.010827532869296164,0.006343421388081083,-0.009844923925420912,0.016571121099455022,0.00027757530025041,0.010260602037701405,0.0036375668122374805,0.009821072371188011,0.029758169166606452,0.008847577535648687,0.006074864328813323,0.03284451704097213,-0.0009404217436068674,0.023781125132554815,0.026135210440629164,-0.005855725698908909,-0.016388785793567395,0.030037237954012364,0.01641026757754349,0.003160178244603129,-0.0029482216555001273,0.03139333533761901,-0.00251887248383309,0.0068835336300803185,0.003214721761285233
2026-06-16,0.0166794558746175,0.009712599233722363,0.005046742733137322,0.007665830456182077,0.01711383174475789,0.006408853057386921,-0.005436634104617921,0.013025356302537316,0.003981029889633669,-0.0019002763811108991,0.005175660929904069,-0.008257858094165682,-0.002934654931028735,0.012723245200063182,0.018412418199361902,0.020314300479658876,0.021401836602836788,0.0011485535836217586,-0.0070635283626337975,-0.0019252256935426981,0.003212520622701387,-0.006541013413409846,0.014870974058815989,0.007112155977841539,-0.0020320457405671455
2026-06-17,0.002934905328449755,0.002802798830629616,0.001873661225739287,0.012329464748994212,0.01091405793354494,0.012250394550529897,0.011031234454535577,-0.003085869759365756,0.005087973787889943,-0.010836829710054174,-0.008213833095127354,-0.004455488165323485,0.010940220318736538,0.009797103792948958,-0.0013025022838906164,-0.001045396672824661,0.0,-0.0015934880524168804,-0.0829522106963152,0.004208399423339504,-0.0036752875311654165,-0.0015802561757625178,0.01078239121369906,0.009853854445171395,-0.006186861119211073
2026-06-18,-0.003451621335989863,0.015118840210480489,0.004114272138304509,-0.02608616433066724,-0.008861877462246093,-0.00047974412240958664,0.015781735189356993,0.0013757313722593256,-0.0042066198851853365,0.006810245391477343,-0.003831825905628139,-0.010711704776159126,0.002417079340389039,0.0016892339600778072,0.0004694841697270302,0.00951032765650961,0.018000371503028134,0.0011491456925070143,0.010250629480702322,0.008206785995270804,0.006208905340119086,0.0050119188707187234,-0.010052035101833723,-0.008836170925669795,-0.0011820752055781147
2026-06-19,-0.014004951380058195,-0.00788805624304234,0.0031288878389361674,-0.06749443510947895,-0.03553761041857817,0.019202008297227513,-0.007288746467664087,0.004636806222965584,0.004630048292064481,-0.0016174821727111821,-0.009182307104636744,-0.006600428782814527,0.007398009093014579,0.00729282078832405,0.003076569938023521,-0.010772968373665037,0.0106367801394045,-0.019671545224984377,-0.005944957646258908,0.012296420777898831,-0.008021779466897527,-0.00551185049600289,-0.026317551574646214,-0.011157312929691687,0.003629217380584304
2026-06-22,0.012982054219167649,0.008463755737895706,0.004381754698531193,0.013315578918501547,0.0013176169639199653,0.003035373816800746,0.005458433530407758,-0.004273504273504258,-0.0019242879850260852,0.0005154136016471966,0.007263586577628933,0.0019410764019749394,0.013381967190521982,-0.010724256984045222,0.006758203722241118,-0.004420036028260688,0.0034171459739118504,-0.0037076274586199665,0.0055632823365785455,-0.00855432352128438,-0.02155217196394743,0.0030790815407382155,0.018161150120582503,-0.0034292456248607994,0.014621491664279063
2026-06-23,-0.012815680361854542,-0.014941505131252697,-0.010425859035861351,-0.03388396354298129,-0.03205189512667539,-0.007826375490990523,-0.015902040670790263,-0.0042918454935622075,-0.005212649266142733,0.00360666604682236,-0.0012433352033532907,0.0022352627657433732,0.0027376018872891095,-0.015368728483219907,-0.006093152457238515,-0.0012944679892333832,-0.006674787267050952,-0.00851989718204127,-0.019225483283627276,0.007592840238201504,0.003847586258723057,-0.008331865070875133,-0.013656606711612729,-0.03157943694609455,0.00821259864103041
2026-06-24,0.0031309473737590743,0.02394628181545566,0.02637673960834097,0.026522807211457833,0.02398523787326501,-0.012778683607929442,0.010154291066078347,0.0012069175983298042,0.0005503883386368535,0.015401591802446823,0.010705872109201486,-0.015091808470977353,0.0034261404716282584,0.0042970195883969,0.029665398451022007,-0.0010647880765435325,-0.020707670937591183,0.0089552915276232,-0.013679243415372855,-0.003596633480490663,0.002367371465398893,0.010878257603358588,0.03249503267578335,-5.740187441438671e-05,0.020825309220970034
2026-06-25,0.00342570042907675,0.003908189029538711,0.01011940715833548,-0.014575075496781498,-0.006780534579050257,-0.014169359799748538,0.010438864375584833,-0.0012054627041779842,0.008297990150070156,-0.005272704234787318,0.007513228915742243,0.03751512445440852,-0.006188594710775042,-0.007516614490457374,-0.010646340941949606,0.007600288243879039,-0.014003637909945188,0.03840756673076129,0.010008578432441961,-0.02406326313581697,-0.008359905839971926,0.005161812854968861,-0.016762505170240694,0.0029803808766661888,0.0166365258215615
2026-06-26,0.0,0.0,0.0,0.0,0.0,0.0,0.0,0.0,0.0,0.0,0.0,0.0,0.0,0.0,0.0,0.0,0.0,0.0,0.0,0.0,0.0,0.0,0.0,0.0,0.0
2026-06-29,-0.01297320074551711,0.0032651471316733627,7.204088728474112e-05,-0.004321936430111473,0.0015276973068651944,-0.005187176143785166,-0.008896162818953002,0.0024138351966593863,-0.012142991228794475,-0.01481257353640375,-0.03300736511674163,-0.024227030618235612,0.006441912701494967,-0.0032855630435174588,0.0016829593475871096,-0.010532565016114104,0.011504124926211556,-0.02803090573923195,-0.02307481351185603,0.00827760965338098,0.004423087625830213,-0.013317082707325123,-0.002296215653936895,0.002742762624525996,0.018659803023183263
2026-06-30,-0.005457321741689114,-0.0011891503041673301,-0.008936329935560927,-0.03501488228756988,-0.03165066334040867,0.005920374014188434,-0.008879404872751073,-0.012899896259135013,-0.0052339124043266905,-0.00818109222470298,-0.008217411091928195,0.05241580901660914,-0.006560750938621074,0.029645436972866035,0.02940424421491694,-0.015386090691663634,0.0015444410776108697,-0.007824112876904321,0.02072170603394574,0.00017458687710769638,-0.007979205822987057,-0.007321817490082538,-0.02029579538553883,-0.029006108669195174,-0.013520389301773572
2026-07-01,0.010897268196839782,-0.0022557651048719096,0.0033450426385743803,-0.01509399865312655,-0.02407086139105219,0.010259214114324955,0.019962994948507395,0.011674422176084498,-0.012260415572912686,0.017091403832733887,0.020905073113006045,0.019837045923827956,0.0019865660532392138,-0.0012260435135323933,0.01010203972536683,0.030119936879815512,0.0035048142544451544,0.019942640890573626,-0.012492970646111323,0.0043660518426087425,0.030618034171907338,0.018039645884037725,-0.030255529816150983,-0.0015259152434557999,-0.01267404131595895
2026-07-02,-0.0034403669724770714,-0.0003140111691687375,0.014639802598416685,0.05642955172021824,0.04312527526027221,0.002137845729326182,0.004009882636984319,-0.001377863979689975,-0.00811225004160876,-0.004456722477449326,-0.002871826049742565,-0.0032650598917507434,0.0025720837977674105,0.0187559215406925,0.0034486155441968425,0.013107285818629633,0.0009779929605537863,0.01450472502107436,-0.0053190789271641,0.002260648194648107,0.010344610022995804,0.006983298780145253,0.04338576782056491,0.022747361603230765,0.0043285725117263585
2026-07-03,0.0003835826620637306,0.0064706159328209445,0.00814285089995792,0.006052384100345032,0.012281675910466694,0.01888003455447196,-0.011030787233970885,0.00017253643187298273,-0.008079963905148313,-0.015044804841248482,-0.006386146012099969,0.0012545490205972953,0.018065217708421732,-0.004463185660258717,0.01276512145360531,-0.004252305287754776,-0.005024419477719366,-0.0017502546368772798,-0.005347611036962463,-0.001214477387486368,-0.0024412283373564936,0.016210071931508585,0.017902205936390247,0.011953965856227322,0.021104287332406768
2026-07-06,0.013266908610525263,0.03595279724342504,0.010981961669627172,-0.0047746373502067785,-0.017148252342576664,0.00800874200914814,-0.0022115854116586675,-0.00586312169498171,0.0035761938097929047,-0.0018627326936713207,-0.038941469829094855,0.006264816836980103,0.004199935836366242,0.005222890319962259,-0.002230025958581572,0.0003634603152244953,-0.0005611264344898004,0.020497960033752705,0.008573035853320254,-0.008511465927721007,0.006245837245471675,-0.00528874617749997,-0.0025529931552843443,-0.00999537569255049,-0.004512014501383943
2026-07-07,-0.009763130203093273,-0.0006627556897623732,-0.008550014006021511,0.02840155348593809,0.018711109987005425,5.199218319984489e-05,0.00038549140684729366,0.0017346053772766545,-0.012150481973830729,0.0010450915987221254,0.0010491542306425572,0.00567237882508409,-0.0023063341552828076,0.02671494712592759,0.013021110418774295,0.003088123900147677,-0.005754342166194304,-0.001499452986798877,-0.01368678912858401,-0.003678962748649095,-0.008530255484058502,-0.0010290542468484043,0.029150373266974672,-0.007572307475470219,-0.009722932306417631
2026-07-08,-0.024839498160781792,-0.022910889038555315,-0.024104063786509533,-0.0023325246184989767,-0.018415158181329327,-0.0195762857367503,-0.020421878114301295,-0.02805196918966446,-0.025000577952594694,-0.023489920657782326,-0.030390381539629474,-0.04037699178004528,-0.007985748159726302,-0.0038661229381555806,-0.030791343487709955,-0.03304961897240544,-0.01552795463800738,-0.029376769244329637,-0.02994449420255152,-0.01635304920363201,-0.023980377221144322,-0.025409913545506813,-0.012918791828583798,-0.0016185082479869273,-0.004134051887765167
2026-07-09,0.0030566849591946443,0.008947303602641066,7.240093999949515e-05,-0.017301037272255515,-0.003888235901543191,0.02277415986500886,0.005113532350312866,0.00498839810059204,-0.0015673023568749667,-0.009087468352222072,0.019048884007778932,-0.015984485615122446,0.02674504888566398,-0.0034125427635967043,-0.006532102594634326,0.004073392158900235,-0.014338969346493147,-0.005511715602336875,-0.0016563403499103568,0.005899135912952103,0.0029634070196820073,0.015062068350495394,-0.001749719984997511,0.00023151370648699654,-0.05893254829452943
2026-07-10,0.02187841766816523,0.009051464160667821,0.014847537512027387,0.01636843392903975,0.009514461356034731,-0.005540822246653532,0.0135994763194216,-0.0010635979647301008,0.015388586934669268,0.02090079908700515,0.0011931440903054646,0.009178315146415095,-0.0016505654575070805,0.00627773363237405,0.0166367925982438,0.002844531432151909,0.0024730746299519435,0.014260712190525604,0.01945705039828427,0.006220013103023447,0.0014959981774826936,0.01622703915638568,0.019981770331856996,0.015628694730186465,-0.013634523322929026
2026-07-13,-0.008334626095043873,-0.008485362623697035,0.005923567304255917,0.03239698088570919,0.05437418749512801,-0.009685455847266433,0.0009652509652509078,-0.007453437811945407,-0.004384421058858057,-0.0032484149855908084,0.018670530264562224,-0.011476823398232416,-0.007284926678345349,0.0037300623899558794,0.002057790873040366,-0.009299729885531183,0.020896801985683222,0.009906052587520975,0.012723739126053069,0.010243690804417671,-0.009597412317294607,-0.011954544955605217,0.03416273680490289,0.01692684110611009,-0.0078759531009861
2026-07-14,-0.0030071897144303694,-0.010452946592541479,-0.0012771074193801413,-0.00879734390227993,0.008755444513198984,0.018245848425874733,-0.02082929178971804,-0.014661205767926067,-0.02031310903095962,-0.0013642934627990932,-0.015598584318141206,-0.015042018864554363,0.011033595764806892,-0.006041465758448328,-0.01564639192449835,-0.004881322635728602,-0.010234532004135044,-0.021231443990953114,-0.0260043649276388,0.0005244328685192201,-0.004185399211010021,-0.006481743270639884,-0.013426355049435013,-0.007229655964695381,0.009477481710712832
2026-07-15,0.0019334880123742515,0.007474657289945563,0.00603822964528522,-0.015188924160594919,0.0002740809142187661,-0.009398377699366245,0.014477004942320848,0.003992038295215217,-0.016836866903171877,-0.004022409574996888,-0.000660249911615507,0.006968647994247679,0.00458150135175317,0.0012461916583625943,0.014603628614707986,-0.00830103477075228,-0.010914776019691153,-0.003362152497400017,-0.0010499657930317374,-0.019045835322676452,0.010980689132904287,0.027487800165510556,0.009701476702853151,-0.01405667906143604,-0.013400699587711506
2026-07-16,0.0008490741689983761,-0.008768194625089043,0.0014122274191163964,0.0056675418649094755,0.0053901192633447614,0.0018244907550866163,0.0010678338142002808,0.009759668413517275,-0.0021934524965523394,-0.0035815538118623147,-0.003303349859642535,0.014724314507941871,-0.0007174093846079588,0.010132310637470665,0.01596003915381705,-0.001997619669656614,-0.0055176562941047225,0.01132055778322294,-0.0036036402613550678,0.00017803879454403315,0.0017602813377808335,-0.0034710311807326644,0.007740106782001099,0.017692565040191344,-0.004148007796614506
2026-07-17,0.023600166714571547,0.013979943045431487,0.018403721001933215,0.013026584689491472,0.030895047705588263,-0.0067644671107276455,0.012703741540486702,0.0048326689601552175,0.010302972067380178,0.015983500156228736,0.03572380400273922,0.0014510368802105322,-0.008973898886769582,0.00265906297031826,0.018022430302802928,0.02163560264831621,-0.0017521088856718992,0.019693341902033756,0.011452737945602198,0.009973312039461169,0.005346412341264539,-0.003738022961306542,0.04144870129250822,-0.009789579396705883,-0.010780850195183933
2026-07-20,-0.0030891920861791933,-0.051244511043297525,0.011008717191209216,-0.008572753683595558,-0.007888894818752767,0.016397688929711274,0.015033946603270731,0.007125044221675703,0.006370441428267037,-0.05457282649604822,-0.020259069539067864,-0.020937445421993273,0.012315041461650189,0.001142667164552691,0.007289549196194178,-0.0019125373462377526,0.015796386726328437,-0.004309244898807019,0.0025327952564262457,0.018162653895115177,0.0008924887853292152,0.015008107840094098,0.00222518910653835,0.0021590493869174665,0.009824987527904838
2026-07-21,-0.014662553678508772,-0.020768986478860052,0.001986013099357198,-0.012510326456963816,-0.013326817421950632,0.0042781606553208285,-0.014716958099941002,-0.006013484731604013,0.0020318976578386216,0.0017515534807921451,0.010208152175563034,0.006141785490549001,0.002811286000493407,0.009755845699588539,0.004887172154017794,0.0013086175127459132,0.0037436870862828098,0.011435776708853318,-0.00787642834868385,-0.006927608866217905,0.0003715538516328998,0.016046402560834228,-6.342018801641647e-05,-0.007994074574438126,-0.013980848603766471
2026-07-22,-0.011582400975289064,-0.010900239884311769,-0.01530998154560248,-0.019934815476537082,-0.005762932000062393,0.0003079380061286052,-0.01857528146358145,-0.0007117872136342962,-0.0075911700127839765,-0.015736709208557076,-0.012436891200231615,-0.0038244059472091196,-0.009633530852168226,0.004884061976631493,-0.008323889590525546,0.005647653515169271,0.005594630499944797,-0.008245589139009524,-0.018274343346354027,0.009068544939131673,0.00014862074687593818,-0.016619824612142065,-0.009960079144741174,-0.0030291021193394885,-0.019237107107690665
2026-07-23,-0.01272700971968066,-0.007833797016275179,-0.004234015551011994,-0.004467209657768034,0.015668094348857187,-0.009235486546700034,-0.012097584794207195,0.0017806268580347062,-0.006548960192682696,-0.012435419985839302,0.005772037891278892,-0.010483560242167123,0.005661348430262558,-0.00303512451658694,-0.01933414982170112,0.003341664738485406,-0.005420841752151517,0.017132208455017395,-0.010375417416568333,0.0017283105922929476,-0.008912655809867664,0.001261267133999322,-0.003075693216008424,0.002178446079544649,-0.013949948697032588
2026-07-24,0.004559070154642297,-0.005955185288767151,-0.0011850014681662469,-0.006205842895255054,0.00508277095757248,-0.004614603475681656,0.0023701604502543994,0.007643172795460229,-0.0017930083489606785,0.003515984323896104,0.003651999150109164,0.0029098030240197748,-0.006601854869018653,-0.004321590175539236,-0.025966589504959003,-0.007771324104295374,-0.004015981809506686,-0.02114749043586628,-0.0015417823583736556,-0.005520882528687765,-0.011578292085966946,-0.005206581223102247,0.002378166252573255,0.013156321964498563,-0.012518303219587357
2026-07-27,0.0015649452269170805,-0.0043753366362545565,0.008932934393476977,0.03679500995244189,0.01832056422550954,0.0037404371714722107,0.00551721732604693,0.00846707988402362,0.0053888159915200795,0.00016291955016689563,-0.00025992489542725483,0.021425409811044238,0.016794588633229468,0.013491575295328184,0.03505140349825231,0.013799579326922995,0.01036856410362108,0.024419623488716624,0.01189007488776439,0.00225533642385356,0.027408185111151173,0.00295457692339407,0.009939083039435692,0.019472383263986925,-0.0007813687435119787
2026-07-28,-0.009609413146972612,-0.0056114710937809065,-0.010306394707499389,0.0245552272043974,0.04460702996497412,-0.00183698100577534,-0.007250601171784221,-0.004198048561862455,0.006831318970047295,-0.0032586558044807035,0.0016898320727889438,0.0052439258134715505,0.0015199878777008013,0.023121895191715813,9.536924666675439e-05,-0.06985199101576911,-0.020096873357557943,0.010066032400609437,-0.009919121198051273,-0.012290141902328466,0.009593388114687906,0.006312537318264866,0.038222191220238066,0.014507345295467378,-0.013208266073385988
2026-07-29,0.006468465376690435,0.017405476431915146,0.004962262730547895,0.045129806111663395,0.020266929798269384,0.02544952208491824,0.0004934859790524104,0.005620959556730254,0.02593943171809765,0.009726215295514873,0.012717426860380687,0.010578216469452117,0.006677833544925127,0.00010309915662065627,0.005723006352802429,0.04701641368071052,-0.0007273218707526397,-0.015101462179361147,0.016646097404698246,-0.008587433818921797,0.008113424299407423,0.003512905937001154,0.00550391405867523,0.013747822218927341,0.005900029399640072
2026-07-30,0.01332392795258941,0.007685110807521545,-0.002781829535335012,-0.00043267567546156904,-0.006049230866255084,0.003384318439903611,0.011443263767786815,-0.004192182382641962,0.0016024950360224999,-0.005261453676174921,-0.002050277512863019,0.017206742279892717,0.0056283989318373084,-4.127568026845996e-05,-0.0008535891438001819,-0.004674731445895142,0.003930127357355762,0.019212831772805083,0.013341493562530449,0.01007605931082689,-0.004422836283277443,0.007569314509270342,0.015083353341817762,0.014814014550740051,0.0021885668328254226
2026-07-31,0.011524498517056836,-0.007692801510793101,0.0010460746745364347,-0.0216431482368602,-0.027222612814641778,0.007767758990489426,0.0020481571110209096,-0.014207991462572012,0.0003047340291932876,0.0004882216405062145,0.0023112324360321512,0.0032422018496596205,-0.005297074466673601,0.005195916559278313,0.08324627543604657,-0.003131008976416161,0.006959571013556154,0.03496057816949927,0.01660678512941116,-0.005075341357324903,0.00040058905972251146,0.004726935089051976,-0.010605123530182725,-0.014383126218182718,0.002882535479615367
2026-08-03,0.008563962955889792,0.006482624377023738,0.02571306376154081,0.04415540703661214,0.04569658820302136,-0.0007606490872210658,0.017130596814979526,0.021352313167259718,0.02185891994996325,0.03456689711264738,0.018447380046679562,-0.005901381832938202,-0.013564431047475511,0.025598908698661216,0.010340036218900783,0.017465354932220345,0.010511159017734917,0.008856877344784353,0.028108867676140514,0.009674586408033425,0.022822389275834576,0.01268587750987149,-0.0013928715315895124,0.027280206545766905,0.027785058002272045
2026-08-04,-0.021303999686078434,-0.014608233731739695,-0.0036986468589469412,-0.010593220338983023,-0.005538242892144218,-0.000203006553698315,-0.0022010036632774677,0.006968641114982521,-0.008695652173912993,-0.00801882953763755,0.0012578616352201255,0.0012721038411485086,0.0002546473134708016,-0.013000000000000012,-0.003469210754553309,-0.01941066417212345,-0.02066114721677259,0.0012832941195906056,-0.002147151520785373,-0.012543602098455842,-0.01245551601423489,-0.0003318400530943899,-0.0003032140691328067,-0.012509278938520052,-0.006271207130561396
2026-08-05,-0.00844374018740146,-0.009433962264150941,-0.003093634040649107,0.005567451820128522,-0.019105691056910623,0.004009961175555521,0.011796345453264134,-0.007093383366673867,0.01679197994987458,-0.006260916237401881,0.005025125628140614,0.0015527950310558758,-0.012219959266802416,-0.0045795537297366185,0.008529198283833805,-0.005342213771464377,0.018187081589676524,0.006524876884284936,0.003586286167774899,-0.005822118989070035,-0.00540540540540535,0.011618257261410747,0.0009099181073703999,0.0037037167477371735,0.0028995603657278046
2026-08-06,0.03515625,-0.0009523975605867374,0.005103113260223502,-0.0076660988074956915,-0.016576875259013635,-0.015166835187057637,0.028436018957346043,-0.003659237727403508,0.0011831522869423239,0.0016747551998164134,-0.015000000000000013,-0.007751937984496138,0.005670103092783485,0.017425311326019877,-0.012081463073942755,-0.002781397732851132,-0.01400397831577227,-0.014296435648517236,-0.012721503272569823,-0.039041720631926236,-0.0018115942028985588,-0.009433962264150941,-0.010787908380681777,-0.004652710574995944,-0.004251700680272141
2026-08-07,0.00739626326650944,-0.0044940594414106805,-0.025042881646655246,0.008669506940718774,0.03358615725742742,0.006108842101674838,0.011244194628456272,0.0006995880073494831,-0.0014279503565909346,-0.014331210191082855,-0.008248730964466988,0.006958393113343009,-0.003075345976422339,-0.01140456182472993,-0.058350843797137286,0.007934599663380615,-0.007246419573996854,0.028185554903112253,0.0047777439331788685,0.003139474234320039,-0.007259528130671544,0.00248447204968949,0.0017155060114508736,0.00757577745057203,0.000853970964987294
2026-08-10,-0.005618819093230143,0.0,0.007600315853712125,0.006722853015228125,-0.011008276812293993,-0.008622901272280492,-0.023878921197446168,-0.012058763136771788,0.00591715976331364,0.007512155757774641,0.00703774792066536,0.004274417610600656,-0.00030847073827122706,0.03015583889900819,0.022448934296730005,-0.004198496578303956,-0.005985355980343887,0.004283266704740107,0.0002882020274226349,-0.0055228299321939955,0.005484460694698434,-0.0055349029326724475,0.003058103975535076,-0.010824928238206688,-0.011262756972589605
2026-08-11,-0.002561609499724171,-0.002735978112175075,-0.0015365785494896311,0.006508834464814095,0.008245042834064353,-0.014307796617666013,-0.00466853408029877,-0.012913475943046038,-0.010441200405943651,-0.01403030491054802,-0.001524793147434922,-0.007590267432787123,-0.0012343264677677768,0.007465618860510892,-0.008074671328271665,-0.010684193824173183,-0.00587452180885073,-0.016178533506895132,0.001440507033154237,-0.007959972657033076,-0.005272727272727318,-0.02143213158331947,0.0018292682926828174,-0.004851719118514342,0.039868786007211776
2026-08-12,0.003852236189960445,0.0,0.0014689253090374166,-0.012261674800245315,-0.03925256651127662,0.015559758556745518,0.015009380863039379,-0.01021507563984092,-0.00430968018145772,0.00016258835903082414,-0.006108409095869516,-0.008220157255182325,0.001029866117404632,-0.005655226209048347,0.0008231064699160129,-0.00092009416126837,0.002954663442889194,-0.01632900737128129,-0.013233619167848154,0.0055980613891897235,0.001645037470297872,0.009422750424448179,-0.010955569080949523,-0.0035753176613615434,-0.004149377593360981
2026-08-13,-0.009029345372460473,-0.005486968449931462,-0.017391844096501408,-0.0009352738787273829,0.010767353004159874,-0.003033431575353518,0.0009242144177448175,0.008509890115719232,0.012611928152207685,-0.006666626969004108,0.0048655413482314724,0.00216216216216214,-0.006172839506172867,-0.006922887759854834,-0.0031072038891143405,0.014057198254968428,0.014140476576907757,0.007227598075509656,0.019242000301794793,-0.005965719726666263,0.005656934306569328,-0.015557985030695498,0.008615384615384691,-0.004566686564866362,0.004999999999999893
2026-08-14,-0.005315110098709219,0.0027586206896552667,0.007250462622866438,-0.004936211768617027,-0.005894736842105286,0.027332267890924467,-0.014127468908702645,-0.0010771554505161207,-0.0033655025760204182,-0.003601263904255636,-0.0031855250240644395,-0.005106076950737171,-0.0010351966873706209,-0.0014811303415914745,-0.0034837263091502813,-0.0071701720841300665,-0.012345706668855483,2.9198313306055823e-05,-0.04319223638412795,-0.002063084388427616,-0.021484286398793295,-0.007432086109687375,-0.0037827645954088274,0.0049153133068471355,-0.00497512437810943
2026-08-17,0.004580152671755711,0.0027510316368637433,-0.0011996832546753433,-0.025059808400133443,-0.020245679300349373,-0.011445171947811694,-0.006087852671404326,-0.018511948914761156,0.007320668270119457,0.008132104662004869,0.003962721039840078,-0.005349139800491565,-0.024870466321243567,0.0024326182137532903,0.0021159602834637248,-0.010592200288878195,-0.00882358144647255,-0.011055084428018502,-0.012854970980474612,0.00037589215600131176,-0.0032637498307911406,0.005336087442981308,-0.013963772750061332,-0.011413076649541276,-0.00666666666666671
2026-08-18,0.004559270516717229,-0.008230452674897082,-0.002331695551665902,-0.02184404235525983,-0.014352391437262413,-0.017823641286728753,-0.007727055738006583,-0.011170071156645922,-0.005481171265663054,0.012792268025138442,-0.012859735557850138,-0.005014534883720945,-0.0036663254059843275,-0.003926191643237598,0.004590103530591971,-0.009732360097323589,0.0002967559775230999,0.009172988010868854,-0.022410733314639497,0.0069509905915503545,-0.021990734011627877,-0.015580857803270232,-0.011180124223602483,-0.02111048085068057,-0.011073784540163611
2026-08-19,-0.008320726172465931,-0.004149377593360981,-0.007082152974504208,0.004304976527466309,0.003947368421052699,-0.006307492234442158,-0.004178560697115419,-0.010925971137152768,-0.005659031007474891,-0.006436041834271933,0.006707096980401062,-7.304068366076333e-05,0.013279304964142868,0.003842630029808891,-0.01288503794854956,-0.00702705102119161,-0.0016315821597701063,-0.0018997515709484603,-0.004646840324424195,-0.016791044776119368,0.0009131587937720731,-0.004261240107835462,-0.0013818788768058532,0.008367996819014678,-0.007465259979309802
2026-08-20,0.0016780710693173884,0.007013871934678839,0.007061358355251457,0.00910872542160468,0.003931847968545288,0.010249714449466651,-0.0005721682242098014,0.017225262362048133,0.009823559422019956,0.012955465587044523,0.01819348136711252,0.008692476260043769,0.002105263157894832,0.0,0.013701212272847263,0.003612633743021343,0.002822767988122754,0.0028697068310761242,-0.0032679359877390013,0.004933540011266668,-0.002128667155356201,0.01091703056768556,0.001446676743724895,0.008075727783887654,0.008547008547008517
2026-08-21,0.0021322334238791374,0.002620542646785129,0.005736932818100282,-0.007964601769911539,0.0017406440382941035,0.002214579459369981,0.0006678923395753156,-0.008282716917186406,0.002940455770644501,-0.004156635628996819,0.013715821330661404,-0.01766963574480407,-0.0008403233119419484,0.003571447840617692,0.0,-0.0064102564102563875,0.0074074514144488735,-0.0036790754136322157,-0.00733803623267959,0.028700930717027173,0.0056376844062937526,-0.0004319654427645814,-0.005087604867876738,-0.0011602580876640678,-0.004491566803495717
2026-08-24,-0.004711209097169489,0.00281998453613741,-0.0035211267605633756,0.00802854594112401,-0.007775804667137232,-0.00565262076053441,-0.008772720129904155,0.0011136537392133494,-0.0007329587099926815,-0.00786647009473429,-0.003351478716109746,0.004054552156284474,0.003994940858076612,-0.0013959807160542903,-0.016438356164383605,0.007444168734491274,-0.001470596907745425,0.0005568684460364182,-0.011009751705562065,-0.0036710720352659543,0.0003030487985322683,-0.005704407951598989,0.0,0.0028762890191491586,0.013024644133901475
2026-08-25,0.0054969849621830935,-0.002057613168724326,0.005441661605565473,0.012389380530973382,0.0052974269945702535,0.006201550387596955,0.008177008177008283,0.006303231785351748,0.007090464547677255,-0.0008090614886731018,0.00037363031989889883,0.004258443465491979,0.006282722513089034,0.009017484679562981,0.009656475779073803,-0.0028571669104063835,0.0010309066654212717,0.008464866734162024,-0.00047707983268518994,-0.001473816895651625,-0.00037867312235306816,0.0031293463143253764,0.010037894200797037,-0.006728813838899672,0.002941176470588225
2026-08-26,-0.014426727410782103,-0.0004123543545961894,0.005131123271714388,-0.020979020979020935,-0.011410134887644974,-0.023061132210612456,0.003816793893129722,-0.004237265741881324,-0.019640665779011912,0.0161943319838056,0.03759961622018393,-0.01155139640298286,-0.011706555671175845,-0.00483917531077338,-0.002207121905625997,-0.0015808473713392335,-0.015447947172019916,-0.013011922401430454,-0.0036594873396479377,-0.021402168977744496,-0.005038278877989022,0.015337954939341314,-0.018063643960907316,-0.01521456099779217,-0.009635525764558062
2026-08-27,-0.012172610807492323,-0.022277244135165297,0.009090909090909038,-0.008214242117745574,-0.009515461522577096,-0.012512447854104547,-0.008650166906784662,-0.0046253469010175685,-0.0027488416304223273,0.0007968127490038945,0.017998559587931506,-0.00591715976331364,0.007265095460976534,0.007705844056372646,-0.0018433179723502668,-0.005937654626422595,-0.011057989403336355,-0.02006943445112941,0.00926219686985763,-0.001131290711678612,0.0017133066818959541,0.0,0.008911521323997418,-0.005356708059410797,-0.004230118443316444
2026-08-28,0.0037436039704557,0.013080151607550938,-0.013998580160689555,0.02988832347180792,0.04162964851523099,0.002182811840150567,0.004410754126237482,-0.01115241635687736,0.0046684998331574246,0.007165605095541316,-0.0011786892635825552,-0.004761904761904745,0.003501777557565422,0.005817989173880989,-0.002862396662915545,0.0006968762638439596,-0.0025688322785391016,0.001201201201201263,0.010759474355963139,0.004341237912348861,-0.00847588324900228,-0.010924298028505586,0.035268154204455726,0.02579366898633717,0.000849617672047609
2026-08-31,-0.007770007770007803,-0.015687891134903986,0.021928556438814084,-0.008916041234156458,0.024466288995783625,-0.03745218820954099,0.01193317422434359,-0.03947368421052633,-0.00022248911797695392,0.027667984189723382,-0.010148733034366364,0.012784090909090828,0.033750025431315,-0.012922752155996031,-0.02120568931970135,-0.0213887780928238,-0.008029069030067504,-0.015596880623875209,-0.03303064494230368,-0.009396730369126804,0.017211694455012028,-0.011994132366899612,-0.007861554160600859,0.01961869638921976,-0.020033935132374836
2026-09-01,0.025058731401722767,0.004090302417577574,-0.011004126547455306,0.019580128960851928,-0.01262870345996292,0.036039475621139516,-0.024056603773584873,0.04344425089438597,-0.016020125652541517,-0.03230769230769226,0.013352422949481024,-0.04406879751974602,-0.028113687754628303,-0.01026965807201441,-0.0029328056631385824,0.01392702250383615,0.0003054574371159635,-0.007007921998781197,0.003723470531837858,0.0037943465995740056,-0.029431751123777383,-0.004366812227074246,0.006142506142506221,-0.015176168302210358,0.014379742926948769
2026-09-02,0.003132143304765078,-0.015592128445605535,-0.007997218358831715,-0.01384083044982698,-0.008864499788940439,-0.007670947537986361,-0.013146423959340403,-0.0011253499762876595,0.00022610043005699687,-0.0032591220873906535,-0.003529411764705892,-0.007799227799227815,0.001399663645347271,0.004752475247524757,0.0018977132115656214,-0.009925831333198909,0.0185185185185186,-0.021172138692850617,0.00887096774193541,0.008505008897451871,-0.01863715783343045,-0.000614035087719289,-0.009157509157509125,-0.025371495254701282,-0.012382578992314208
2026-09-03,-0.008072481747787408,0.008347655141258237,0.002453557658604888,-0.008508729098135936,-0.01188241156037051,0.003328296655229046,0.002448819610357811,-0.012391993782344013,-0.0015071590052750938,0.010447384425292583,-0.005549010870166793,0.0006226165460347932,-0.008127530966882568,-0.009262908947575865,-0.006534732696773515,-0.006582278481012671,0.0027272542317708925,-0.01253918495297801,-0.0023980815347721673,-0.004497682699986849,0.005578673652324451,-0.010357236899850797,-0.015403573629081957,-0.00773615193132382,-0.0012970168612191912
2026-09-04,0.01497120921305184,0.007712376683767896,-0.004755278900786752,-0.00026545944896316787,-0.006939397861546626,-0.015516318887105363,-0.007133133333961261,0.004182532712987186,-0.0027421137971698206,0.0047355958958168465,0.007954425150339839,-0.012677918643540509,-0.008872651356993777,-0.001392480604734403,0.01096282173498575,0.005810409996973798,0.004835316207398188,0.006349206349206327,-0.0016025641025640969,0.0015060010816734248,-0.005626396080686269,0.01179600886917953,-0.0006883451726767964,0.0038697511441920796,-0.0034632034632035014
2026-09-07,-0.009455370650529482,-0.0022468412312764974,0.00302139472713181,-0.03761061946902655,-0.01475694444444442,0.007608695652173925,-0.010038334235756063,-0.002271889775271152,0.008803991191943972,-0.0054988216810683,-0.005653695869221154,0.005199306759098743,-0.002106371774618254,-0.004980079681274896,-0.00047147571900052476,-0.006790323425703404,-0.0015037593984962294,-0.003154574132492094,-0.014446227929374,0.0016917752144032239,-0.0104459881985981,-0.02042426367461425,-0.020602432156724526,-0.020408112070792517,-0.00590794859089927
2026-09-08,-0.011149274979715518,-0.010555946516537684,-0.01968474647000873,-0.005057471264367841,-0.006387665198237857,-0.005393743257820938,0.00208765835070035,0.0,-0.013228282656601698,-0.016666647382257094,-0.00675196887539653,-0.009326018808777481,-0.0048020979345316794,-0.00160160160160161,-0.005566060767983494,0.010204081632652962,-0.003614494599491702,0.0,-0.001791491182308591,-0.002627180240049487,-0.007717144004609322,-0.014854586129753877,-0.0031969309462915874,-0.007523165675919707,0.005943059883161572
2026-09-09,-0.01227895908122889,-0.02261738892469778,-0.007360332034035633,-0.043438077634011085,-0.02105963201064065,-0.01588939741221529,-0.007440476190476164,-0.01024672564338236,-0.0059552468053097884,-0.0051409946891717295,-0.012522361359570633,-0.0018194763072542086,-0.011135266837129731,0.0036093843994384756,-0.014040344465035881,-0.017676767676767624,0.011185043360240066,-0.0031645569620253333,-0.011257993374464315,0.00037631647607017094,0.002981907661407268,-0.00990099009900991,-0.03271327774214239,-0.026239067055393583,-0.005212858384013863
2026-09-10,-0.003909304143862369,0.009751146041473424,-0.00331147913525609,0.0014492753623187582,-0.0017662601194520233,0.013390670348799372,0.009195414499781451,-0.005751534011538162,0.008259802563893581,0.006055712555510739,0.006159390804272302,-0.002219052147725442,-0.0020912780111566054,0.003196803196803266,0.004041134392912538,-0.0013881497027634637,0.001494768310911887,-0.008317444816468234,-0.008250825082508295,0.02219294249023651,0.0036561260169747367,0.007247706422018441,0.011803745907244645,-0.004191598492468196,-0.0017467248908297206
2026-09-11,-0.01295133437990581,0.02082734572105993,-0.003755833276904985,0.0011576952936565021,-0.0014972318324535383,-0.004295826217543541,-0.01386550443769774,0.002121165971616046,-0.006144133711283195,0.0,0.005881676338564734,-0.015091342335186608,-0.011284255776464303,-0.0022903804023103325,-0.008624820316243453,-0.007877283861139839,-0.004776137622434673,-0.005378080723965506,0.001996692524178556,-0.009751587475563483,-0.010247827010722355,0.0019127425084251026,0.009961954833825892,0.006614496840293027,0.019685039370078705
2026-09-14,0.0,0.0,0.0,0.0,0.0,0.0,0.0,0.0,0.0,0.0,0.0,0.0,0.0,0.0,0.0,0.0,0.0,0.0,0.0,0.0,0.0,0.0,0.0,0.0,0.0
2026-09-15,-0.017654036717196786,0.011719008532253827,-0.0209526741035182,0.03787226624010476,0.02280986462109791,-0.0003822572121716661,-0.02781963630354134,-0.00711951533600752,-0.020352609202884953,-0.018539306248746,-0.021957069706518673,-0.013629032258064555,-0.0027173913043477826,-0.030641780616827985,-0.024456247262415465,0.005760236422385878,-0.011697642375168349,-0.024943675571290624,0.008302889237207456,-0.023411438750110758,-0.028190071252527815,-0.02754545454545454,0.022647647251176295,0.015531697719913806,-0.01758901758901754
2026-09-16,0.003804704109203083,0.006908118472345182,0.006220397113593901,-0.01578458681522743,-0.027632141791148368,0.0025130985164896202,0.024173578940147156,0.02383718564528836,-0.011166800983004155,0.014800862887062172,0.012689146808023688,-0.005314365137764732,0.010081743869209792,0.0108113673805601,-0.0029726515692753974,0.012331677785010431,-0.007587253414264028,0.013368542663805938,-0.008563919799886688,0.0,0.005743319688567228,0.0002804524633075456,-0.011358604059110822,-0.018294121237362182,-0.004366812227074246
2026-09-17,0.0031451809790825624,-0.011781011781011763,-0.008242620576770499,-0.0013207777491155426,0.0005482232936340203,0.0005449591280652921,-0.0027234336701039696,0.007760811500719722,0.007484833459954876,-0.0008058017727639033,0.0036144578313253017,0.014137760973204072,0.007445399961222066,-0.013751655291840637,0.008745763949720597,-0.010091768006179946,0.007951089001576817,0.002117263843648187,0.04485049833887045,0.003614962903954355,0.015476247965073853,0.005981308411215025,0.0019255455712452463,-0.0029360985976158993,0.030701754385964897
2026-09-18,-0.014068654760452604,0.02524544179523147,-0.006455885522031357,-0.0068013898903500625,-0.038812785388127824,0.031209176921636717,0.00758571852675316,-0.0146507296589804,0.01272093463564583,0.013709677419354804,-0.009603841536614643,-0.019046847138920353,-0.016065977194627767,-0.008779177855814946,0.024926156480911343,-0.005251751327519427,-0.01805222116762506,-0.007963594994311762,-0.03402229636575915,0.024834076940165817,-0.001100224601416011,0.02322556670382747,-0.01531071391035399,0.0025841823938876907,0.008510638297872353
2026-09-21,0.01712328733035795,0.011627906976744207,0.004555960471064324,-0.012269378081146254,0.011258884167161476,-0.03332810227058647,-0.0002007751501509336,0.01791846140206821,0.005096537664897038,-0.005568814638027053,0.00557572798295447,0.004131207138725834,0.017199137182896562,0.015942482025633087,-0.018264020132037317,0.007763975155279601,0.008496833158846195,0.0010812741900803058,-0.007077004551920951,-0.015538223748163937,-0.004487414751718655,0.007808244053023383,0.01392233735863857,-0.013666599258362333,0.011223669897151956
2026-09-22,-0.005611672168507553,-0.0012170715538371013,-0.004014888040195119,-0.008762614911831945,-0.011133533008645946,-0.007103049036623621,-0.009036144578313254,-0.004494427741690066,-0.009834087790461687,-0.005840039062499969,-0.005183206267492468,0.0030445157574261472,-0.012039167267416717,0.010974358974358944,-0.012239302995599277,-0.006779635938302553,0.00428919706698383,-0.0035348570207588415,-0.0053041807919436135,-0.0005636749080946135,0.003360222516822331,-0.009009009009009028,-0.004427349640078626,0.008811892563661106,0.010598306479495667
2026-09-23,0.006127035985449503,-0.0018277492967239128,0.00029861482633086744,-0.008645836606744228,-0.007315868096793299,0.008804754804049963,0.007193490968528504,0.01636571220200289,0.016423546866299876,0.0004023497381877572,0.0014540315337219223,0.003281378178835004,0.010073643490034145,-0.009840722329309104,0.03409988480884674,0.008377262779412975,-0.005491116107379401,-0.0031203810149449396,0.0014997907859997106,0.01598044671903054,0.002654686542781226,0.014090909090909154,0.0034802942118010716,-0.006626542792262824,0.00016511244580930118
2026-09-24,-0.023076962202023266,-0.0113258400623093,-0.004104477611940327,-0.005879470847623747,-0.0012443039503904352,-0.020401431016754068,-0.015692562085360406,-0.00795851913773582,-0.018193847623792725,-0.04560807062325578,-0.019963702359346636,-0.019623875715453765,-0.00809650165465814,-0.009733606557377095,-0.058665600111585725,-0.00846153846153841,0.0018405095199864885,-0.017232306038920897,-0.01830282861896837,-0.01406372368197839,-0.02537680196664971,-0.008874943971313276,-0.008991650610147728,-0.007640961512872413,-0.008916716639034927
2026-09-25,0.005577468094211113,0.009191865753140682,-0.005769914703540602,-0.014095601570200844,-0.002395783421178743,-0.005791304227243499,0.004598875830352567,0.003731343283582156,0.004613323988867046,0.030257079152180788,-0.0024691358024691024,0.006255212677231059,0.001243270840293631,0.010657009829280861,0.015173140951183717,0.004861662484645812,0.0,0.017534465311395797,-0.01542368743379241,0.011636659814340033,0.02144023482885915,0.008954413892908741,0.003240440699935121,0.002322200465838753,0.0004998130404323398
2026-09-28,-0.023164783371992237,-0.022498624717579685,-0.01869162489858911,0.002999400083369519,-0.005427497035602746,-0.00784137997566936,-0.021363173957273607,-0.014126348672746314,-0.028326724681715598,-0.0102257851360823,-0.006064386651067566,-0.0047244094488189115,-0.007666532526842351,-0.013206388206388198,-0.011937028912259007,-0.024139185663043294,-0.016840171148854055,-0.01317957166392092,-0.029953561168487464,-0.028385877166917872,-0.009819967266775809,-0.011653966831017493,-0.003746801568556224,-0.014998211497304736,0.016652789342214813
2026-09-29,-0.013026031983931041,0.005076176171375568,-0.0075269192228302195,0.012161096549621497,-0.018496125784007167,-0.00011294639236203441,0.002806665495874494,-0.00037709690389287065,-0.004593193802053475,0.0018182916997133702,0.011082087765684756,-0.010909393737508322,0.014689880304679104,-0.029982363315696703,-0.011370570768559629,-0.016983096609638704,0.00747428791923066,-0.015759583029006707,-0.002839353302462322,-0.0013366663943374935,-0.0020661157024793875,-0.01777777777777778,-0.02055502021497735,-0.029524661701798904,0.025307145302262413
2026-09-30,0.004230118443316444,-0.019371799866511497,0.022829284255309723,-0.020977002477832296,0.008954966061582637,-0.00801713615816213,-0.005390289355480249,-0.00886460222335117,0.00290733831048251,0.011467721057698332,0.027093596059113212,0.007577671129072927,-0.025951755717996017,-0.018823529411764683,-0.01478739326290468,0.008208995791921136,-0.0023183925811437467,0.0007463027123395527,0.009076304261163903,-0.003824091778202643,-0.005134535131987583,0.011727768030288965,0.008937437934458892,0.01090635108802207,-0.015097071687420471
